Customer_Age,Gender,Dependent_count,Education_Level,Marital_Status,Income_Category,Card_Category,Months_on_book,Total_Relationship_Count,Months_Inactive_12_mon,Contacts_Count_12_mon,Credit_Limit,Total_Revolving_Bal,Avg_Open_To_Buy,Total_Amt_Chng_Q4_Q1,Total_Trans_Amt,Total_Trans_Ct,Total_Ct_Chng_Q4_Q1,Avg_Utilization_Ratio,Attrition_Flag
36,0,0,2,1,4,0,24,4,3,2,0.03421338242985456,2230,340.0,0.686,0.07014028056112225,42,0.448,0.8723618090452261,0
44,1,3,3,2,2,3,36,5,2,3,0.7206577240860157,0,25276.0,0.849,0.10031491554537646,38,0.583,0.0,1
46,1,2,3,1,3,0,30,6,3,1,0.30932319961786947,915,10755.0,0.892,0.2145433724592041,89,0.854,0.07839195979899496,0
36,0,2,2,1,4,0,24,3,1,3,0.050961826245476564,1593,1531.0,0.869,0.06424277125679931,41,0.367,0.5125628140703518,0
50,1,1,2,2,0,0,40,4,2,3,1.0000000000000002,1185,33331.0,0.725,0.19146865158889206,72,0.714,0.034170854271356785,0
43,1,3,5,2,3,0,30,3,2,4,0.299225762371628,0,11336.0,0.691,0.07323217864300029,39,0.345,0.0,1
42,0,3,2,1,4,0,33,2,3,1,0.07121716443404469,1544,2250.0,0.72,0.4203836243916404,80,0.538,0.4090452261306532,0
48,0,3,0,0,4,0,36,4,3,3,0.027108898139834393,1845,490.0,0.537,0.0476381334096765,33,0.269,0.7939698492462312,0
29,1,1,2,0,4,0,36,4,3,2,0.07257759759596347,1139,2700.0,0.632,0.8165473804752362,124,0.771,0.29849246231155774,0
55,0,2,2,2,4,3,47,3,3,1,0.36661255165867035,0,13565.0,0.56,0.1817921557400515,69,0.917,0.0,0
53,0,4,1,1,4,0,37,6,2,2,0.06894977583084677,2517,1202.0,0.666,0.11777841397079873,43,0.536,0.6804020100502512,1
48,0,4,2,1,4,0,41,3,3,3,0.03049486512060997,1267,1180.0,0.449,0.0917263097623819,37,0.37,0.5206030150753769,1
56,0,3,2,1,4,0,41,5,4,1,0.0,0,1438.3,0.796,0.18597194388777552,72,1.118,0.0,0
39,1,5,0,1,3,0,29,3,3,4,0.9903862723224409,1804,32394.0,0.934,0.2141425708559977,59,0.639,0.05326633165829145,0
50,0,2,0,1,1,0,36,5,4,1,0.02992046000779982,2005,423.0,0.835,0.2656742055539651,68,0.659,0.8301507537688441,0
45,1,4,2,1,1,1,39,5,1,2,0.6815074808707982,1684,22297.0,0.736,0.20675636988262236,73,0.521,0.07035175879396985,0
47,0,3,2,1,4,0,34,5,1,4,0.5026256360025032,2039,16025.0,0.89,0.22359003721729173,88,0.796,0.11356783919597989,0
43,1,5,5,1,2,0,36,6,2,4,0.03575520668002915,598,2023.0,0.967,0.24746636129401658,85,0.771,0.22914572864321606,0
46,0,3,0,1,4,0,41,4,1,1,0.0015327546957617996,949,540.0,0.65,0.2369882622387632,94,0.741,0.6402010050251256,0
46,0,3,5,1,4,0,29,5,1,1,0.023874090399272026,1449,779.0,0.61,0.2205553965073003,83,0.694,0.6532663316582914,0
65,1,1,3,2,4,0,54,3,1,3,0.09555380210836911,1438,3161.0,0.832,0.2105926137990266,69,0.865,0.314572864321608,0
32,0,1,3,1,4,0,22,3,2,3,0.059698830329799245,2517,896.0,0.984,0.21900944746636128,71,0.919,0.7407035175879396,0
54,0,3,2,1,4,0,36,6,2,4,0.03379013655725762,2260,296.0,0.487,0.04987117091325509,30,0.579,0.8884422110552763,0
37,1,2,3,2,2,0,21,5,2,2,0.06030346729065202,964,2469.0,0.526,0.2241053535642714,87,0.642,0.28241206030150756,0
49,0,5,2,1,1,0,35,5,2,1,0.29254452395420477,1292,9823.0,0.797,0.19616375608359574,74,0.609,0.11658291457286432,0
50,1,1,0,1,3,0,33,5,3,2,0.4752355816758723,1211,15947.0,0.778,0.20744345834526193,91,0.685,0.07135678391959797,0
34,1,3,3,1,2,0,26,4,3,3,0.055224516819488666,2517,748.0,0.952,0.07517892928714572,35,0.944,0.7748743718592964,0
53,1,3,5,1,3,0,36,3,3,1,0.30267219304848886,2129,9321.0,0.956,0.09544803893501287,45,0.957,0.18693467336683414,0
51,0,0,2,1,4,0,32,4,2,3,0.009634889971189053,331,1426.0,0.879,0.10575436587460636,47,0.516,0.18894472361809045,1
49,0,4,5,1,4,0,36,6,3,3,0.0,0,1438.3,0.782,0.09390208989407386,41,0.464,0.0,0
47,1,2,0,1,2,3,35,2,1,1,1.0000000000000002,1349,33167.0,0.674,0.461036358431148,106,0.767,0.03919597989949748,0
41,0,3,2,1,4,0,36,6,6,4,0.043373632386774184,1247,1626.0,0.889,0.19541941024906956,80,0.702,0.43618090452261304,0
46,1,1,5,1,3,0,36,2,3,2,0.4915607796188973,1769,15929.0,0.623,0.43091898081878044,95,0.583,0.10050251256281406,0
46,0,4,2,1,4,0,32,2,1,1,0.13180178791149327,680,5118.0,0.708,0.25748640137417694,82,0.64,0.11758793969849246,0
37,0,1,2,2,4,0,32,6,3,3,0.24858741690020772,0,9661.0,0.926,0.13140566847981677,60,0.818,0.0,0
34,0,4,3,2,4,3,26,2,2,2,0.9256296538151081,1668,30388.0,0.771,0.6908101918121958,106,0.683,0.05226130653266331,0
36,0,1,2,1,4,0,29,4,2,3,0.0016536820879323594,0,1493.0,0.721,0.11371314056684799,63,0.575,0.0,1
35,0,2,2,1,1,0,36,4,3,4,0.06093833609954744,1603,1851.0,1.078,0.05983395362152877,41,0.519,0.4663316582914573,0
48,1,3,0,1,2,0,37,3,3,2,0.3180602037021921,1665,10294.0,0.675,0.03784712281706269,40,0.481,0.13969849246231156,0
38,0,1,3,2,4,0,26,5,2,4,0.06396152090381133,0,3554.0,0.782,0.1054680790151732,44,0.63,0.0,1
44,0,4,5,2,4,0,24,6,3,2,0.0386574640921225,1720,997.0,0.869,0.20990552533638704,71,0.614,0.636180904522613,0
45,1,4,3,0,3,0,39,5,3,4,0.3885306414895836,1432,12858.0,0.815,0.8118522759805324,125,0.689,0.10050251256281406,0
51,1,3,2,1,3,0,39,1,2,1,0.17080087188649756,1750,5338.0,0.618,0.23824792442026907,76,0.727,0.24824120603015074,0
55,0,1,2,1,4,0,36,4,2,2,0.06390105720772607,2517,1035.0,0.865,0.12224448897795591,36,0.333,0.7125628140703517,1
30,1,1,2,1,1,0,18,5,1,3,0.09939324680978426,1380,3346.0,0.622,0.06830804466075008,31,0.55,0.29346733668341707,0
43,1,2,3,1,3,0,30,4,2,1,0.5009326525121154,2517,15491.0,0.775,0.12190094474663614,55,0.833,0.1407035175879397,0
39,1,3,2,2,2,0,36,5,3,4,0.03291341296402108,2204,323.0,0.9,0.23292298883481247,85,0.771,0.8763819095477386,0
37,1,3,5,2,2,0,36,5,2,0,0.6322598004093393,2517,19835.0,3.355,0.04695104494703693,24,1.182,0.11356783919597989,0
44,1,3,3,2,0,3,36,1,2,2,1.0000000000000002,1106,33410.0,0.776,0.42404809619238476,76,0.767,0.0321608040201005,0
53,0,0,3,1,1,0,36,6,2,3,0.04367595086720057,1936,947.0,0.861,0.2126538791869453,53,0.656,0.6753768844221105,0
37,1,0,4,2,3,0,27,5,2,3,0.4198508360617576,0,15326.0,1.159,0.14085313484111078,55,0.964,0.0,0
37,0,4,5,1,4,0,18,5,1,2,0.04509684772520461,2024,906.0,0.903,0.06618952190094475,34,0.7,0.6944723618090451,0
34,0,3,2,1,1,0,25,6,2,2,0.02529498725727606,1468,807.0,0.757,0.2546235327798454,88,0.692,0.6482412060301507,0
55,0,1,2,2,4,0,49,1,4,3,0.03877839148429305,0,2721.0,0.508,0.2813054680790152,73,0.973,0.0,0
55,0,2,2,2,4,0,43,1,3,1,0.009272107794677388,1168,577.0,0.701,0.2308617234468938,67,0.634,0.6723618090452261,0
36,0,1,0,2,1,0,25,6,3,3,0.013595262064774766,0,1888.0,0.928,0.07764099627827083,66,0.65,0.0,0
50,1,3,2,2,2,0,45,4,2,3,0.6177485133488725,1118,20754.0,0.658,0.07306040652734039,31,0.409,0.05125628140703517,0
49,0,1,2,1,4,0,36,6,2,1,0.1123022459239911,1378,3775.0,0.744,0.21437160034354422,81,0.723,0.26834170854271355,0
39,0,2,2,2,4,0,28,6,2,2,0.0016536820879323594,792,701.0,0.688,0.20618379616375607,80,0.702,0.5326633165829145,0
39,1,2,0,1,2,0,35,4,3,2,0.18053552695622732,2517,4893.0,1.924,0.10695677068422559,37,1.176,0.3417085427135678,0
47,1,4,2,0,1,0,35,3,2,1,0.10486521130550192,773,4134.0,0.517,0.26097910105926136,71,0.651,0.1587939698492462,0
53,1,3,2,2,3,0,36,4,3,2,1.0000000000000002,2517,31999.0,0.741,0.05410821643286573,33,0.833,0.07336683417085427,0
44,1,3,2,2,3,0,33,6,3,3,0.08140529722441403,785,3346.0,0.543,0.021528771829373027,22,1.2,0.19095477386934673,0
47,0,2,4,0,1,0,33,6,2,3,0.12654144635207407,1216,4408.0,0.691,0.18969367306040652,66,1.0,0.21708542713567838,0
53,1,1,2,2,3,0,43,4,2,3,0.3165486113000602,1018,10891.0,1.006,0.08061837961637561,53,0.656,0.08542713567839195,0
46,1,5,1,0,0,0,31,1,2,2,1.0000000000000002,1802,32714.0,0.871,0.42404809619238476,101,0.485,0.05226130653266331,0
50,0,2,2,0,1,0,40,6,2,5,0.20765349465047453,2517,5790.0,1.743,0.10094474663612939,36,0.8,0.3045226130653266,0
40,1,3,2,1,3,3,27,3,1,2,1.0000000000000002,0,34516.0,0.834,0.15247638133409674,53,0.559,0.0,0
45,0,3,3,1,4,0,32,2,5,1,0.0456410209899721,968,1980.0,0.946,0.41820784425994845,86,0.509,0.32964824120603015,0
33,0,1,2,1,4,0,20,2,2,2,0.002076927960529301,0,1507.0,0.723,0.2386487260234755,87,0.851,0.0,0
47,1,3,5,2,0,0,36,3,3,4,1.0000000000000002,0,34516.0,0.517,0.08531348411107931,33,0.375,0.0,1
51,0,3,3,2,4,0,39,5,2,1,0.07859373535644862,1237,2801.0,0.61,0.209447466361294,68,0.545,0.307537688442211,0
48,0,3,0,1,4,0,40,2,6,1,0.027169361835919677,0,2337.0,0.586,0.2675636988262239,90,0.765,0.0,0
52,0,2,2,1,4,0,36,3,1,3,0.10616518077133538,1829,3121.0,0.671,0.22897223017463494,73,0.872,0.3708542713567839,0
33,0,2,5,1,1,0,23,4,2,4,0.1600383339833181,0,6732.0,0.856,0.06378471228170626,45,0.731,0.0,0
39,0,2,4,2,4,0,27,4,2,2,0.14410615006484734,2517,3688.0,0.939,0.0385914686515889,19,0.727,0.40804020100502514,0
53,0,3,2,1,4,0,47,5,6,2,0.03992720170991334,2223,536.0,1.32,0.08949327225880332,42,1.0,0.8100502512562814,0
50,1,3,4,0,2,0,36,3,2,3,0.39212823140665765,511,13898.0,0.799,0.10426567420555395,39,0.3,0.035175879396984924,1
53,1,3,3,1,2,0,43,5,3,2,0.11565798105672404,2169,3095.0,0.374,0.03945032922988835,27,0.5,0.4140703517587939,0
32,1,1,3,1,1,0,26,3,2,3,0.0343947735181104,1754,822.0,1.027,0.13455482393358142,69,0.468,0.6844221105527638,0
29,0,2,2,1,4,0,25,6,3,2,0.03911094181276208,1746,986.0,1.028,0.238877755511022,85,0.771,0.6422110552763819,0
40,1,4,5,1,0,0,36,2,2,2,0.48877944959897457,1377,16229.0,0.861,0.43366733466933866,83,0.627,0.07839195979899496,0
33,0,4,0,0,4,0,24,6,2,2,0.25451285911656496,0,9857.0,0.699,0.1670770111651875,103,0.635,0.0,0
44,0,2,2,1,4,0,37,4,5,4,0.05335014224084505,2076,1127.0,0.543,0.051703406813627256,38,1.0,0.6512562814070352,0
45,1,2,5,1,1,0,34,3,2,1,0.13098552801434202,2248,3523.0,1.791,0.04906956770684226,18,0.8,0.39195979899497485,0
36,0,1,5,2,4,0,21,3,2,1,0.015076622618864076,733,1204.0,0.826,0.2300028628685943,73,0.973,0.3798994974874372,0
58,0,3,2,0,4,0,36,2,2,3,0.002107159808571943,0,1508.0,0.458,0.08359576295448039,31,0.192,0.0,1
64,1,0,0,2,4,3,56,5,4,4,0.32398564591854934,0,12155.0,0.446,0.23406813627254505,60,0.875,0.0,0
49,0,2,0,1,4,0,35,3,3,4,0.055768690084256174,1856,1427.0,1.103,0.22719725164614943,64,0.829,0.5678391959798994,0
40,0,4,2,1,4,0,36,3,1,2,0.06855676180629247,1043,2663.0,0.384,0.06630403664471801,38,0.583,0.28241206030150756,0
51,1,3,5,1,3,0,44,3,3,3,0.6829283777288022,0,24028.0,0.496,0.1718293730317778,73,0.738,0.0,0
55,0,1,2,1,4,0,46,6,4,3,0.08445871387672058,0,4232.0,0.878,0.10203263670197539,37,0.609,0.0,1
35,0,3,2,2,4,0,17,6,1,1,0.04588287577431322,1823,1133.0,0.969,0.09241339822502147,58,0.812,0.6201005025125628,0
44,1,4,1,1,3,0,27,1,2,1,0.686132953621322,1290,22844.0,0.814,0.7318064700830231,110,0.642,0.05326633165829145,0
30,1,2,4,2,1,0,16,5,3,5,0.09355850013755493,1977,2556.0,0.664,0.12304609218436872,69,0.605,0.4381909547738693,0
37,1,1,0,2,2,0,26,6,3,2,0.43282029887204976,1410,14345.0,0.839,0.08766103635843114,61,0.649,0.08944723618090451,0
64,1,0,0,1,4,0,55,5,3,4,0.03185529828252872,1424,1068.0,0.485,0.04838247924420269,30,0.364,0.5738693467336683,0
41,0,3,0,2,4,0,36,4,2,4,0.08379361321978254,1597,2613.0,0.733,0.21826510163183507,72,0.674,0.3809045226130653,0
55,1,3,0,2,0,0,36,5,3,3,0.34795950141636206,1839,11109.0,1.113,0.11170913255081592,42,0.68,0.14271356783919595,0
26,1,0,2,2,1,0,13,6,1,2,0.05598031302055464,1616,1674.0,0.466,0.12888634411680502,54,0.35,0.493467336683417,0
41,1,3,3,2,2,0,33,4,1,3,0.23604119996251252,0,9246.0,0.658,0.23366733466933867,91,0.569,0.0,0
60,0,1,1,2,4,0,47,1,1,1,0.07148925106642845,1448,2355.0,0.565,0.23160606928141994,78,0.592,0.38291457286432157,0
50,1,2,2,1,2,0,43,4,3,4,0.051536231358286715,0,3143.0,0.764,0.10117377612367591,37,0.321,0.0,1
45,0,1,2,2,4,0,35,1,1,3,0.10698144066848664,1411,3566.0,0.652,0.20910392212997422,85,0.848,0.2854271356783919,0
57,1,2,2,1,0,0,45,5,3,3,0.11571844475280932,0,5266.0,1.702,0.05645576868021758,29,1.636,0.0,0
50,0,2,2,0,4,0,36,3,2,4,0.042829459122006676,527,2328.0,0.678,0.1783567134268537,69,0.605,0.185929648241206,0
56,0,4,4,1,4,0,49,5,3,3,0.09570496134858231,621,3983.0,0.814,0.23223590037217287,79,0.646,0.135678391959799,0
42,0,4,4,2,4,0,36,6,2,3,0.0,674,764.3,1.769,0.10999141139421702,55,1.292,0.4713567839195979,0
45,0,2,5,2,4,0,38,3,2,1,0.1828331474074679,1758,5728.0,0.613,0.23326653306613224,70,0.707,0.23618090452261303,0
57,1,3,2,2,1,0,48,3,3,0,0.24148293261018758,1574,7852.0,0.791,0.21082164328657313,75,0.531,0.1678391959798995,0
55,1,2,0,2,3,3,45,3,1,4,1.0000000000000002,1433,33083.0,0.728,0.08222158602920127,31,0.55,0.04221105527638191,0
45,0,4,1,1,4,0,36,5,1,2,0.05446872061842269,1775,1465.0,0.754,0.21013455482393356,67,0.675,0.5507537688442211,0
48,1,2,3,1,0,0,36,3,3,3,0.7765866429648979,0,27126.0,0.953,0.02691096478671629,25,0.786,0.0,1
47,0,1,3,2,4,0,36,6,2,3,0.0441596604358828,2418,481.0,0.575,0.21563126252505008,68,0.838,0.8381909547738693,0
55,0,5,2,2,4,0,36,4,2,3,0.0,0,1438.3,0.571,0.0981391354136845,54,0.929,0.0,1
43,0,5,0,2,1,0,32,2,3,1,0.30442564023496194,0,11508.0,1.005,0.26979673632980244,74,0.574,0.0,1
32,0,0,3,1,4,0,26,6,2,3,0.040501606822723475,2312,466.0,0.727,0.06584597766962497,33,1.062,0.836180904522613,0
57,0,1,3,1,4,0,36,5,2,3,0.008939557466208357,980,754.0,0.639,0.2166046378471228,92,0.917,0.5678391959798994,0
55,1,3,2,1,2,0,49,3,1,4,0.1278716476659502,2517,3151.0,0.704,0.1632980246206699,56,0.931,0.44623115577889444,0
45,1,3,2,1,1,0,40,1,4,3,0.19773744849248892,0,7979.0,0.465,0.25914686515888924,63,0.853,0.0,1
40,1,3,5,2,3,0,27,4,2,3,0.06012207620239619,0,3427.0,0.5,0.11995419410249068,63,0.5,0.0,1
50,0,2,3,0,4,0,39,5,2,4,0.25025016854255283,874,8842.0,0.775,0.2563412539364443,91,0.655,0.09045226130653265,0
47,1,3,5,0,2,0,41,2,3,3,0.015258013707119905,0,1943.0,0.494,0.262124248496994,81,0.884,0.0,0
48,0,2,2,1,4,0,31,5,1,1,0.026504261178981615,1565,750.0,0.873,0.24609218436873745,90,0.8,0.6793969849246231,0
52,0,3,1,2,4,0,36,3,2,1,0.7033348751575835,1085,23618.0,0.998,0.24311480103063268,63,0.575,0.04422110552763819,0
54,0,4,3,2,1,0,48,2,4,1,0.0499037115639842,1177,1912.0,1.01,0.26951044947036934,75,0.829,0.38291457286432157,0
45,0,2,3,0,4,0,36,6,4,3,0.47517511797978695,2517,14639.0,0.717,0.03504151159461781,33,0.32,0.14773869346733667,1
65,1,1,2,1,1,0,54,6,2,3,0.23147619090807406,1587,7508.0,1.433,0.04488977955911824,26,1.364,0.17487437185929647,0
48,1,4,2,2,1,0,36,5,2,3,0.18367963915266178,0,7514.0,0.514,0.2438591468651589,69,0.408,0.0,0
52,1,4,0,2,3,3,41,1,1,2,1.0000000000000002,1701,32815.0,0.715,0.4109361580303464,99,0.5,0.04924623115577889,0
61,0,1,2,2,4,0,44,4,3,2,0.026141479002469943,540,1763.0,0.57,0.16661895219009445,46,0.704,0.23517587939698492,0
41,1,2,5,2,0,0,24,2,2,1,1.0000000000000002,1022,33494.0,0.743,0.4392785571142285,88,0.913,0.030150753768844216,0
38,1,1,3,2,2,0,28,2,2,2,0.6187763961823223,0,21906.0,0.696,0.848496993987976,119,0.7,0.0,0
54,0,2,3,1,4,0,44,3,3,1,0.1407504149321144,0,6094.0,1.129,0.02170054394503292,14,0.273,0.0,1
47,0,2,2,1,4,0,36,4,2,2,0.00906048485837891,0,1738.0,1.124,0.11691955339249928,62,0.938,0.0,0
52,1,0,2,2,3,0,43,4,3,3,0.20239315309105532,1942,6191.0,0.572,0.1591754938448325,76,0.583,0.2402010050251256,0
42,1,4,0,2,1,0,36,5,2,3,0.2752519068738153,0,10543.0,0.509,0.07506441454337245,39,0.5,0.0,1
56,1,2,5,2,3,0,49,5,3,2,0.12176481436133713,0,5466.0,0.587,0.22359003721729173,79,0.881,0.0,0
61,1,0,2,1,2,0,48,1,3,1,0.42459723620445194,2148,13335.0,0.738,0.7977669624964214,94,0.774,0.13969849246231156,0
39,0,4,3,1,4,0,36,2,2,1,0.06535218591377273,2072,1528.0,0.94,0.7791010592613798,116,0.966,0.5788944723618089,0
56,0,2,1,2,1,0,38,5,1,4,0.06562427254615649,1026,2583.0,0.67,0.21689092470655594,81,0.588,0.2854271356783919,0
51,0,3,2,0,4,0,39,5,4,3,0.04682006306363503,1764,1223.0,0.686,0.2180933295161752,72,0.6,0.5939698492462311,0
41,1,5,2,2,2,0,28,5,1,4,0.10226527237383495,1426,3395.0,0.898,0.17411966790724304,58,0.933,0.2974874371859296,0
49,0,3,2,2,4,0,38,1,2,4,0.28982365763036727,0,11025.0,0.501,0.07855711422845692,28,0.273,0.0,1
34,1,1,5,2,2,0,23,6,1,1,0.01797888003095742,1832,201.0,0.938,0.20498139135413682,74,0.947,0.9055276381909547,0
44,0,4,4,0,4,0,26,4,1,3,0.025899624218128837,1250,1045.0,0.912,0.18917835671342684,69,0.643,0.5477386934673367,0
48,1,4,0,1,3,0,32,5,2,3,0.7180577851543487,0,25190.0,0.467,0.057429144002290294,41,0.323,0.0,1
61,1,2,2,1,0,0,49,3,0,4,0.3003745725972483,2517,8857.0,1.015,0.03194961351273977,26,1.167,0.22211055276381908,1
47,0,4,2,2,4,0,36,3,3,2,0.03185529828252872,1560,932.0,0.573,0.03412539364443172,23,0.353,0.629145728643216,0
43,0,5,3,1,1,0,24,3,2,2,0.0904446197891631,2203,2227.0,1.046,0.12665330661322644,49,0.4,0.49949748743718586,1
49,0,4,2,0,4,0,37,2,6,1,0.012083669662642814,1155,683.0,0.742,0.4098482679645004,93,0.409,0.6311557788944723,0
49,0,3,2,1,1,0,36,6,1,2,0.04987347971594156,1477,1611.0,0.748,0.2613799026624678,77,0.833,0.4804020100502512,0
36,0,3,2,2,1,0,22,1,3,1,0.017374243070104635,0,2013.0,0.602,0.1085027197251646,50,0.923,0.0,1
35,1,3,2,2,1,3,17,6,3,2,0.4601498895025954,0,16659.0,1.012,0.11571714858288006,74,0.609,0.0,0
48,1,1,2,2,3,0,36,1,3,1,0.039776042469700144,2152,602.0,0.821,0.7707414829659318,125,0.761,0.7849246231155779,0
39,0,2,5,2,4,0,36,4,3,1,0.0,576,862.3,0.849,0.11663326653306612,48,0.6,0.40201005025125625,1
54,0,1,2,2,4,0,34,5,2,2,0.045368934357588354,2152,787.0,0.555,0.11142284569138276,42,0.355,0.7356783919597989,1
53,1,2,1,1,2,0,40,3,3,3,0.2969886056164727,1435,9827.0,0.735,0.0936158030346407,61,0.649,0.12763819095477386,0
60,0,0,3,2,1,0,56,3,5,2,0.023420612678632442,829,1384.0,0.639,0.21070712854279985,84,0.714,0.37688442211055273,0
30,1,0,2,1,4,0,21,6,6,2,0.031794834586443436,0,2490.0,0.859,0.0638419696535929,30,0.667,0.0,0
55,0,1,1,1,4,0,39,1,3,3,0.3486850657693854,1424,11548.0,0.525,0.09779559118236474,36,0.2,0.11055276381909547,1
38,1,2,5,1,4,0,27,6,2,4,0.0,0,1438.3,0.945,0.10775837389063843,58,0.657,0.0,0
44,1,4,2,1,2,0,38,3,1,3,0.03028324218431149,1501,939.0,0.744,0.2205553965073003,88,0.66,0.6180904522613064,0
40,0,3,5,0,4,0,35,2,3,3,0.10078391181974564,2004,2768.0,0.696,0.8140853134841111,118,0.761,0.42211055276381904,0
51,1,1,2,2,3,0,41,6,2,2,0.5233344519117109,1314,17435.0,0.711,0.048726023475522476,33,0.435,0.07035175879396985,0
45,0,3,3,1,4,0,37,4,1,3,0.02012534124198479,1267,837.0,0.677,0.06882336100772975,35,1.059,0.6050251256281406,0
50,1,3,3,2,1,0,31,5,3,3,0.2572941891364877,1597,8352.0,0.659,0.18585742914400227,83,0.596,0.16180904522613065,0
43,0,1,2,1,4,0,36,6,3,3,0.2543314680283091,0,9851.0,1.034,0.03904952762668194,24,0.6,0.0,0
42,0,2,2,1,1,3,36,6,2,1,0.4489943375748616,0,16290.0,0.758,0.21196679072430574,79,0.795,0.0,0
50,0,2,0,1,1,0,37,6,2,1,0.06535218591377273,1904,1696.0,0.72,0.2528485542513599,75,0.531,0.5316582914572864,0
41,0,3,5,2,4,0,29,6,3,3,0.02995069185584246,1966,463.0,1.046,0.24305754365874602,84,0.787,0.8130653266331658,0
53,1,1,2,1,3,0,36,5,2,2,0.29901413943532956,1180,10149.0,0.648,0.03910678499856857,33,0.571,0.10452261306532662,0
45,0,5,5,1,4,0,36,1,2,3,0.03811329082735499,1583,1116.0,0.648,0.20274835385055823,75,0.829,0.5899497487437185,0
46,0,4,3,2,4,0,33,3,2,2,0.07569147794435527,1711,2231.0,0.61,0.2342971657600916,71,0.614,0.43618090452261304,0
45,1,5,0,1,2,0,39,2,3,3,0.06048485837890786,0,3439.0,0.825,0.12201545949040939,35,0.296,0.0,1
50,0,2,5,2,4,0,36,5,3,2,0.00854654344165405,1037,684.0,0.721,0.123160606928142,57,0.727,0.6060301507537688,0
43,0,2,2,1,4,0,35,3,3,2,0.023299685286461876,0,2209.0,0.749,0.22267391926710564,68,0.619,0.0,0
50,1,1,2,1,2,0,34,6,3,4,0.09866768245676091,0,4702.0,0.578,0.06544517606641855,44,0.257,0.0,0
40,1,2,2,2,1,0,36,3,2,3,0.13890627220151341,0,6033.0,0.834,0.2275980532493558,74,0.721,0.0,0
35,0,2,2,2,4,0,25,4,1,4,0.26878229139269055,514,9815.0,0.708,0.11056398511308331,68,0.838,0.05025125628140703,0
41,0,2,5,2,4,0,36,2,2,3,0.04394803749958432,2517,375.0,0.777,0.09888348124821071,48,0.714,0.8743718592964823,1
49,0,3,2,0,4,0,42,2,2,3,0.3819400986162883,1917,12155.0,0.653,0.7387346120813054,107,0.981,0.13668341708542714,0
41,0,3,4,2,4,0,36,1,3,1,0.019006762864407147,1966,101.0,0.91,0.1433152018322359,41,0.708,0.9557788944723616,1
54,0,1,2,2,4,0,41,3,3,3,0.013172016192177817,0,1874.0,0.806,0.11480103063269397,55,0.618,0.0,1
39,1,3,2,1,0,0,36,3,3,2,0.9530801718378243,2231,30733.0,1.731,0.14680790151732034,45,1.647,0.06834170854271357,0
42,1,5,5,1,3,0,37,6,2,2,0.6492198671612597,1528,21385.0,0.414,0.04947036931004867,35,0.522,0.06733668341708543,0
50,1,4,3,1,3,0,43,2,2,5,0.46284052397839026,2413,14335.0,0.769,0.847867162897223,121,0.635,0.14472361809045223,0
43,1,3,0,2,1,0,33,5,2,4,0.2749495883933889,1689,8844.0,0.359,0.17870025765817346,69,0.605,0.16080402010050251,0
53,0,3,2,1,1,0,39,3,2,2,0.10329315520728469,1912,2943.0,0.606,0.8267391926710563,104,0.763,0.3959798994974874,0
48,1,5,2,1,3,0,42,6,3,3,0.3459641994455479,1402,11480.0,0.783,0.22198683080446605,84,0.647,0.10954773869346733,0
39,0,3,5,0,4,0,29,5,1,2,0.748017546564604,0,26181.0,0.913,0.0442599484683653,35,0.75,0.0,0
52,0,3,3,1,4,0,40,3,5,1,0.017071924589678246,1735,268.0,0.855,0.10380761523046093,42,0.355,0.8703517587939698,1
41,1,4,2,1,4,0,30,4,6,1,0.03058556066473788,1967,483.0,0.589,0.041969653592900086,29,0.611,0.807035175879397,0
41,0,4,5,1,4,0,32,4,3,1,0.05292689636824811,0,3189.0,0.91,0.24523332379043802,86,0.755,0.0,0
33,1,2,2,1,2,0,25,6,3,3,0.14522472844242498,491,5751.0,1.054,0.09487546521614658,59,0.405,0.0793969849246231,0
45,0,4,5,2,4,0,40,1,2,2,0.18627957808432874,1574,6026.0,0.605,0.2124248496993988,67,0.396,0.2080402010050251,0
49,1,3,2,1,2,0,36,5,2,3,0.43847365445602327,0,15942.0,0.723,0.06939593472659605,41,0.323,0.0,0
50,0,2,3,2,4,0,41,2,3,2,0.1591918422381242,0,6704.0,0.856,0.6897223017463499,103,0.776,0.0,0
43,1,4,3,1,1,0,32,6,2,2,0.0030443470978937515,989,550.0,0.86,0.0834239908388205,47,0.808,0.6462311557788945,0
46,0,3,2,1,4,0,36,3,2,3,0.09002137391656617,1333,3083.0,0.631,0.2498711709132551,84,0.647,0.30351758793969846,0
54,0,2,3,2,4,0,45,5,3,5,0.1851609997067511,1465,6098.0,0.511,0.20870312052676782,67,0.718,0.19497487437185929,0
50,1,2,2,2,3,0,35,3,3,1,0.03252039893946678,1521,993.0,0.638,0.06332665330661323,36,0.385,0.6080402010050251,0
44,0,4,1,1,4,0,33,5,3,6,0.0,0,1438.3,0.676,0.10226166618952191,48,0.5,0.0,1
51,0,4,2,1,4,0,41,2,3,5,0.0730008434685604,696,3157.0,0.882,0.10953335241912397,38,0.583,0.18190954773869344,1
50,0,3,5,1,4,0,44,2,2,1,0.004767562436324174,1185,411.0,0.687,0.26939593472659606,76,1.0,0.7457286432160803,0
45,0,2,2,1,4,0,36,6,1,3,0.08355175843544141,2201,2001.0,0.714,0.22072716862296018,78,0.66,0.5266331658291457,0
42,0,2,5,2,4,3,33,1,2,3,0.36322658467789476,2517,10936.0,0.619,0.07867162897223018,42,0.448,0.18793969849246228,1
42,0,2,1,2,1,0,29,6,2,3,0.05770352835898506,2240,1107.0,0.898,0.2864586315488119,85,0.735,0.6723618090452261,0
38,0,0,3,2,4,0,22,3,2,5,0.0035582885146186183,0,1556.0,0.69,0.1003721729172631,46,0.586,0.0,1
56,1,2,2,1,0,0,49,4,1,4,0.22564144423584473,1932,6970.0,0.781,0.025135986258230745,29,1.071,0.21809045226130652,0
33,0,3,2,1,4,0,25,4,1,4,0.0481200325294685,2517,513.0,0.785,0.07300314915545376,44,0.467,0.8351758793969848,0
59,1,1,2,2,4,0,36,1,5,2,0.32731114920323967,1412,10853.0,0.643,0.397366160893215,82,0.783,0.11557788944723618,0
53,1,1,5,1,0,0,45,5,1,3,0.23897368922264853,1286,8057.0,0.712,0.048955052963069,31,0.722,0.13869346733668342,0
46,0,3,2,2,4,0,41,3,2,2,0.015076622618864076,916,1021.0,0.807,0.21603206412825648,89,0.78,0.4753768844221105,0
38,1,4,0,1,3,0,27,5,2,4,0.27050550673112095,1909,8477.0,1.43,0.09098196392785571,52,1.08,0.18492462311557786,0
46,0,4,2,1,4,0,38,5,2,3,0.057219818790302836,1307,2024.0,0.617,0.19559118236472944,69,0.683,0.39396984924623113,0
41,1,1,3,2,3,0,36,6,2,3,0.321839184707522,1638,10446.0,0.695,0.22765531062124247,90,0.957,0.13668341708542714,0
43,1,4,2,2,0,0,36,1,3,4,0.9657775480157328,0,33384.0,0.631,0.0879473232178643,46,0.769,0.0,1
36,0,4,5,2,4,3,21,3,1,2,1.0000000000000002,907,33609.0,0.572,0.10123103349556255,55,0.719,0.026130653266331655,0
58,0,3,1,1,4,0,47,1,3,3,0.002379246440955697,920,597.0,0.825,0.25977669624964217,69,0.865,0.6090452261306532,0
60,1,1,2,2,3,0,55,6,2,1,0.30490934980364415,0,11524.0,0.682,0.17566561694818206,72,0.532,0.0,0
50,1,3,2,2,2,0,38,4,1,1,0.2818726815951532,703,10059.0,0.548,0.22782708273690236,71,0.543,0.06532663316582914,0
38,1,3,0,2,2,0,34,6,3,4,0.32081130187407225,1821,10229.0,0.63,0.10598339536215289,40,0.481,0.15175879396984923,1
47,1,4,5,2,2,0,41,6,2,2,0.02922512750281913,1540,865.0,0.469,0.03189235614085313,29,1.231,0.6432160804020101,0
51,0,1,2,1,4,0,42,6,2,2,0.1325273522645166,2387,3435.0,0.76,0.07294589178356714,49,0.75,0.41206030150753764,0
49,0,4,5,1,4,0,31,4,3,2,0.003890838843087642,0,1567.0,0.424,0.09206985399370168,41,0.577,0.0,1
29,0,1,2,1,4,0,36,2,2,0,0.0,0,1438.3,0.734,0.24271399942742625,84,0.826,0.0,0
44,0,4,5,1,4,3,36,6,3,0,0.315641655858781,0,11879.0,0.735,0.16948182078442597,62,0.938,0.0,0
50,0,2,2,1,1,0,40,3,1,4,0.1739147522348894,0,7191.0,0.565,0.06435728600057257,30,0.579,0.0,1
45,1,4,2,2,1,0,35,3,2,2,0.1964072471786128,888,7047.0,0.779,0.8502719725164615,122,0.694,0.11256281407035175,0
48,1,4,4,1,1,0,44,6,2,4,0.15937323332638004,1942,4768.0,0.777,0.06853707414829659,37,0.85,0.2904522613065326,0
44,1,4,2,1,2,0,24,2,2,2,0.10017927485889286,0,4752.0,0.679,0.40005725737188663,76,0.617,0.0,0
45,1,5,2,1,1,3,39,3,1,5,0.41598115951229986,2098,13100.0,0.8,0.15190380761523045,64,0.73,0.13869346733668342,0
58,1,1,3,1,1,0,36,3,2,5,0.021969483972585767,1135,1030.0,0.707,0.05788720297738334,33,0.833,0.5266331658291457,0
53,0,5,2,2,1,0,41,2,1,3,0.2532431214987741,1699,8116.0,0.62,0.42553678786143717,89,0.561,0.1738693467336683,0
49,0,2,1,1,4,0,44,4,3,0,0.05921512076111702,1962,1435.0,0.483,0.15831663326653306,66,0.61,0.5809045226130652,0
59,0,0,3,2,4,0,36,4,3,1,0.27265196794214835,2148,8309.0,0.737,0.23584311480103062,74,0.947,0.20603015075376882,0
50,1,3,3,1,0,0,40,5,1,4,1.0000000000000002,0,34516.0,0.986,0.08016032064128256,36,0.44,0.0,0
37,0,2,2,2,4,0,25,3,2,4,0.007609356152332242,0,1690.0,0.69,0.1210993415402233,60,0.622,0.0,1
62,1,2,2,2,2,0,56,2,3,2,0.5074627316893254,1383,16841.0,0.705,0.41213856283996564,93,0.576,0.07638190954773869,0
56,1,0,3,1,0,0,49,2,2,2,1.0000000000000002,2156,32360.0,0.698,0.47157171485828797,78,0.814,0.06231155778894472,0
47,1,3,5,0,0,3,42,2,4,5,1.0000000000000002,0,34516.0,0.521,0.06361294016604638,35,0.591,0.0,1
48,1,2,3,1,0,0,36,6,5,2,0.8623543958618647,2094,27869.0,0.648,0.03864872602347552,28,0.867,0.07035175879396985,0
47,1,3,1,1,2,0,36,4,1,2,0.034273846125939846,1093,1479.0,0.615,0.2581162324649299,86,0.83,0.42713567839195976,0
34,0,4,3,1,1,0,28,6,1,0,0.030041387399970386,851,1581.0,0.873,0.2421986830804466,69,0.917,0.3517587939698492,0
44,0,2,5,2,4,0,36,5,2,2,0.019913718305686313,1224,873.0,0.819,0.2593186372745491,79,0.681,0.5869346733668341,0
39,0,3,2,1,4,0,36,3,2,3,0.004132693627428755,592,983.0,0.236,0.006527340395075864,15,0.154,0.3778894472361809,1
65,1,1,3,1,1,0,53,3,3,3,0.06251039219776466,1604,1902.0,0.574,0.08147724019467506,61,0.649,0.4603015075376884,0
54,1,2,5,1,2,0,45,2,3,1,0.15441521024738725,1908,4638.0,0.697,0.7771543086172344,112,0.672,0.2924623115577889,0
26,0,0,3,2,4,0,13,6,3,4,0.06284294252623371,1195,2322.0,0.556,0.09876896650443744,48,0.5,0.3417085427135678,0
41,0,4,1,2,4,0,36,4,3,4,0.03775050865084332,1317,1370.0,0.58,0.204179788147724,76,0.727,0.4924623115577889,0
37,1,2,2,2,2,0,23,6,1,2,0.127720488425737,1149,4514.0,0.767,0.1158316633266533,61,0.794,0.20402010050251257,0
60,1,0,2,2,4,3,47,1,1,3,0.3798238692533036,1413,12589.0,0.621,0.7626109361580303,128,0.882,0.10150753768844221,0
32,1,3,3,2,1,0,36,2,2,1,0.07275898868421929,1871,1974.0,0.847,0.8052104208416834,110,0.803,0.48944723618090447,0
42,1,4,2,1,0,0,24,3,2,3,0.050326957436581145,1783,1320.0,0.479,0.24403091898081877,69,0.643,0.5778894472361809,0
51,1,4,2,1,1,3,46,3,5,2,0.4486013235503073,1170,15107.0,0.95,0.17772688233610076,62,0.676,0.07236180904522611,0
36,0,2,2,1,1,0,25,3,1,2,0.1012978532364705,1257,3532.0,1.134,0.05748640137417693,29,0.933,0.2633165829145728,0
40,0,5,2,2,4,0,31,6,3,1,0.09053531533329104,1488,2945.0,0.669,0.18992270254795304,76,0.9,0.33768844221105526,0
54,0,1,0,2,4,0,41,5,2,2,0.06166390045257077,941,2537.0,0.711,0.23343830518179212,83,0.93,0.2723618090452261,0
52,1,2,3,2,3,0,46,2,3,3,0.7345946060336722,1168,24569.0,0.718,0.41179501860864587,94,0.469,0.045226130653266326,0
47,0,2,5,1,4,0,35,2,1,1,0.41468119004646636,1287,13868.0,0.868,0.41190953335241914,79,0.58,0.08542713567839195,0
49,0,4,3,1,4,0,43,4,2,0,0.04195273552877015,2070,756.0,0.541,0.028342399083882048,28,0.647,0.7356783919597989,0
48,1,3,4,2,2,0,39,5,2,2,0.09963510159412536,954,3780.0,0.6,0.05954766676209562,45,0.452,0.20301507537688443,0
28,0,1,4,2,4,0,14,2,3,3,0.0728496842283472,0,3848.0,0.841,0.7743486973947896,105,0.694,0.0,0
44,0,2,2,2,4,1,30,1,3,3,0.42102987813542053,630,14735.0,0.807,0.42141425708559976,91,0.685,0.04120603015075377,0
50,1,1,5,1,2,0,40,6,1,4,0.08022625515075113,996,3096.0,0.644,0.10123103349556255,48,0.655,0.24422110552763815,0
53,0,1,2,1,4,0,36,2,2,3,0.0010188132790369397,1196,276.0,1.24,0.24786716289722302,73,0.973,0.8160804020100503,0
42,0,3,5,1,4,0,30,3,2,1,0.06381036166359813,0,3549.0,0.584,0.19415974806756367,63,0.8,0.0,0
46,0,2,2,1,4,0,40,6,4,2,0.0,510,928.3,0.711,0.16427139994274262,66,0.784,0.3567839195979899,0
36,0,1,5,1,4,0,36,2,3,2,0.0009583495829516633,458,1012.0,0.543,0.10609791010592613,39,0.444,0.31356783919597986,1
48,0,3,3,1,4,0,36,4,1,2,0.06885908028671886,0,3716.0,0.886,0.2463784712281706,73,0.521,0.0,0
52,0,5,2,2,4,0,36,3,1,3,0.052261795711310045,1387,1780.0,0.899,0.23229315774405954,76,0.551,0.4402010050251256,0
41,0,3,1,1,4,0,36,3,1,1,0.015651027731674212,1053,903.0,0.941,0.251588892069854,70,0.795,0.5407035175879397,0
41,0,3,2,1,4,0,34,3,6,2,0.03750865386650221,2214,465.0,1.036,0.23773260807328941,81,0.841,0.8301507537688441,0
50,0,3,3,2,4,3,39,4,3,4,0.2943886666848058,2422,8754.0,1.003,0.12321786430002864,64,0.641,0.21809045226130652,0
54,1,2,2,1,2,0,42,3,3,2,0.08711911650447282,0,4320.0,0.967,0.010077297452046951,21,0.5,0.0,1
41,0,5,2,1,4,0,28,2,3,3,0.00198623241640139,970,534.0,0.864,0.13003149155453764,51,1.217,0.6482412060301507,1
53,1,2,5,2,2,0,38,3,2,2,0.17001484383738896,1255,5807.0,0.672,0.1661608932150014,68,0.744,0.17889447236180903,0
57,1,2,5,2,1,0,52,5,3,4,0.32809717725234827,2289,10002.0,0.685,0.06601774978528485,50,0.471,0.18693467336683414,0
46,1,3,2,1,3,0,41,1,2,2,0.2966258234399611,0,11250.0,0.482,0.22811336959633552,70,0.591,0.0,0
38,1,3,2,1,2,0,32,3,1,2,0.1895748495209764,2227,5482.0,1.295,0.11394217005439451,61,0.848,0.2904522613065326,0
46,1,2,2,0,2,0,39,3,1,1,0.0562523996529384,870,2429.0,0.63,0.2504437446321214,75,0.829,0.26532663316582916,0
41,1,2,4,2,1,0,27,4,1,3,0.09138180707848492,900,3561.0,0.587,0.21036358431148008,77,0.791,0.20301507537688443,0
41,0,2,0,1,1,0,36,6,2,3,0.15610819373777501,0,6602.0,0.743,0.22610936158030345,82,0.822,0.0,0
38,1,1,2,1,3,0,36,3,3,4,0.7664892057186564,1671,25121.0,0.938,0.17503578585742913,66,0.571,0.06231155778894472,0
42,0,3,5,2,4,0,22,4,1,4,0.0,860,578.3,0.761,0.24185513884912682,79,0.837,0.601005025125628,0
57,0,1,0,2,4,0,46,6,1,1,0.08600053812689518,488,3795.0,0.865,0.23813340967649585,65,0.477,0.11457286432160803,0
34,1,2,3,1,3,0,25,6,2,0,2.1162293629854723e-05,0,1439.0,0.89,0.13753220727168622,44,0.913,0.0,1
63,1,1,2,1,4,0,52,6,3,3,0.0,0,1438.3,0.854,0.19370168909247062,78,0.5,0.0,0
52,1,1,2,1,3,0,36,4,2,2,0.4057023311778026,1594,13264.0,0.51,0.21505868880618378,72,0.636,0.10753768844221104,0
48,0,3,2,1,1,0,33,3,2,2,0.03164367534623024,1651,834.0,1.1,0.21878041797881476,86,0.83,0.6673366834170854,0
53,1,3,5,1,0,0,36,2,2,0,0.06964510833582746,1454,2288.0,0.894,0.27460635556827945,62,0.676,0.39095477386934674,0
46,1,2,3,2,1,0,32,1,2,2,0.016981229045550328,1739,261.0,0.821,0.41019181219582024,85,0.7,0.8743718592964823,0
56,0,3,0,2,4,0,46,1,3,3,0.025204291713148134,1350,922.0,0.762,0.10443744632121386,49,0.96,0.5969849246231155,1
46,1,2,1,1,3,0,29,1,2,5,0.49062359232957553,0,17667.0,0.569,0.07128542799885486,42,0.556,0.0,1
51,1,1,2,2,1,1,44,3,3,3,0.6434455841851157,1790,20932.0,0.813,0.875293444030919,121,0.754,0.0793969849246231,0
51,0,3,5,1,4,0,46,5,5,2,0.06341734763904383,0,3536.0,0.542,0.15751503006012021,39,0.393,0.0,1
54,1,1,2,2,3,0,36,2,3,2,0.2913957137285845,573,10504.0,0.973,0.43716003435442313,87,0.776,0.05226130653266331,1
49,1,3,5,2,2,0,32,3,2,2,0.5183461969846755,2517,16067.0,0.703,0.04580589750930432,34,1.125,0.135678391959799,0
37,1,2,3,2,1,0,24,6,2,3,0.31019992321110595,1758,9941.0,0.869,0.0845691382765531,46,1.0,0.1507537688442211,0
45,0,4,3,1,4,0,39,4,3,2,0.7086859122611306,836,24044.0,0.701,0.03882049813913542,25,1.083,0.034170854271356785,0
66,0,0,1,1,4,0,56,5,4,3,0.19480495923235294,605,7277.0,1.052,0.00996278270827369,16,0.143,0.07738693467336683,1
38,1,2,3,1,2,0,33,6,3,4,0.136094710333548,1101,4839.0,0.942,0.076839393071858,34,1.125,0.185929648241206,0
46,0,3,0,1,4,0,36,5,2,2,0.0,1214,224.3,0.783,0.10964786716289722,39,0.444,0.8482412060301506,1
44,1,4,5,1,2,0,36,6,1,3,0.03998766540599861,0,2761.0,0.619,0.18184941311193814,65,0.585,0.0,0
33,0,2,1,1,4,0,21,3,3,3,0.09712585820658634,2499,2152.0,0.766,0.2614944174062411,79,0.795,0.5396984924623115,0
40,0,4,3,1,1,0,27,5,2,2,0.041831808136599584,2182,640.0,0.768,0.2771829373031778,93,0.824,0.7768844221105528,0
47,0,3,2,2,4,0,34,6,3,0,0.10350477814358316,0,4862.0,0.695,0.20824506155167477,86,0.593,0.0,0
43,0,1,2,0,4,0,36,4,2,3,0.036238916248711374,1272,1365.0,0.728,0.059490409390208984,39,1.053,0.48442211055276374,0
33,0,1,2,1,4,0,20,3,2,4,0.07115670073795943,1625,2167.0,0.618,0.07775551102204409,39,0.625,0.4311557788944723,0
48,0,3,2,1,4,0,36,4,2,2,0.14341081755986665,1131,5051.0,0.566,0.1726882336100773,63,0.615,0.18391959798994972,0
40,0,4,2,2,4,0,33,4,4,3,0.015892882516015325,1811,153.0,0.69,0.23870598339536211,81,0.841,0.9266331658291457,0
49,0,4,2,1,4,0,33,3,2,1,0.028862345326307458,1667,726.0,0.974,0.18539937016890923,79,0.681,0.7005025125628139,0
39,0,3,5,2,4,3,35,2,2,3,0.9712495125114503,1627,31938.0,0.66,0.44832522187231605,94,0.843,0.04824120603015075,0
35,0,2,2,1,4,0,22,1,1,1,0.06583589548245494,1155,2461.0,0.727,0.8509018036072145,94,0.593,0.32060301507537686,0
50,1,1,4,1,3,1,36,2,3,2,1.0000000000000002,0,34516.0,1.032,0.2872602347552247,75,0.744,0.0,1
54,0,2,3,2,1,0,42,1,2,2,0.023178757894291323,1313,892.0,0.929,0.2504437446321214,82,0.673,0.5979899497487436,0
49,1,0,5,2,3,0,36,5,3,4,0.444943269937148,2517,13639.0,0.804,0.20784425994846834,81,0.653,0.15678391959798993,0
36,0,3,0,1,4,0,36,2,2,2,0.008123297569057102,0,1707.0,0.319,0.08760377898654452,52,0.529,0.0,1
48,0,5,4,1,1,0,38,3,3,1,0.04497592033303404,716,2210.0,0.949,0.21122244488977954,78,0.592,0.24623115577889446,0
39,1,2,2,0,2,0,34,5,1,4,0.02505313247293494,0,2267.0,0.875,0.22983109075293442,84,0.75,0.0,0
32,1,1,3,1,4,0,14,4,2,2,0.06438476677640828,2175,1393.0,1.368,0.07918694531920985,35,0.667,0.6130653266331657,0
31,1,0,3,1,2,3,24,1,1,3,0.9401107090275321,1722,30813.0,0.856,0.8707701116518751,116,0.657,0.05326633165829145,0
59,1,0,3,2,1,3,52,1,2,1,0.41673695571336583,1729,13494.0,0.863,0.7844259948468365,111,0.79,0.11457286432160803,0
39,0,3,2,1,4,0,26,2,2,1,0.11750212378732502,2488,2837.0,0.926,0.75259089607787,101,0.836,0.4693467336683417,0
53,1,1,2,0,3,0,35,5,4,2,1.0000000000000002,1219,33297.0,1.129,0.06069281419982822,27,2.0,0.035175879396984924,0
47,1,5,1,2,4,0,36,3,1,2,0.2254600531475889,1338,7558.0,0.741,0.21311193816203836,70,0.591,0.1507537688442211,0
31,0,0,5,2,4,0,24,3,2,4,0.0722148154194518,1397,2430.0,0.88,0.11228170626968222,64,1.0,0.36683417085427134,0
55,1,2,2,2,0,0,47,2,3,1,0.4480269184374972,865,15393.0,0.623,0.18499856856570282,58,0.657,0.05326633165829145,0
56,0,5,0,2,4,0,43,4,1,0,0.04004812910208389,2517,246.0,0.938,0.04099627827082737,31,0.824,0.9155778894472362,0
52,1,0,0,1,0,1,47,2,1,1,1.0000000000000002,1464,33052.0,0.689,0.4099627827082737,87,0.673,0.04221105527638191,0
48,0,1,3,1,4,0,36,6,4,4,0.38665626691094,1953,12275.0,0.651,0.08245061551674777,51,0.645,0.13768844221105528,0
38,0,1,1,2,4,0,36,2,2,2,0.0613011182760591,2517,949.0,0.699,0.7220154594904094,94,0.709,0.7296482412060301,0
43,0,2,0,0,4,0,38,4,3,2,0.055194284971446024,2042,1222.0,0.752,0.23441168050386488,75,0.705,0.629145728643216,0
36,1,2,3,1,3,0,30,6,3,3,0.4417386940446283,1480,14570.0,1.326,0.1537360435156026,56,0.806,0.09246231155778893,0
39,1,2,3,2,3,0,36,4,2,2,0.11580914029693723,1475,3794.0,1.148,0.08955052963068995,25,0.667,0.2814070351758794,0
39,0,2,2,1,4,0,34,4,3,4,0.03493894678287789,0,2594.0,0.526,0.05307758373890638,43,0.387,0.0,0
47,0,3,2,2,4,0,36,5,1,2,0.2084092908515405,0,8332.0,0.92,0.262124248496994,78,1.0,0.0,0
46,1,2,3,1,2,0,35,6,3,3,0.37274961681132607,763,13005.0,0.712,0.049241339822502145,44,0.76,0.055276381909547735,0
63,0,1,3,1,4,0,50,6,1,3,0.3424573050726018,0,12766.0,0.668,0.03784712281706269,28,0.647,0.0,0
49,0,3,2,1,4,0,43,2,1,1,0.169259047636323,0,7037.0,0.752,0.40927569424563415,93,0.691,0.0,0
50,1,2,2,2,1,0,40,3,2,3,0.07753562067495626,1851,2152.0,0.703,0.855768680217578,117,0.857,0.464321608040201,0
44,0,3,2,0,4,0,36,6,3,3,0.0008676540388237453,896,571.0,0.692,0.06876610363584311,54,0.5,0.6140703517587939,0
51,1,3,5,1,3,0,45,5,2,2,0.6013023880136769,0,21328.0,0.783,0.18866304036644715,76,0.949,0.0,0
41,1,3,2,1,2,0,32,4,1,3,0.1098232343844947,1043,4028.0,0.667,0.16192384769539075,62,0.722,0.20703517587939696,0
54,1,3,2,1,3,3,36,2,3,1,1.0000000000000002,761,33755.0,0.838,0.453134841110793,68,0.744,0.022110552763819093,1
39,0,2,3,1,4,0,32,5,3,1,0.04981301601985629,2213,873.0,0.695,0.2378471228170627,81,0.8,0.7206030150753768,0
38,1,4,5,1,3,3,36,2,1,2,1.0000000000000002,1132,33384.0,0.84,0.5072430575436587,106,0.797,0.033165829145728645,0
45,0,4,0,1,4,0,40,1,2,1,0.010783700196809333,1058,737.0,0.778,0.2888634411680504,73,0.738,0.5919597989949748,0
59,0,1,2,1,4,0,36,2,3,3,0.03112973392950539,0,2468.0,0.5,0.08514171199541941,37,0.762,0.0,1
55,1,2,5,1,0,0,48,5,2,3,0.8927071712966742,817,30150.0,0.378,0.05399370168909247,35,0.522,0.026130653266331655,0
37,1,2,2,0,1,0,17,6,3,3,0.05253388234369379,0,3176.0,0.652,0.10123103349556255,67,0.457,0.0,0
50,0,0,3,1,4,0,36,3,2,1,0.024297336271868968,888,1354.0,0.661,0.23922129974234183,81,0.558,0.3979899497487437,0
47,0,3,0,1,4,0,35,6,3,2,0.010360454324212391,0,1781.0,0.693,0.09539078156312626,35,0.75,0.0,1
58,0,1,3,1,4,0,46,4,1,3,0.041136475631618895,1532,1267.0,0.583,0.21093615803034638,83,0.537,0.549748743718593,0
41,0,2,2,1,1,0,29,6,2,3,0.09748864038309799,0,4663.0,0.892,0.18900658459776695,81,0.761,0.0,0
43,0,3,2,0,4,0,36,6,1,2,0.03285294926793581,1595,930.0,0.78,0.24786716289722302,82,0.864,0.6351758793969848,0
43,0,3,2,1,4,0,30,6,2,3,0.051536231358286715,2517,626.0,0.959,0.27935871743486973,79,0.881,0.8050251256281407,0
30,0,0,2,1,4,0,36,2,2,2,0.005523358637390154,1046,575.0,0.729,0.2700830231892356,84,0.615,0.6482412060301507,0
44,0,4,3,2,4,0,36,6,2,3,0.006581473318882515,1429,227.0,0.777,0.21345548239335813,77,0.75,0.8673366834170854,0
56,0,2,0,1,4,0,46,5,3,3,0.05081066700526337,1778,1341.0,1.01,0.20830231892356138,63,0.853,0.5728643216080401,0
57,1,2,0,1,1,0,50,2,5,3,0.15187573501180557,0,6462.0,0.856,0.013226452905811623,17,0.214,0.0,1
42,0,4,2,2,4,3,32,6,3,2,0.37126825625723675,1384,12335.0,1.201,0.185742914400229,63,0.658,0.10150753768844221,0
55,1,2,2,2,3,0,48,3,2,3,0.20085132884088075,1138,6944.0,0.723,0.2145433724592041,59,0.788,0.1417085427135678,0
44,1,3,2,2,1,0,33,3,2,2,0.031401820561889136,2123,354.0,0.699,0.21866590323504148,69,0.725,0.8613065326633165,0
38,0,2,4,1,1,0,28,2,1,1,0.0915934300147834,2395,2073.0,0.706,0.23819066704838246,79,0.756,0.5386934673366834,0
49,1,4,4,1,0,3,41,2,3,2,1.0000000000000002,0,34516.0,0.663,0.7355281992556542,129,0.72,0.0,0
30,1,0,2,1,1,0,23,6,2,4,0.07934953155751459,0,4063.0,0.776,0.3969653592900086,70,0.707,0.0,1
39,1,4,4,2,3,0,32,5,3,2,0.76401019417916,1681,25029.0,0.741,0.7737188663040366,117,0.746,0.06331658291457286,0
65,1,1,3,1,1,0,56,6,2,2,0.02441826366403952,1326,920.0,0.543,0.051474377326080734,32,0.455,0.5929648241206029,0
46,0,3,1,2,4,0,34,4,3,4,0.024781045840551193,1600,658.0,0.607,0.21442885771543085,76,0.551,0.7125628140703517,0
55,0,4,1,2,4,0,44,3,1,1,0.014320826417798097,0,1912.0,0.783,0.23681649012310332,98,0.719,0.0,0
35,1,1,2,1,3,0,24,4,2,3,0.5948327725325522,0,21114.0,0.697,0.17200114514743772,56,1.0,0.0,0
50,0,1,2,1,4,0,36,3,1,2,0.0817680794009257,1888,2255.0,0.561,0.19524763813340965,74,0.805,0.4582914572864321,0
41,1,2,0,1,3,0,33,2,3,3,0.4003815259222981,2517,12165.0,1.041,0.43876324076724876,72,0.846,0.17185929648241205,1
38,0,3,3,2,1,1,26,2,2,1,0.6815074808707982,0,23981.0,0.741,0.4203836243916404,103,0.635,0.0,0
48,0,2,3,1,4,0,36,6,3,3,0.0,455,983.3,0.626,0.08932150014314343,50,0.562,0.3175879396984924,1
47,0,5,2,1,4,0,42,2,1,2,0.032671558179679976,1584,935.0,0.76,0.4764958488405382,95,0.759,0.6321608040201004,0
50,0,3,2,1,1,0,39,4,3,3,0.01226506075089865,1388,456.0,0.901,0.25914686515888924,81,0.8,0.7567839195979899,0
41,0,1,3,2,1,0,36,4,3,3,0.03714587168999054,0,2667.0,0.494,0.221528771829373,54,0.862,0.0,1
48,0,5,3,1,4,0,38,1,3,3,0.19912811350245033,0,8025.0,0.654,0.008187804179788146,18,0.8,0.0,1
30,0,0,2,0,4,0,13,5,1,2,0.19147945594766264,1890,5882.0,0.754,0.11766389922702548,75,0.829,0.24422110552763815,0
50,1,1,3,1,3,0,39,3,3,2,0.1192858028218407,1396,3988.0,0.756,0.21803607214428855,75,0.829,0.26030150753768844,0
46,0,3,2,1,4,0,41,5,3,2,0.09890953724110202,0,4710.0,0.717,0.12367592327512168,43,0.955,0.0,1
43,1,4,3,1,1,0,35,1,1,1,0.06057555392303577,2517,925.0,0.62,0.41631835098768966,74,0.644,0.7346733668341707,0
57,0,2,3,1,4,0,46,5,1,1,0.11323943321331292,1856,3328.0,0.553,0.07466361294016605,55,0.571,0.35979899497487433,0
51,1,2,2,2,1,0,41,1,3,3,0.04908745166683295,2058,1004.0,0.622,0.3870025765817349,75,0.705,0.6753768844221105,0
41,1,3,2,2,2,0,29,5,3,3,0.04041091127859555,1664,1111.0,0.809,0.11153736043515604,52,0.926,0.6030150753768844,0
50,1,0,5,1,2,0,46,4,1,3,0.06656145983547829,659,2981.0,0.938,0.18471228170626966,70,0.842,0.18190954773869344,0
40,0,3,2,2,4,0,34,4,1,4,0.15991740659114753,1192,5536.0,0.687,0.2699112510735757,75,0.471,0.1778894472361809,0
51,0,2,1,1,4,0,41,2,2,3,0.1569546854829689,916,5714.0,0.927,0.017864300028628686,24,0.5,0.13869346733668342,1
44,0,2,5,1,4,0,36,4,2,5,0.0894167369557134,1489,2907.0,1.258,0.19536215287718292,69,0.816,0.3407035175879397,0
33,1,1,2,1,3,0,26,3,2,2,0.25336404889094466,1200,8619.0,0.602,0.09550529630689951,40,0.538,0.12261306532663316,0
42,1,2,1,1,3,0,36,6,1,2,0.09945371050586954,1386,3342.0,0.756,0.20309189808187803,70,0.628,0.2944723618090452,0
49,1,2,3,0,3,0,36,4,2,4,1.0000000000000002,2517,31999.0,0.376,0.07208703120526767,48,0.455,0.07336683417085427,1
40,1,2,2,0,2,0,36,5,2,4,0.2172369904799911,0,8624.0,0.574,0.10867449184082449,53,0.893,0.0,0
34,0,2,3,2,4,0,21,6,1,3,0.10813025089410691,1671,3344.0,0.689,0.15064414543372456,77,0.878,0.3346733668341708,0
50,0,4,2,1,4,3,36,6,1,2,0.928652838619372,1791,30365.0,0.906,0.05891783567134269,39,1.167,0.056281407035175875,0
35,1,2,2,1,2,0,24,5,1,3,0.18183549642206082,0,7453.0,0.712,0.0664758087603779,47,0.516,0.0,0
50,0,2,4,2,4,0,45,2,3,2,0.0027420286174673625,710,819.0,0.657,0.24168336673346694,81,0.884,0.4663316582914573,0
43,0,3,2,0,4,0,30,3,2,1,0.04434105152413862,2079,826.0,0.789,0.2241053535642714,84,0.909,0.7195979899497487,0
50,1,2,2,0,3,0,36,4,3,1,0.5797168485112326,0,20614.0,0.926,0.07970226166618952,48,0.6,0.0,0
46,1,3,5,1,4,0,38,4,3,1,0.19710257968359352,1559,6399.0,0.726,0.25376467220154597,72,0.714,0.19698492462311556,0
53,0,3,5,2,4,0,48,5,3,1,0.10489544315354454,1429,3479.0,0.745,0.17205840251932433,65,0.667,0.2924623115577889,0
45,0,4,2,1,4,0,36,6,1,4,0.01852305329572492,0,2051.0,0.989,0.21900944746636128,87,0.977,0.0,0
55,1,3,2,2,0,3,36,4,3,4,1.0000000000000002,0,34516.0,1.007,0.5382765531062125,70,0.75,0.0,1
40,1,4,2,1,2,3,36,6,1,3,0.7859585158581159,642,26794.0,0.705,0.20160320641282564,81,0.761,0.023115577889447233,0
38,1,1,3,1,3,0,23,4,3,2,0.6261227352566835,987,21162.0,1.633,0.10758660177497852,36,0.8,0.045226130653266326,0
53,0,2,2,1,4,0,49,4,2,4,0.0024699419850836082,0,1520.0,0.566,0.21334096764958488,73,0.622,0.0,0
46,0,3,3,1,4,0,41,2,3,4,0.05667564552553534,0,3313.0,0.561,0.0918980818780418,44,0.419,0.0,1
56,0,1,3,2,4,0,36,3,1,1,0.05997091696218299,2517,905.0,0.914,0.25147437732608074,84,0.68,0.7396984924623115,0
42,0,4,2,1,1,0,23,1,2,3,0.03654123472913776,1245,1402.0,0.712,0.2508445462353278,82,0.864,0.47236180904522607,0
63,0,0,5,1,1,0,55,6,2,2,0.0064303140786693205,1433,218.0,0.985,0.201545949040939,58,0.611,0.8723618090452261,0
48,1,4,1,1,2,3,38,3,2,2,0.9438292263367768,1482,31176.0,0.941,0.08548525622673919,37,0.542,0.045226130653266326,0
52,1,1,2,0,3,0,42,4,4,2,0.13074367323000088,0,5763.0,0.615,0.10191812195820212,48,0.714,0.0,1
45,1,2,0,2,1,0,31,2,2,1,0.153931500678705,1425,5105.0,0.716,0.479473232178643,101,0.656,0.21909547738693466,0
39,0,4,2,2,4,0,28,5,2,4,0.0,0,1438.3,0.777,0.10661322645290582,44,0.375,0.0,1
46,0,3,2,1,4,0,39,3,3,4,0.0,0,1438.3,0.646,0.20503864872602345,62,0.55,0.0,0
56,0,1,5,1,1,0,40,4,2,5,0.11874162955707321,1271,4095.0,0.558,0.06973947895791584,38,0.9,0.2381909547738693,0
38,0,1,0,2,4,0,33,6,2,3,0.05081066700526337,2517,602.0,0.722,0.11233896364156885,50,0.515,0.8110552763819096,1
46,1,3,0,2,0,0,30,5,1,2,0.7842050686716429,1893,25485.0,0.432,0.19490409390208988,78,0.592,0.06934673366834171,0
38,1,1,2,2,2,0,34,5,3,4,0.6636706905256412,1977,21414.0,0.558,0.2047523618665903,85,0.809,0.08542713567839195,0
50,1,2,3,1,3,3,45,3,1,3,1.0000000000000002,1260,33256.0,0.588,0.05576868021757801,34,0.789,0.0371859296482412,0
45,1,3,3,1,3,0,34,1,2,3,0.7557871315115622,1655,24783.0,0.92,0.4293730317778414,81,0.723,0.06331658291457286,0
50,0,5,2,1,4,0,43,5,1,2,0.05960813478567132,2281,1129.0,0.518,0.04385914686515889,31,0.348,0.6723618090452261,0
51,0,3,2,2,4,2,42,3,1,4,1.0000000000000002,1913,32603.0,0.851,0.9265387918694532,123,0.708,0.055276381909547735,0
54,0,2,2,1,1,0,44,3,4,2,0.005069880916750563,0,1606.0,0.763,0.09894073862009735,37,0.609,0.0,1
50,0,2,2,1,4,0,37,2,1,2,0.0,491,947.3,0.73,0.26178070426567424,83,0.694,0.342713567839196,0
33,0,1,2,2,1,0,20,2,2,3,0.10413964695247857,0,4883.0,0.724,0.2337818494131119,82,1.0,0.0,0
42,0,3,2,1,4,0,37,4,2,1,0.0390504781166768,1303,1427.0,1.308,0.24162610936158027,76,0.9,0.47939698492462307,0
36,0,4,2,0,4,0,16,6,3,3,0.21388125534725813,0,8513.0,0.631,0.2079587746922416,70,1.0,0.0,0
54,1,1,2,1,2,0,36,3,3,2,0.04561078914192946,2216,731.0,0.76,0.06951044947036931,53,0.606,0.7557788944723618,0
40,1,3,5,2,1,3,33,4,1,3,0.6006977510528241,564,20744.0,0.448,0.045347838534211274,38,0.652,0.026130653266331655,0
36,1,3,0,1,1,0,31,6,2,4,0.023632235614930906,1337,883.0,0.768,0.06613226452905811,44,0.375,0.6050251256281406,0
48,1,3,2,1,1,0,33,3,1,2,0.14465032332961483,2126,4097.0,0.681,0.22834239908388201,79,0.795,0.3437185929648241,0
46,1,1,3,2,2,0,38,5,2,4,0.6819609585914378,2517,21479.0,0.488,0.046321213856284,29,0.381,0.10552763819095476,0
47,0,4,3,1,4,0,39,6,4,0,0.002983883401808475,0,1537.0,0.712,0.212081305468079,75,0.786,0.0,0
53,0,3,2,0,4,0,42,3,2,4,0.0027420286174673625,563,966.0,0.785,0.21127970226166617,83,0.844,0.3698492462311557,0
42,0,2,3,2,4,0,23,2,2,3,0.05241295495152324,1160,2012.0,0.588,0.20801603206412825,83,0.804,0.36783919597989945,0
33,1,1,2,1,2,0,22,3,1,3,0.04295038651417723,2517,342.0,1.254,0.09831090752934439,36,0.636,0.8844221105527638,0
49,1,4,4,2,0,3,38,3,3,1,1.0000000000000002,1562,32954.0,0.618,0.7833953621528772,100,0.667,0.045226130653266326,0
39,1,4,2,1,2,1,36,4,3,2,1.0000000000000002,2517,31999.0,0.841,0.44191239622101347,66,0.65,0.07336683417085427,1
50,1,2,2,1,2,0,39,4,1,4,0.15326640002176695,2276,4232.0,1.008,0.2132264529058116,77,0.711,0.3517587939698492,0
47,0,3,2,1,4,0,36,3,3,1,0.12551356351862436,0,5590.0,0.01,0.05594045233323791,32,0.0,0.0,1
50,1,2,5,2,2,0,44,1,2,1,0.056826804765748536,2349,969.0,0.883,0.25050100200400804,80,0.739,0.7115577889447235,0
51,0,3,3,1,4,0,40,6,3,3,0.1844656672017704,773,6767.0,0.688,0.24191239622101343,58,0.706,0.10351758793969848,0
55,1,3,5,2,3,0,46,4,2,3,0.36761020264407746,852,12746.0,0.785,0.20137417692527912,76,0.81,0.06331658291457286,0
49,0,3,3,1,4,0,36,4,2,2,0.00981628105944489,0,1763.0,0.896,0.1307185800171772,43,0.536,0.0,1
55,0,2,2,1,1,0,36,5,3,3,0.0367226258173936,0,2653.0,0.969,0.2589178356713427,81,0.761,0.0,0
39,0,2,3,1,4,0,27,6,1,3,0.2390946166148191,1988,7359.0,1.173,0.0956770684225594,46,1.091,0.21407035175879394,0
52,1,4,3,1,2,0,44,6,3,4,0.08207039788135212,0,4153.0,0.434,0.07105639851130834,41,0.367,0.0,0
48,0,2,2,2,4,0,37,4,2,3,0.3117417474612806,487,11263.0,0.772,0.11462925851703408,48,0.548,0.04120603015075377,1
47,1,3,3,1,1,3,36,3,2,2,0.4443990966723805,1249,14889.0,1.01,0.038247924420269114,33,0.833,0.07738693467336683,0
52,1,4,5,1,3,0,36,5,2,2,0.18247036523095622,2444,5030.0,0.619,0.26166618952190096,79,0.717,0.328643216080402,0
41,0,2,2,1,1,0,36,6,1,3,0.29629327311149206,1375,9864.0,0.94,0.19742341826510162,89,0.78,0.12261306532663316,0
37,0,1,0,2,4,0,20,3,2,5,0.24269220653189313,0,9466.0,0.818,0.11296879473232178,70,0.489,0.0,0
34,1,3,5,1,2,0,25,6,1,1,0.027411216620260782,1643,702.0,0.678,0.23498425422273114,69,0.643,0.7045226130653265,0
45,0,3,5,2,4,0,39,5,4,1,0.033638977317044426,2253,298.0,0.688,0.18454050959060977,63,0.909,0.8874371859296482,0
50,0,4,2,1,1,0,41,1,2,2,0.08554706040625559,1509,2759.0,0.562,0.7913541368451188,112,0.867,0.3557788944723618,0
60,0,2,2,1,4,0,36,1,2,2,0.05443848877038005,2356,883.0,0.621,0.23423990838820494,91,0.75,0.7306532663316582,0
62,1,0,5,2,1,0,52,6,1,2,0.2305692354667949,641,8424.0,0.788,0.23836243916404234,83,0.627,0.07135678391959797,0
47,0,4,2,2,4,0,39,3,3,4,0.0033164337302775057,0,1548.0,0.664,0.22273117663899225,71,0.775,0.0,0
37,1,3,3,2,3,0,31,4,2,4,0.128808834955272,1006,4693.0,0.734,0.13197824219868307,57,0.9,0.1778894472361809,0
43,1,3,2,1,0,0,34,4,3,2,0.708323130084619,794,24074.0,0.649,0.11336959633552819,32,0.231,0.0321608040201005,1
49,1,1,2,2,0,0,36,6,2,4,0.7644032082037143,0,26723.0,0.716,0.09206985399370168,43,0.593,0.0,1
39,0,2,2,2,1,0,36,5,1,1,0.29856066171469,0,11314.0,0.674,0.18499856856570282,70,0.628,0.0,0
52,1,4,2,1,3,0,32,4,3,3,0.0,702,736.3,0.805,0.07300314915545376,53,0.606,0.49045226130653263,0
41,0,3,2,2,4,0,36,4,6,2,0.08146576092049931,1067,3066.0,0.632,0.8914972802748353,119,0.608,0.25929648241206027,0
55,0,3,2,1,4,0,45,1,3,1,0.04162018520030112,1848,967.0,0.563,0.11955339249928428,29,0.45,0.6592964824120603,1
47,0,3,3,1,4,0,36,6,2,3,0.15375010959044919,1993,4531.0,0.815,0.2139707987403378,66,0.886,0.30653266331658285,0
47,1,4,2,1,3,0,42,1,4,1,0.19695142044338032,0,7953.0,1.031,0.4660750071571715,74,0.574,0.0,1
45,1,4,0,0,3,0,37,6,5,1,0.0029234197057231986,0,1535.0,0.77,0.2655596908101918,76,0.81,0.0,0
48,1,3,4,0,2,0,36,3,3,4,0.036571466577180405,0,2648.0,0.715,0.19181219582021183,74,0.721,0.0,0
45,1,4,2,1,2,0,34,6,2,3,0.03908070996471944,1868,863.0,0.533,0.1938162038362439,66,0.65,0.6874371859296482,0
54,1,1,2,1,1,0,44,5,1,1,0.0,0,1438.3,0.576,0.060406527340395075,37,0.609,0.0,0
53,1,1,2,1,3,0,48,4,1,3,0.04945023384334462,2390,684.0,0.421,0.04849699398797595,38,0.583,0.7809045226130653,0
35,0,0,2,1,4,0,36,1,2,2,0.047787482200999466,1462,1557.0,0.718,0.22782708273690236,71,0.732,0.48643216080402,0
42,0,2,0,1,1,0,28,6,2,1,0.011539496397875312,0,1820.0,0.658,0.2325794446034927,67,0.811,0.0,0
29,0,0,5,2,4,0,23,5,3,4,0.19828162175725642,0,7997.0,0.935,0.09607787002576583,56,0.806,0.0,0
39,0,2,2,1,1,0,28,1,2,3,0.08841908597030629,0,4363.0,0.714,0.11829373031777841,48,0.846,0.0,1
57,0,3,5,2,4,0,51,3,0,3,0.0,0,1438.3,0.429,0.09063841969653592,38,0.267,0.0,1
50,1,3,5,2,3,0,38,6,2,0,0.2530919622585609,1838,7972.0,0.661,0.09831090752934439,41,0.64,0.18793969849246228,0
46,0,2,0,0,4,0,31,6,1,2,0.012506915535239763,1428,424.0,0.795,0.22651016318350983,61,0.848,0.7748743718592964,0
55,0,1,2,1,4,0,50,5,3,4,0.064324303080323,1401,2165.0,0.903,0.1085027197251646,54,0.8,0.3949748743718593,0
52,0,2,2,1,4,0,36,5,3,1,0.13503659565205564,2248,3657.0,0.728,0.20108789006584596,80,0.86,0.38291457286432157,0
62,0,1,2,2,4,0,55,6,1,1,0.11626261801757681,2517,2767.0,0.674,0.22874320068708845,63,0.537,0.4783919597989949,0
50,1,3,5,1,2,0,45,2,2,5,0.5942885992677847,0,21096.0,0.637,0.0774119667907243,39,0.345,0.0,1
54,1,4,2,1,0,0,50,4,2,0,0.04334340053873154,2035,837.0,0.613,0.0709991411394217,47,0.741,0.7125628140703517,0
52,1,0,2,1,2,0,46,3,2,4,0.03941326029318847,2184,558.0,0.592,0.18889206985399368,72,0.532,0.7999999999999999,0
50,1,1,2,2,3,0,44,3,3,2,0.058398860863965764,1133,2237.0,0.722,0.24025193243630114,86,0.686,0.33768844221105526,0
43,0,2,2,2,4,0,36,1,2,2,0.05404547474582575,2145,1081.0,0.644,0.2597194388777555,75,0.786,0.6683417085427136,0
43,1,4,2,1,4,0,35,3,3,2,0.08279596223437544,2094,2083.0,0.466,0.1730890352132837,66,0.65,0.5035175879396985,0
55,1,2,5,2,2,0,48,6,3,2,0.18830511190318555,1193,6474.0,1.101,0.1938162038362439,76,0.617,0.15678391959798993,0
42,0,3,0,1,4,0,13,3,2,3,0.1402667053634322,1478,4600.0,0.849,0.4530203263670198,95,0.508,0.24422110552763815,0
43,0,3,1,1,4,0,29,4,2,3,0.05283620082412018,2517,669.0,0.59,0.20996278270827368,84,0.909,0.7939698492462312,0
47,1,3,2,1,3,0,41,6,1,4,0.3192090139278124,1424,10573.0,0.749,0.20584025193243627,80,0.86,0.11959798994974873,0
50,1,2,2,1,0,0,36,6,2,2,0.4426758813339501,492,15589.0,0.204,0.31892356140853134,61,0.564,0.03115577889447236,1
53,0,2,2,2,4,0,36,3,3,4,0.03436454167006776,411,2164.0,0.833,0.10838820498139136,43,0.593,0.16080402010050251,1
32,0,4,2,1,4,0,22,6,3,3,0.0,1056,382.3,0.986,0.24935585456627538,78,1.053,0.7376884422110552,0
38,0,2,5,1,4,0,28,3,3,3,0.16962182981283466,0,7049.0,0.988,0.05410821643286573,27,1.7,0.0,0
59,1,0,5,2,2,0,48,5,1,3,0.10483497945745926,1302,3604.0,0.862,0.2463784712281706,80,0.905,0.2663316582914573,0
49,0,3,0,2,4,0,43,4,4,0,0.6528174570783337,1960,21072.0,0.619,0.04345834526195248,22,1.0,0.08542713567839195,0
60,1,0,3,1,1,0,36,5,1,3,0.05570822638817089,837,2444.0,1.859,0.05118809046664759,29,1.417,0.2562814070351759,0
45,0,2,0,1,4,0,29,2,2,3,0.0,0,1438.3,0.729,0.25737188663040367,85,0.735,0.0,0
40,1,3,2,0,2,0,24,2,3,3,0.575242535000922,1138,19328.0,0.868,0.8354423131978242,97,0.54,0.056281407035175875,0
47,0,4,2,1,4,0,42,4,1,3,0.45077801660937733,1925,14424.0,0.833,0.8976238190667049,114,0.81,0.11859296482412059,0
49,0,3,2,1,4,0,44,5,2,1,0.02369269931101619,694,1528.0,0.903,0.21998282278843398,65,0.711,0.31356783919597986,0
49,0,3,2,2,1,0,42,4,3,4,0.11157668157096778,1654,3475.0,0.618,0.1524191239622101,61,0.848,0.3236180904522613,0
56,1,0,2,2,2,0,44,1,3,2,0.16294059139541142,1859,4969.0,0.752,0.812081305468079,104,0.677,0.2733668341708543,0
56,0,1,0,2,4,0,48,4,2,2,0.04065276606293667,1763,1020.0,0.344,0.19679358717434867,42,0.4,0.636180904522613,1
59,1,1,1,2,3,0,49,4,2,2,0.6432339612488172,707,22008.0,0.848,0.8287432006870884,117,0.887,0.03115577889447236,0
48,0,4,1,0,4,3,38,2,1,2,0.27727744069267213,0,10610.0,0.664,0.8313770397938735,108,0.742,0.0,0
50,0,2,5,2,4,0,41,2,3,2,0.03968534692557222,2253,498.0,0.497,0.09035213283710278,40,0.481,0.8231155778894471,1
57,0,3,2,2,4,3,36,6,3,2,1.0000000000000002,1698,32818.0,0.823,0.16993987975951902,68,0.619,0.04924623115577889,0
54,1,3,4,1,0,0,42,6,3,4,0.049994407108112114,2165,927.0,0.676,0.04803893501288291,37,0.542,0.7035175879396984,0
58,0,1,2,1,4,0,46,4,2,2,0.023118294198206053,1394,809.0,0.57,0.07202977383338105,45,0.364,0.636180904522613,0
54,0,3,2,2,1,0,41,1,3,2,0.09074693826958949,0,4440.0,0.639,0.18265101631835096,89,0.894,0.0,0
42,0,3,3,1,4,0,34,1,3,1,0.04110624378357625,1049,1749.0,0.89,0.2993415402233038,87,0.706,0.37688442211055273,0
54,1,2,2,2,2,0,36,5,3,1,0.3439386656266911,1017,11798.0,0.532,0.1855711422845691,78,0.66,0.0793969849246231,0
51,0,2,2,2,4,0,44,6,3,2,0.05268504158390699,2517,664.0,0.595,0.016490123103349557,16,0.455,0.7949748743718592,1
54,1,2,2,1,3,0,44,4,1,2,0.3465688364064007,1860,11042.0,0.492,0.04254222731176639,33,0.375,0.14472361809045223,0
42,0,3,2,1,1,0,36,3,1,2,0.06030346729065202,1869,1564.0,0.838,0.2275407958774692,84,0.787,0.5467336683417086,0
58,1,1,3,1,2,0,47,3,1,4,0.0233903808305898,1392,820.0,0.573,0.04906956770684226,34,0.7,0.6321608040201004,0
55,0,2,2,2,4,0,36,3,1,2,0.04267829988179348,2517,333.0,0.625,0.2170054394503292,85,0.735,0.8874371859296482,0
52,0,2,3,0,4,0,40,1,2,3,0.11493241670370069,2517,2723.0,0.78,0.780475236186659,105,0.875,0.48241206030150746,0
54,0,0,4,2,4,3,39,6,2,3,0.31010922766697807,2288,9408.0,0.973,0.10964786716289722,60,0.765,0.19698492462311556,0
52,1,1,2,0,0,0,41,6,1,2,0.0386574640921225,1953,764.0,0.809,0.1971943887775551,70,0.556,0.722613065326633,0
41,1,3,1,2,2,0,34,5,3,2,0.3319970856498487,0,12420.0,0.709,0.22284569138276553,70,0.628,0.0,0
47,0,4,5,2,1,0,33,3,2,1,0.2330784788543339,561,8587.0,0.774,0.16724878328084739,59,0.967,0.06130653266331658,0
40,0,3,2,2,4,0,27,5,3,4,0.15565471601713543,824,5763.0,1.262,0.20784425994846834,70,0.842,0.12562814070351758,0
37,1,2,2,1,3,0,28,3,2,3,0.3260111797374062,0,12222.0,0.861,0.21099341540223301,63,0.537,0.0,0
39,1,1,2,1,3,0,36,2,2,3,0.689307297665799,0,24239.0,0.94,0.4591468651588892,73,0.78,0.0,1
43,1,5,2,1,2,0,28,1,3,1,0.34266892800890025,1637,11136.0,0.919,0.8189521900944746,114,0.583,0.128643216080402,0
39,0,3,0,2,4,0,25,6,1,2,0.0750263772874172,2008,1912.0,0.944,0.1516175207557973,53,0.656,0.514572864321608,0
60,1,1,1,1,0,0,50,6,1,2,0.6124579399414107,2144,19553.0,0.654,0.09086744918408245,48,0.655,0.09949748743718592,0
57,1,3,2,1,3,0,46,6,2,3,0.12327640676346907,2517,2999.0,0.473,0.05737188663040367,24,0.5,0.4582914572864321,0
50,1,3,5,2,0,0,36,5,3,4,0.799260528996877,557,27319.0,0.768,0.23612940166046378,88,0.66,0.020100502512562814,0
36,1,2,2,2,3,3,27,5,2,4,1.0000000000000002,1568,32948.0,0.878,0.13415402233037502,73,0.659,0.045226130653266326,0
47,1,2,1,0,3,0,32,1,3,3,0.0,0,1438.3,0.454,0.10638419696535929,42,0.5,0.0,1
44,0,3,3,0,4,0,28,5,2,3,0.013262711736305735,1203,674.0,0.654,0.11743486973947896,57,0.781,0.6442211055276381,1
37,0,2,2,0,4,0,30,3,3,4,0.057129123246174925,2517,811.0,0.553,0.09539078156312626,47,0.621,0.7597989949748744,1
39,0,2,2,1,4,0,29,3,2,2,0.007216342127777935,0,1677.0,0.869,0.10918980818780417,41,0.708,0.0,1
42,0,2,2,1,4,0,33,6,1,1,0.3728100805074113,2517,11253.0,0.788,0.06023475522473519,36,0.385,0.18391959798994972,0
50,0,3,1,2,4,0,36,4,3,3,0.11290688288484388,0,5173.0,0.912,0.4710563985113083,68,0.789,0.0,1
47,0,3,3,1,4,0,39,6,3,4,0.3014629191267833,979,10431.0,1.049,0.12630976238190667,38,0.462,0.08643216080402008,1
64,1,0,2,2,4,0,52,2,3,5,0.06444523047249356,2517,1053.0,0.69,0.15797308903521326,47,0.958,0.708542713567839,1
40,0,3,2,1,4,0,28,2,3,3,0.0029234197057231986,0,1535.0,0.544,0.07964500429430289,41,0.464,0.0,1
37,0,2,2,1,1,0,36,4,2,2,0.023269453438419248,1559,649.0,0.51,0.23796163756083596,81,0.761,0.7095477386934672,0
47,1,2,2,2,3,0,41,6,1,1,0.04349455977894474,1136,1741.0,0.756,0.19902662467792726,68,0.478,0.3969849246231156,0
54,0,2,5,1,4,0,42,1,1,3,0.7101068091191347,1273,23654.0,0.743,0.8057829945605497,113,0.687,0.05125628140703517,0
56,1,2,3,1,0,0,46,4,1,3,0.7736541537047619,1347,25682.0,0.381,0.044202691096478675,27,0.421,0.05025125628140703,0
41,1,3,2,2,3,0,29,2,2,1,0.23939693509524548,1942,7415.0,0.8,0.4260521042084168,84,0.787,0.20904522613065324,0
46,0,4,5,2,4,0,33,3,3,3,0.7107719097760727,1749,23200.0,0.626,0.20395075866017748,77,0.54,0.07035175879396985,0
41,1,3,2,2,3,0,30,3,2,0,0.06111972718780328,955,2505.0,0.644,0.1781849413111938,69,0.769,0.27738693467336684,0
47,1,4,3,1,1,0,40,4,2,3,0.032036689370784556,2258,240.0,0.992,0.07494989979959919,29,0.706,0.9085427135678391,0
40,0,4,0,1,4,0,36,6,1,2,0.0,0,1438.3,0.785,0.15906097910105924,54,1.0,0.0,0
49,1,5,0,1,1,0,45,2,2,3,0.0,0,1438.3,0.734,0.016318350987689665,21,0.615,0.0,1
43,1,3,3,2,1,0,36,6,3,3,0.08083089211160391,768,3344.0,0.413,0.04603492699685084,40,0.429,0.18793969849246228,0
48,0,2,2,1,4,0,40,3,2,4,0.11082088536990178,736,4368.0,0.679,0.19541941024906956,78,0.696,0.14472361809045223,0
48,0,4,2,1,4,0,36,4,3,2,0.029255359350861772,1744,662.0,0.694,0.241511594617807,88,0.692,0.728643216080402,0
47,0,3,2,1,1,0,41,4,1,4,0.15610819373777501,1224,5378.0,0.665,0.15075866017749784,73,0.825,0.185929648241206,0
35,1,3,3,1,3,0,30,5,3,3,0.2959909546310656,1054,10175.0,0.552,0.0783280847409104,36,1.571,0.09447236180904522,0
57,1,2,3,1,2,0,38,3,1,2,0.039231869204932636,1822,914.0,0.593,0.038992270254795305,25,0.923,0.6693467336683416,0
42,0,4,2,2,4,0,34,3,2,3,0.012537147383282397,0,1853.0,0.846,0.22983109075293442,72,0.565,0.0,0
54,1,0,2,2,3,0,42,3,1,1,0.6348295074929635,1389,21048.0,0.917,0.1576295448038935,50,1.273,0.06231155778894472,0
57,0,1,5,0,4,0,47,6,6,1,0.02305783050212077,1420,781.0,0.762,0.21334096764958488,70,0.591,0.6482412060301507,0
52,1,2,5,2,0,0,44,6,3,2,0.7478059236283056,1864,24310.0,0.684,0.23023189235614086,65,0.667,0.07135678391959797,0
44,0,4,3,0,4,0,39,5,1,4,0.2357086496340435,1796,7439.0,0.958,0.06922416261093615,42,0.448,0.19497487437185929,0
42,0,2,4,2,4,0,35,6,3,2,0.053954779201697826,0,3223.0,0.593,0.251130833094761,79,0.717,0.0,0
54,0,2,2,2,4,0,36,3,1,2,0.01828119851138381,1597,446.0,0.814,0.1730890352132837,61,0.694,0.785929648241206,0
51,1,1,3,1,0,0,43,2,3,2,0.8686728521027762,1825,28347.0,0.8,0.47804179788147727,101,0.578,0.06030150753768843,0
44,0,3,2,2,4,0,36,3,1,1,0.12714608331292684,2517,3127.0,0.86,0.10936158030346406,44,0.76,0.4482412060301507,1
47,0,3,2,1,1,3,29,1,2,2,0.4242646858759829,865,14607.0,0.756,0.7788147724019467,103,0.746,0.056281407035175875,0
46,0,2,2,1,4,0,38,4,3,0,0.04382711010741377,2245,643.0,0.772,0.03326653306613227,26,0.368,0.7809045226130653,0
40,0,3,3,2,4,0,36,3,3,2,0.1495176508644797,2034,4350.0,0.493,0.22233037503578582,83,0.886,0.32060301507537686,0
41,1,2,2,1,4,0,29,3,2,2,0.037629581258672766,1738,945.0,0.745,0.09985685657028341,52,0.733,0.6512562814070352,0
47,0,4,5,2,4,0,42,3,4,3,0.1458595972513204,2517,3746.0,0.857,0.11926710563985114,50,0.724,0.4040201005025125,1
46,0,4,5,0,4,0,34,2,3,1,0.20169782058607463,1549,6561.0,0.808,0.4296020612653879,94,0.649,0.19195979899497487,0
59,0,0,2,1,4,0,36,6,1,4,0.030525096968652597,1969,479.0,0.713,0.2597194388777555,84,0.75,0.808040201005025,0
51,1,0,5,0,0,0,41,4,1,0,0.6789982374832592,0,23898.0,0.486,0.18614371600343543,66,0.61,0.0,0
53,0,2,2,1,1,0,42,3,5,1,0.04793864144121266,1649,1375.0,0.587,0.22519324363011736,89,0.679,0.5477386934673367,0
57,0,3,3,1,4,0,36,3,3,1,0.07741469328278569,721,3278.0,0.847,0.8538791869453192,102,0.672,0.1809045226130653,0
38,0,3,2,1,4,0,36,4,2,4,0.02895304087043537,2217,179.0,0.978,0.2326367019753793,74,0.721,0.9296482412060301,0
51,0,1,2,2,4,0,42,4,3,3,0.05434779322625214,0,3236.0,0.797,0.1959347265960492,80,0.739,0.0,0
58,1,1,3,1,2,0,46,3,2,4,0.08312851256284448,1147,3041.0,1.042,0.04271399942742628,25,1.083,0.27537688442211056,0
40,1,3,3,1,2,0,28,2,3,1,0.30345822109759746,2365,9111.0,0.65,0.4340108789006585,113,0.766,0.20703517587939696,0
51,0,2,2,2,4,0,39,3,4,2,0.03454593275832359,1722,859.0,0.765,0.22336100772974518,79,0.717,0.6703517587939698,0
43,1,3,2,2,2,2,35,4,3,3,1.0000000000000002,1774,32742.0,0.667,0.7693100486687661,115,0.667,0.05125628140703517,0
54,1,2,2,2,0,0,36,5,1,2,0.5570731943272961,0,19865.0,0.59,0.21872316060692812,83,0.766,0.0,0
39,0,3,3,2,4,0,36,3,3,3,0.028046085429156202,1927,439.0,0.631,0.1791583166332665,66,0.833,0.8180904522613064,0
55,0,2,2,0,4,0,49,5,1,4,0.07590310088065375,2024,1925.0,0.667,0.16976810764385913,64,0.882,0.5155778894472361,0
45,0,4,2,1,4,0,35,6,3,0,0.041196939327704164,2043,758.0,0.583,0.04070999141139421,46,0.643,0.7326633165829145,0
39,0,2,2,2,1,0,34,5,2,4,0.1336156987940516,0,5858.0,0.853,0.16175207557973087,77,0.604,0.0,0
44,1,2,2,1,3,3,35,4,1,3,1.0000000000000002,1726,32790.0,0.867,0.06865158889206985,52,0.677,0.05025125628140703,0
45,1,2,5,1,2,0,36,5,3,2,0.023662467462973548,1343,878.0,0.869,0.046263956484397364,30,1.308,0.6080402010050251,0
46,1,2,3,1,2,1,38,5,3,6,1.0000000000000002,2517,31999.0,0.956,0.5029487546521615,89,0.978,0.07336683417085427,1
41,1,3,2,1,2,0,31,5,2,2,0.020669514506752286,1189,933.0,0.398,0.22038362439164041,45,1.143,0.5628140703517588,0
49,0,2,5,2,4,0,40,2,3,1,0.031008806537334822,1601,863.0,0.649,0.24099627827082734,86,0.792,0.6532663316582914,0
45,0,5,2,0,4,0,26,3,5,2,0.0,1226,212.3,0.638,0.19232751216719152,60,0.818,0.8562814070351757,0
60,1,0,5,1,4,0,49,4,2,4,0.019823022761558402,1560,534.0,0.537,0.08239335814486115,41,0.367,0.7487437185929647,0
41,0,2,2,2,4,0,30,3,2,2,0.04805956883338323,2270,758.0,0.804,0.2403091898081878,78,0.66,0.7537688442211055,0
39,1,2,4,1,3,0,29,1,1,3,0.2575965076169141,1501,8458.0,0.822,0.4566275407958775,86,0.536,0.15175879396984923,0
47,0,3,2,2,4,0,36,5,1,3,0.018462589599639645,1460,589.0,0.599,0.1708559977097051,79,0.646,0.7165829145728643,0
40,1,3,2,2,1,0,30,6,3,3,0.03460639645440886,2235,348.0,0.508,0.2273117663899227,83,0.509,0.8693467336683416,0
54,1,3,2,1,3,0,49,2,3,3,0.29251429210616214,2482,8632.0,1.08,0.25845977669624964,81,0.688,0.22412060301507536,0
40,0,5,2,1,4,3,24,2,1,2,0.9675007633541631,686,32755.0,0.761,0.45359290008588604,83,0.509,0.021105527638190954,0
37,1,3,3,2,3,0,24,5,3,2,0.15574541156126334,0,6590.0,0.714,0.10987689665044374,67,0.634,0.0,0
43,1,3,2,1,3,0,36,6,2,3,0.07581240533652583,1275,2671.0,0.647,0.8183223590037217,96,0.811,0.3246231155778894,0
39,1,1,5,1,4,0,36,3,3,3,0.08491219159736016,0,4247.0,0.405,0.01815058688806184,17,0.133,0.0,1
50,0,2,0,0,4,0,36,3,3,0,0.001593218391847083,0,1491.0,0.876,0.030231892356140853,34,0.889,0.0,0
52,0,4,5,2,4,0,36,5,1,4,0.04527823881346043,2181,755.0,0.478,0.23590037217291723,78,0.625,0.7467336683417085,0
48,0,4,3,1,1,0,43,4,2,2,0.0,0,1438.3,0.722,0.11394217005439451,45,0.452,0.0,1
47,1,3,4,0,2,0,37,6,3,0,0.12977625409263646,1577,4154.0,0.657,0.05863154881190953,26,0.444,0.27638190954773867,0
43,0,4,3,1,4,0,36,5,2,4,0.030857647297121628,1127,1332.0,0.765,0.2183223590037217,83,0.886,0.4603015075376884,0
42,0,3,3,2,4,0,37,1,3,1,0.07100554149774624,824,2963.0,0.809,0.8983681649012311,120,0.69,0.21909547738693466,0
35,1,3,5,1,3,0,25,3,1,2,0.31709278456482765,675,11252.0,0.574,0.08336673346693386,36,0.636,0.057286432160804014,0
39,0,1,2,2,4,0,34,3,1,1,0.0437061827152432,2517,367.0,0.693,0.24500429430289147,87,0.74,0.8773869346733667,0
55,0,2,0,2,4,3,36,2,3,3,1.0000000000000002,0,34516.0,0.399,0.04712281706269682,40,0.212,0.0,1
56,1,1,0,1,3,0,45,5,1,3,0.08182854309701099,1468,2677.0,0.579,0.040538219295734326,36,0.5,0.3557788944723618,0
60,1,1,2,2,1,0,54,6,3,3,0.012385988143069203,1408,440.0,0.779,0.2420269109647867,75,0.923,0.7658291457286431,0
50,1,2,2,1,2,0,44,5,3,1,0.023178757894291323,1659,546.0,0.891,0.24523332379043802,77,0.674,0.7557788944723618,0
44,1,1,2,1,0,0,36,6,2,2,1.0000000000000002,1533,32983.0,0.924,0.06143716003435443,29,0.526,0.04422110552763819,0
44,0,2,2,1,4,0,39,6,3,3,0.1278111839698649,2386,3280.0,0.564,0.08308044660750072,42,1.0,0.4231155778894472,1
57,1,2,3,2,3,0,36,6,3,0,0.19915834535049295,2202,5824.0,0.586,0.20280561122244486,72,0.6,0.27537688442211056,0
51,0,2,2,2,4,3,41,5,3,3,0.9088509781514434,1810,29691.0,0.71,0.19255654165473804,81,0.62,0.057286432160804014,0
40,1,3,2,2,1,0,27,2,2,3,0.18869812592773985,1589,6091.0,0.688,0.7493272258803321,105,0.721,0.2080402010050251,0
50,0,2,5,1,1,0,36,1,3,1,0.0,458,980.3,0.613,0.07632407672487833,42,0.312,0.3195979899497487,1
53,0,4,2,2,4,0,44,1,1,3,0.09972579713825327,1649,3088.0,0.748,0.4163756083595763,88,0.492,0.34974874371859294,0
46,0,2,4,2,4,0,37,1,3,3,0.10308153227098621,2517,2331.0,0.651,0.10438018894932723,53,0.828,0.521608040201005,1
53,0,1,3,1,4,0,48,6,3,2,0.026776347811365363,1576,748.0,0.728,0.042484969939879755,37,1.312,0.6814070351758794,0
45,0,3,2,1,1,0,36,3,3,1,0.023511308222760353,1992,224.0,0.789,0.2045805897509304,77,0.711,0.9035175879396984,0
42,1,3,3,1,1,0,30,3,3,4,0.08751213052902712,739,3594.0,0.69,0.8802175780131691,100,0.754,0.17185929648241205,0
52,1,2,3,2,2,1,39,4,1,1,1.0000000000000002,1882,32634.0,0.743,0.8135127397652447,116,0.758,0.055276381909547735,0
63,1,0,5,2,2,0,36,2,3,1,0.19828162175725642,1096,6901.0,0.716,0.4132264529058116,104,0.651,0.13768844221105528,0
53,1,4,0,1,2,0,44,5,3,1,0.16892649730785395,1728,5298.0,0.669,0.1949613512739765,66,1.0,0.2472361809045226,0
54,0,1,5,1,4,0,40,5,2,4,0.022362497997140067,1144,1034.0,1.585,0.0683653020326367,47,1.043,0.5276381909547738,0
50,0,4,1,1,4,3,36,3,2,1,1.0000000000000002,2096,32420.0,0.666,0.3728600057257372,73,0.553,0.06130653266331658,0
48,1,2,0,2,4,0,36,3,2,3,0.034243614277897204,1955,616.0,0.531,0.040309189808187804,24,0.714,0.7638190954773869,0
52,1,5,5,1,3,0,44,2,3,4,0.2575965076169141,199,9760.0,1.003,0.457314629258517,60,0.5,0.020100502512562814,1
55,0,3,3,1,4,0,48,6,2,2,0.044099196739797515,1601,1296.0,0.878,0.04620669911251074,25,0.471,0.5557788944723618,0
52,0,2,0,1,4,0,45,5,1,2,0.03926210105297528,1719,1018.0,0.657,0.24019467506441453,63,0.615,0.6311557788944723,0
42,1,3,2,0,1,0,33,4,2,4,0.052594346039779076,1800,1378.0,0.89,0.2333237904380189,86,0.623,0.5688442211055276,0
58,1,1,5,2,3,0,40,1,3,0,0.6247623020947648,1783,20321.0,0.805,0.7615230460921844,112,0.806,0.0814070351758794,0
50,0,1,3,2,4,0,36,4,2,5,0.0005653355583973563,0,1457.0,0.493,0.0521614657887203,39,0.393,0.0,1
50,1,3,2,1,0,0,42,4,5,3,1.0000000000000002,2099,32417.0,0.449,0.07019753793300887,35,0.25,0.06130653266331658,0
38,1,2,0,1,3,0,30,2,3,2,0.06943348539952901,1421,2314.0,0.57,0.07483538505582593,47,0.741,0.38190954773869346,0
42,0,1,0,2,4,3,31,6,2,3,0.8867514972322743,2228,28542.0,0.712,0.8856570283423991,121,0.704,0.07236180904522611,0
50,0,3,2,1,4,0,39,1,1,3,0.05588961747642673,2517,770.0,0.586,0.2071571714858288,83,0.66,0.7698492462311557,0
45,0,3,3,2,4,0,36,6,1,2,0.050568812220922264,1994,1117.0,0.753,0.2260521042084168,56,0.697,0.6442211055276381,0
26,0,0,5,1,4,3,13,1,2,3,1.0000000000000002,2403,32113.0,0.623,0.20864586315488118,59,0.735,0.07035175879396985,0
47,0,4,2,2,4,0,37,4,3,2,0.0,780,658.3,0.66,0.22284569138276553,59,0.844,0.5447236180904522,0
36,0,3,3,1,4,0,36,6,1,2,0.07381710336571165,1542,2338.0,1.015,0.061150873174921266,39,0.5,0.39899497487437185,0
56,1,3,3,1,2,0,37,3,3,3,0.3964211538287124,2517,12034.0,0.92,0.04826796450042943,35,0.591,0.1738693467336683,0
50,0,1,2,2,1,0,36,2,1,3,0.042164358465068615,1622,1211.0,0.951,0.7907815631262525,101,0.712,0.5758793969849245,0
52,1,2,3,1,2,0,40,3,4,2,0.6557197144904271,1958,21170.0,0.604,0.08703120526767821,35,0.667,0.08542713567839195,1
48,1,3,0,1,0,0,36,2,3,2,0.9474268162538508,0,32777.0,0.665,0.2284569138276553,75,0.923,0.0,0
54,0,2,2,1,4,0,43,4,3,3,0.1459502927954483,1819,4447.0,0.744,0.053020326367019754,27,1.077,0.29145728643216073,0
54,0,2,2,1,4,0,44,2,3,3,0.07082415040949039,1692,2089.0,0.791,0.10191812195820212,43,0.72,0.450251256281407,1
57,0,1,2,1,4,0,46,4,3,2,0.066500996139393,0,3638.0,0.837,0.912625250501002,115,0.667,0.0,0
54,0,3,2,1,4,0,36,6,1,2,0.10550008011439732,1805,3123.0,0.641,0.24259948468365303,90,0.698,0.36783919597989945,0
46,1,0,5,2,2,3,36,6,3,2,0.8786191301088044,2030,28471.0,0.56,0.11422845691382764,45,0.5,0.06733668341708543,0
43,1,3,3,1,2,0,36,5,3,3,0.5856725225756325,1425,19386.0,0.382,0.054566275407958775,38,0.52,0.06834170854271357,0
37,1,3,2,1,2,0,30,6,2,4,0.4415270711083298,0,16043.0,1.509,0.1184655024334383,47,1.136,0.0,0
46,1,2,2,1,1,0,39,4,3,1,0.005190808308921123,0,1610.0,0.689,0.2535356427139994,87,0.776,0.0,0
46,0,3,3,1,1,0,36,3,2,3,0.059698830329799245,2372,1041.0,0.7,0.2576009161179502,86,0.792,0.6984924623115577,0
45,0,2,2,1,4,0,28,6,2,3,0.05132460842198824,2253,883.0,0.722,0.23727454909819637,67,0.763,0.7216080402010049,0
41,1,3,5,1,3,0,24,4,3,3,0.08104251504790239,1656,2463.0,0.561,0.05296306899513313,35,0.667,0.4040201005025125,0
62,1,1,5,2,2,0,49,4,1,2,0.34390843377864844,1010,11804.0,0.869,0.17383338104780988,76,0.551,0.0793969849246231,0
50,0,2,3,1,1,0,45,6,3,3,0.0,0,1438.3,0.707,0.23704551961064987,82,0.864,0.0,0
50,1,2,2,1,3,0,36,6,1,2,0.2512175876799173,1354,8394.0,0.893,0.1599198396793587,66,0.833,0.13969849246231156,0
42,1,3,2,1,4,3,31,1,1,1,0.3988094698240809,0,14630.0,0.752,0.4401374176925279,99,0.65,0.0,0
50,1,1,2,1,2,0,37,2,2,2,0.5825586422272407,1357,19351.0,0.852,0.4565130260521042,88,0.571,0.06633165829145729,0
51,1,2,1,2,0,0,36,4,2,5,0.7387061373674711,582,25291.0,0.769,0.19410249069567706,84,0.647,0.022110552763819093,0
47,1,1,0,1,3,0,39,2,3,1,0.12762979288160908,2210,3450.0,0.583,0.4200973375322073,100,0.695,0.39195979899497485,0
57,0,2,3,1,1,0,45,2,1,3,0.0,0,1438.3,1.036,0.04145433724592042,35,0.842,0.0,1
44,1,4,3,1,0,0,33,4,1,4,0.39569558947568906,2070,12457.0,0.525,0.19667907243057542,58,0.568,0.14271356783919595,0
41,1,4,2,1,3,0,36,1,3,6,0.0993630149617416,1253,3472.0,1.008,0.49264242771256794,77,0.974,0.2663316582914573,1
52,0,3,3,1,1,0,47,2,2,3,0.19891649056615185,134,7884.0,0.717,0.10758660177497852,38,0.31,0.017085427135678392,1
37,1,2,2,1,2,0,27,4,2,4,0.14906417314384013,0,6369.0,1.454,0.1228170626968222,47,1.136,0.0,0
29,1,0,2,1,4,0,19,6,2,4,0.04198296737681278,1430,1397.0,0.885,0.06172344689378757,30,1.308,0.5085427135678392,0
44,0,3,4,0,4,0,31,3,2,1,0.2080465086750288,0,8320.0,0.421,0.20601202404809618,82,0.491,0.0,0
51,1,2,0,1,0,0,43,5,2,3,0.11469056191935958,1923,3309.0,0.629,0.2545662754079588,93,0.661,0.3698492462311557,0
45,0,2,4,2,4,0,37,3,3,4,0.03835514561169611,1796,911.0,0.597,0.20309189808187803,70,1.059,0.6663316582914572,0
54,0,1,3,1,4,3,44,2,2,3,0.3073581294950979,1470,10135.0,0.93,0.6906384196965359,117,0.8,0.12763819095477386,0
46,0,3,2,1,4,0,37,5,1,3,0.03119019762559066,1961,509.0,0.802,0.22839965645576868,78,0.733,0.7979899497487437,0
59,0,1,0,1,4,0,49,6,5,4,0.07962161818989835,0,4072.0,0.464,0.08222158602920127,43,1.15,0.0,0
61,0,0,2,1,4,0,36,6,2,3,0.018039343727042696,1883,152.0,0.955,0.24460349269968504,85,0.604,0.9296482412060301,0
39,0,3,3,1,4,0,33,3,3,1,0.016013809908185885,1270,698.0,0.975,0.21007729745204692,84,0.826,0.6482412060301507,0
64,0,1,2,2,4,0,56,4,1,1,0.15976624735093434,968,5755.0,0.832,0.18940738620097336,67,0.811,0.14472361809045223,0
46,0,3,0,1,4,0,40,6,4,2,0.0,0,1438.3,0.714,0.2148869166905239,88,0.833,0.0,0
44,1,1,0,2,2,0,35,3,3,3,0.6915142225729117,1932,22380.0,1.312,0.04643572860005726,24,1.182,0.0793969849246231,0
46,0,2,0,2,4,0,36,3,2,2,0.0,0,1438.3,0.757,0.2562267391926711,79,0.795,0.0,0
50,0,2,4,1,1,0,36,3,2,3,0.12360895709193809,1120,4407.0,0.442,0.10025765817348985,37,0.48,0.20402010050251257,1
64,1,0,2,1,4,0,51,3,3,4,0.04077369345510722,1201,1586.0,0.372,0.06481534497566561,39,0.625,0.4331658291457286,0
60,0,1,1,2,4,3,48,1,2,1,1.0000000000000002,1542,32974.0,0.603,0.395820211852276,98,0.556,0.045226130653266326,0
44,0,3,2,1,4,0,38,4,3,3,0.3033977574015122,1063,10411.0,0.686,0.15528199255654163,74,0.451,0.09346733668341707,0
55,0,3,5,2,4,0,47,2,5,4,0.10286990933468773,859,3982.0,1.003,0.4802748353850558,87,0.977,0.1778894472361809,1
42,1,3,3,1,2,0,38,5,1,2,0.26606142506885305,510,9729.0,0.344,0.03996564557686802,26,0.529,0.05025125628140703,0
32,1,0,2,2,4,0,26,6,3,3,0.16638702207227227,0,6942.0,0.544,0.12178643000286286,71,0.69,0.0,0
46,0,1,2,1,1,0,26,6,3,0,0.04518754326933252,1569,1364.0,0.648,0.2534211279702262,92,0.673,0.5376884422110553,0
49,0,3,2,2,4,0,43,6,3,4,0.007155878431692658,0,1675.0,0.76,0.1197824219868308,53,0.71,0.0,1
44,0,3,0,2,4,0,28,6,2,2,0.015499868491461018,0,1951.0,0.772,0.12407672487832809,45,0.731,0.0,1
50,0,3,2,1,1,0,41,2,3,1,0.1002699704030208,0,4755.0,0.776,0.8857142857142857,109,0.73,0.0,0
47,1,3,3,2,2,0,30,5,3,3,0.5044093150370189,1775,16348.0,0.593,0.21351273976524476,80,0.86,0.09849246231155778,0
58,0,3,2,1,4,0,48,6,2,3,0.041166707479661536,1834,966.0,0.615,0.059604924133982246,36,0.636,0.6582914572864321,0
56,1,3,3,1,3,0,45,5,2,2,0.09349803644146965,0,4531.0,0.491,0.05124534783853421,27,1.077,0.0,0
51,0,1,2,1,4,0,44,6,2,0,0.1427457169029286,2258,3902.0,0.717,0.19788147724019467,80,0.6,0.3688442211055276,0
50,0,2,3,2,4,0,46,5,3,2,0.21977646571557277,996,7712.0,0.527,0.19450329229888347,60,0.935,0.11457286432160803,0
58,0,1,2,2,1,0,46,3,3,3,0.016860301653379775,1850,146.0,0.952,0.16553106212424848,55,0.719,0.9316582914572864,0
47,1,2,2,0,2,0,29,5,2,3,0.10120715769234259,1553,3233.0,0.61,0.2581734898368165,76,0.81,0.3256281407035176,0
41,0,2,2,2,4,0,32,6,3,2,0.024539191056210087,2117,133.0,1.162,0.06223876324076724,31,2.875,0.9457286432160803,0
51,1,3,2,2,2,0,43,4,2,3,0.15752909059577905,1781,4868.0,0.546,0.06178070426567421,28,0.474,0.2693467336683417,0
46,0,4,3,2,4,0,34,5,5,2,0.05694773215791909,2517,805.0,0.789,0.19370168909247062,86,0.911,0.7618090452261306,0
29,1,0,0,0,4,0,15,6,3,2,0.05044788482875171,1720,1387.0,0.661,0.11050672774119667,71,0.69,0.5567839195979899,0
39,1,1,0,0,3,0,28,1,3,4,0.3333272869637248,0,12464.0,0.864,0.038076152304609215,35,0.522,0.0,1
48,1,5,3,1,3,3,40,6,2,2,1.0000000000000002,1417,33099.0,0.692,0.9189235614085314,109,0.879,0.04120603015075377,0
36,1,2,3,2,0,0,36,4,1,2,0.31298125323102877,1168,10623.0,0.662,0.8219295734325794,101,0.629,0.09949748743718592,0
55,1,1,2,1,3,0,36,3,2,4,1.0000000000000002,2102,32414.0,0.912,0.061952476381334096,33,0.737,0.06130653266331658,0
35,0,3,5,2,4,0,36,4,2,3,0.035845902224157074,1458,1166.0,0.809,0.2265674205553965,61,0.743,0.5587939698492462,0
58,0,1,0,1,4,0,49,3,3,2,0.07278922053226192,1285,2561.0,0.608,0.07357572287432007,47,0.621,0.335678391959799,0
54,0,1,1,1,4,0,43,4,6,4,0.11574867660085195,0,5267.0,0.631,0.20990552533638704,81,0.588,0.0,0
47,1,3,2,2,0,1,38,2,4,3,1.0000000000000002,1342,33174.0,0.69,0.3866590323504151,89,0.648,0.03919597989949748,0
44,0,3,3,1,4,0,38,4,6,4,0.758145215658888,1434,25082.0,0.472,0.176295448038935,76,0.551,0.054271356783919596,0
34,0,2,2,2,4,0,21,6,3,4,0.14186899330969205,1270,4861.0,0.913,0.13140566847981677,93,0.824,0.2080402010050251,0
39,1,2,0,1,2,0,26,1,2,2,0.07378687151766902,0,3879.0,0.928,0.41545949040939023,81,0.929,0.0,1
56,1,2,3,1,2,0,36,4,3,1,0.03853653669995193,1990,723.0,0.7,0.2002290294875465,67,0.634,0.7376884422110552,0
57,1,3,2,1,2,0,49,5,0,3,0.21956484277927427,215,8486.0,0.527,0.08411107930146006,41,0.414,0.025125628140703515,1
40,1,4,2,1,2,0,35,5,4,1,0.2580499853375537,2185,7789.0,0.852,0.23761809332951614,87,0.673,0.2201005025125628,0
47,0,1,3,1,4,0,43,4,2,2,0.011781351182216425,1517,311.0,0.661,0.22971657600916115,82,0.577,0.8341708542713566,0
59,1,1,0,2,2,0,53,2,3,3,0.4093603847909619,0,14979.0,0.71,0.0,10,1.0,0.0,1
46,1,5,1,2,2,0,39,4,3,3,0.3030954389210858,0,11464.0,1.02,0.17921557400515314,55,1.037,0.0,0
48,0,3,1,2,4,0,39,3,3,4,0.00621869114237085,500,1144.0,0.784,0.10993415402233038,45,0.406,0.30552763819095474,1
47,0,2,1,2,4,0,37,4,3,2,0.022060179516713678,1485,683.0,0.546,0.18883481248210704,86,0.72,0.6884422110552764,0
46,0,3,2,1,4,0,40,3,4,3,0.35240358307863,1836,11259.0,0.432,0.05851703406813627,32,0.185,0.1407035175879397,1
48,0,3,3,1,4,0,37,4,2,1,0.02795538988502829,978,1385.0,0.662,0.120526767821357,40,0.538,0.4160804020100502,1
47,0,2,2,1,4,0,42,1,3,3,0.0,0,1438.3,0.677,0.23441168050386488,73,0.587,0.0,0
46,0,3,2,0,4,0,36,1,3,2,0.06278247883014842,0,3515.0,0.876,0.8330375035785857,116,0.841,0.0,0
52,0,3,2,2,1,0,45,1,1,2,0.40403957953545744,985,13818.0,0.831,0.795648439736616,87,0.642,0.06733668341708543,0
52,1,1,2,2,1,0,36,3,3,4,0.10241643161404815,0,4826.0,0.954,0.4612081305468079,62,1.0,0.0,1
37,0,2,5,2,4,0,30,6,3,3,0.024781045840551193,1338,920.0,0.86,0.11342685370741483,55,0.774,0.5959798994974873,0
49,0,4,2,1,1,0,35,3,3,2,0.03605752516045554,1699,932.0,0.668,0.23824792442026907,92,0.704,0.6492462311557788,0
65,1,1,5,2,4,0,55,3,2,4,0.2274855869664457,0,8963.0,0.744,0.22794159748067563,76,0.689,0.0,0
52,1,2,3,1,3,0,47,1,1,1,0.2998908630285661,1425,9933.0,0.611,0.7899799599198397,92,0.673,0.12562814070351758,0
36,0,3,4,2,4,0,23,6,2,1,0.029376286743032325,1705,705.0,0.798,0.11308330947609506,69,0.568,0.7105527638190954,0
39,0,2,2,1,1,0,29,3,5,2,0.10631634001154858,1157,3798.0,0.896,0.07409103922129974,38,0.727,0.23517587939698492,0
50,0,3,2,1,4,0,36,2,3,2,0.04718284524014669,1817,1182.0,0.678,0.26275407958774694,83,0.766,0.6090452261306532,0
59,1,0,3,1,2,0,48,3,1,3,0.07345432118919998,1384,2484.0,0.631,0.23967935871743487,79,0.549,0.35979899497487433,0
43,0,3,2,2,4,0,38,5,2,4,0.07971231373402626,1986,2089.0,1.214,0.10987689665044374,27,0.038,0.48944723618090447,1
51,1,2,0,2,0,0,36,2,2,2,0.06163366860452813,752,2725.0,0.703,0.7498997995991984,120,0.739,0.21708542713567838,0
29,0,1,3,2,4,0,23,3,1,2,0.056826804765748536,927,2391.0,0.934,0.14205553965073,83,0.804,0.2804020100502513,0
40,0,1,3,1,4,0,31,3,3,4,0.4393201462012171,1212,14758.0,0.542,0.0417978814772402,32,0.524,0.07638190954773869,0
49,0,5,2,0,4,0,35,6,3,4,0.033941295797470815,0,2561.0,1.021,0.08685943315201833,41,0.864,0.0,0
31,1,0,5,0,1,0,21,6,2,2,0.03575520668002915,1461,1160.0,0.775,0.1252791296879473,71,0.775,0.5597989949748744,0
45,0,2,2,1,4,0,37,6,1,2,0.39397237413725866,1157,13313.0,0.966,0.03876324076724878,21,0.909,0.08040201005025126,0
51,1,4,5,0,3,0,38,5,3,2,1.0000000000000002,0,34516.0,0.506,0.15574005153163467,63,0.658,0.0,0
44,0,3,1,1,4,0,36,2,3,1,0.048633973946193364,2139,908.0,0.842,0.2537074148296593,85,0.635,0.7055276381909547,0
43,0,2,3,1,4,0,36,5,1,3,0.07021951344863761,2121,1640.0,0.694,0.22593758946464357,79,0.927,0.5668341708542712,0
48,1,2,3,1,1,0,42,2,3,2,0.22213454986289857,1559,7227.0,0.909,0.4606355568279416,92,0.736,0.1778894472361809,0
42,1,2,2,1,0,0,32,1,1,1,1.0000000000000002,1440,33076.0,0.676,0.38007443458345264,88,0.571,0.04221105527638191,0
43,0,5,2,2,1,0,33,4,3,4,0.11765328302753822,1161,4169.0,0.558,0.0521614657887203,43,0.387,0.21909547738693466,0
51,0,2,4,1,4,0,44,3,3,4,0.0,1031,407.3,0.582,0.15906097910105924,72,0.674,0.7206030150753768,0
45,0,3,2,1,4,0,31,4,3,3,0.13612494218159063,0,5941.0,0.522,0.09539078156312626,37,0.233,0.0,1
40,0,4,2,2,4,0,22,4,2,3,0.0,0,1438.3,0.695,0.11291153736043515,45,0.452,0.0,1
48,1,4,2,1,4,0,36,4,1,2,0.0445526744604371,1501,1411.0,0.825,0.22834239908388201,90,0.875,0.5175879396984925,0
45,0,2,2,1,4,0,25,4,2,2,0.06287317437427634,2035,1483.0,0.567,0.2006298310907529,82,0.673,0.5809045226130652,0
55,0,2,0,2,4,0,36,4,1,3,0.05093159439743392,0,3123.0,0.513,0.22296020612653875,81,0.723,0.0,0
53,1,2,3,1,0,0,39,3,2,3,0.35228265568645944,985,12106.0,0.322,0.05279129687947323,37,0.276,0.07537688442211055,0
42,1,4,5,1,1,0,38,1,4,1,0.030404169576482044,0,2444.0,0.788,0.21127970226166617,50,1.174,0.0,0
44,1,3,2,2,2,0,39,6,2,2,0.1842238124174293,0,7532.0,0.476,0.1729172630976238,68,0.619,0.0,0
53,1,3,2,2,0,0,45,4,3,1,0.05864071564830687,1852,1526.0,0.483,0.22370455196106495,50,1.0,0.5507537688442211,0
49,1,3,3,2,1,0,36,1,3,4,0.09561426580445437,0,4601.0,0.962,0.5198969367306041,76,0.689,0.0,1
40,1,3,1,1,1,0,36,3,3,4,0.026443797482896332,0,2313.0,0.673,0.09842542227311767,42,0.312,0.0,1
38,0,3,2,2,4,0,21,5,1,3,0.027501912164388707,1028,1320.0,0.469,0.2630976238190667,71,0.578,0.4402010050251256,0
51,1,2,5,0,0,0,41,4,2,3,0.8804028091433201,0,30560.0,0.721,0.18356713426853705,55,0.719,0.0,0
44,0,3,5,2,4,0,35,5,2,2,0.0,0,1438.3,0.978,0.19673632980246206,57,0.781,0.0,0
38,1,1,3,2,0,0,30,2,1,1,0.7943025059178843,2130,25582.0,0.654,0.39330088748926423,91,0.717,0.07738693467336683,0
50,1,2,5,1,0,0,38,6,2,1,1.0000000000000002,397,34119.0,0.914,0.39645004294302894,81,0.841,0.012060301507537688,1
39,1,2,2,1,2,0,25,5,2,3,0.049359538299216695,2517,554.0,0.583,0.07071285427998855,36,0.565,0.8241206030150753,0
44,0,3,2,0,4,0,24,4,1,2,0.035634279287858596,1508,1109.0,1.393,0.22158602920125967,60,0.818,0.5788944723618089,0
35,1,3,2,1,2,0,30,5,1,3,0.21490913818070786,1666,6881.0,1.163,0.044718007443458344,33,2.0,0.19597989949748743,0
41,1,2,2,1,2,0,31,3,2,2,0.3530384518875254,1225,11891.0,0.735,0.24448897795591182,61,0.605,0.09346733668341707,0
49,0,3,2,1,4,0,36,1,1,3,0.07040090453689343,1106,2661.0,0.944,0.8616089321500143,126,0.826,0.29547738693467335,0
56,0,2,4,1,4,0,48,6,1,2,0.1055605438104826,2259,2671.0,1.134,0.09527626681935299,53,0.606,0.4603015075376884,0
50,1,2,2,1,3,0,38,3,3,1,0.1388155766573855,1315,4715.0,0.623,0.16547380475236184,81,0.841,0.21909547738693466,0
50,0,3,3,1,4,0,42,4,3,3,0.03871792778820777,0,2719.0,0.794,0.2085313484111079,65,0.97,0.0,0
41,0,3,3,1,4,0,32,1,2,4,0.7494686752706506,0,26229.0,0.504,0.08857715430861723,46,0.643,0.0,1
58,0,1,5,1,4,0,39,3,3,3,0.023329917134504517,1624,586.0,0.627,0.04334383051817922,37,0.48,0.7386934673366833,0
52,0,3,5,1,4,0,33,6,3,3,0.12814373429833395,1403,4274.0,0.951,0.12596621815058687,58,0.758,0.24824120603015074,0
40,0,3,2,2,4,0,28,6,2,2,0.008183761265142385,0,1709.0,0.685,0.25485256226739195,79,0.975,0.0,0
39,0,1,2,1,4,3,30,1,2,3,0.27086828890763265,1630,8768.0,0.755,0.4106498711709133,81,0.688,0.15778894472361807,0
62,1,1,3,1,4,0,53,5,3,3,0.019309081344833535,1571,506.0,1.031,0.047809905525336385,38,1.0,0.7597989949748744,0
50,1,2,2,2,3,0,46,2,3,2,0.13685050653461397,622,5343.0,0.728,0.23515602633839103,91,0.655,0.10452261306532662,0
48,0,4,2,2,1,0,43,3,2,4,0.00301411524985111,0,1538.0,0.684,0.09991411394217005,43,0.483,0.0,1
46,1,2,5,1,3,0,38,4,5,2,0.30218848347980665,0,11434.0,0.84,0.2284569138276553,83,0.844,0.0,0
31,1,0,5,2,4,0,25,5,2,2,0.12929254452395422,1741,3974.0,0.816,0.10271972516461493,67,1.03,0.30653266331658285,0
30,0,0,3,2,4,0,22,1,2,4,0.37655882966469856,0,13894.0,0.845,0.5050672774119668,69,0.533,0.0,1
46,1,3,2,1,2,3,40,6,3,2,0.828071480181512,0,28829.0,0.463,0.22960206126538787,78,0.56,0.0,0
51,1,3,1,2,3,0,38,2,3,2,0.9041650417048344,1318,30028.0,0.862,0.7313484111079301,92,0.804,0.04221105527638191,0
33,0,1,1,1,4,1,24,2,3,2,0.439834087617942,1992,13995.0,0.739,0.4450042943028915,81,0.841,0.12562814070351758,0
38,1,2,3,2,2,3,30,4,3,4,0.7593544895805936,1583,24973.0,0.694,0.151044947036931,73,0.738,0.06030150753768843,0
39,1,2,2,1,2,0,34,6,2,4,0.11429754789480528,1826,3393.0,1.011,0.06784998568565703,35,1.188,0.3517587939698492,0
41,0,4,3,1,4,0,30,5,2,2,0.23280639222195018,1620,7519.0,0.773,0.23733180647008298,78,1.108,0.1778894472361809,0
54,1,2,3,1,3,0,50,4,2,3,0.24429449447815296,1936,7583.0,0.929,0.11216719152590897,62,1.0,0.20402010050251257,0
38,1,1,3,1,2,0,32,4,2,1,0.06707540125220315,1687,1970.0,1.357,0.12756942456341253,55,0.833,0.46331658291457284,0
50,0,3,1,2,4,0,39,6,1,3,0.2578081305532126,0,9966.0,0.966,0.22164328657314628,60,1.069,0.0,0
53,1,3,1,1,1,0,35,5,3,2,0.0710660051938315,1706,2083.0,1.047,0.06178070426567421,42,0.68,0.4522613065326633,0
52,1,2,0,2,0,0,32,4,3,1,0.1057117030506958,0,4935.0,0.713,0.42118522759805327,64,0.882,0.0,1
44,0,4,5,1,4,0,36,2,2,3,0.16115691236089574,1133,5636.0,0.743,0.4269109647867163,88,0.6,0.1678391959798995,0
48,0,4,2,1,4,0,36,5,1,1,0.04509684772520461,773,2157.0,0.661,0.05811623246492986,21,0.909,0.26532663316582916,0
55,0,3,3,1,4,0,44,5,1,1,0.0,0,1438.3,0.575,0.24191239622101343,76,0.9,0.0,0
45,0,3,3,2,4,0,25,4,2,1,0.016557983172953386,1042,944.0,0.593,0.21603206412825648,59,0.788,0.5276381909547738,0
56,0,4,1,2,1,0,44,4,2,3,0.06096856794759007,1385,2070.0,0.773,0.25164614944174063,82,0.745,0.4030150753768844,0
42,0,4,5,1,4,0,35,4,3,1,0.0030443470978937515,0,1539.0,0.944,0.24408817635270538,71,0.614,0.0,0
44,0,4,2,1,4,0,39,1,4,2,0.0477270185049142,1868,1149.0,0.722,0.08966504437446321,50,0.471,0.622110552763819,1
38,0,4,2,1,4,0,36,4,3,3,0.012748770319580868,0,1860.0,0.992,0.06876610363584311,29,0.611,0.0,0
38,1,2,2,2,2,0,36,3,3,3,0.15882906006161251,2037,4655.0,0.401,0.05370741482965932,36,0.241,0.30552763819095474,0
28,0,0,0,1,4,0,36,3,2,3,0.12838558908267506,0,5685.0,1.334,0.1067849985685657,62,1.0,0.0,0
44,0,3,2,2,1,0,26,4,3,0,0.17651469116655635,0,7277.0,0.758,0.2249069567706842,71,0.578,0.0,0
58,1,4,2,1,2,0,36,6,2,4,0.13691097023069926,2350,3617.0,0.543,0.05130260521042085,29,0.812,0.3959798994974874,0
59,0,1,3,2,1,0,36,5,3,3,0.006853559951266269,0,1665.0,1.01,0.12699685084454623,40,0.333,0.0,1
43,1,1,2,2,4,0,36,1,1,2,0.2954165495182555,1079,10131.0,0.651,0.3822502147151446,86,0.536,0.0964824120603015,0
44,1,4,2,2,1,0,36,5,2,3,0.2995280808520544,0,11346.0,0.665,0.18631548811909532,67,0.457,0.0,0
42,1,4,2,1,1,0,36,2,3,5,0.005069880916750563,0,1606.0,0.87,0.1201259662181506,41,0.64,0.0,1
64,0,0,2,1,4,0,55,4,3,4,0.062329001109508834,1904,1596.0,1.182,0.08434010878900658,41,0.952,0.5467336683417086,0
61,1,0,2,1,1,0,54,3,3,2,0.04954092938747253,1646,1431.0,0.456,0.05685657028342399,30,0.579,0.5376884422110553,0
47,0,2,2,2,4,0,41,5,3,1,0.025718233129873,1611,678.0,0.648,0.24546235327798452,77,0.75,0.707537688442211,0
40,0,2,2,2,4,0,29,4,3,2,0.025899624218128837,0,2295.0,0.699,0.15814486115087314,62,0.824,0.0,0
58,1,4,2,1,2,0,44,5,1,3,0.3196020279523667,2149,9861.0,0.801,0.06699112510735757,35,1.5,0.17989949748743717,0
47,0,0,0,1,4,0,27,3,1,3,0.010209295083999197,691,1085.0,0.878,0.248955052963069,84,0.826,0.39095477386934674,0
41,1,4,2,2,1,0,36,3,1,1,0.15323616817372432,1452,5055.0,0.802,0.22983109075293442,89,0.854,0.22412060301507536,0
51,0,1,2,1,4,3,45,6,3,3,0.35554769527506447,781,12418.0,0.411,0.07998854852562268,44,0.63,0.05929648241206029,1
42,0,4,2,1,4,0,37,2,1,3,0.15456636948760044,1718,4833.0,1.207,0.734783853421128,99,0.623,0.2633165829145728,0
51,1,3,2,0,1,0,41,5,3,4,0.18537262264304957,1388,6182.0,0.909,0.1900372172917263,70,0.591,0.18391959798994972,0
45,0,3,2,1,4,3,39,1,2,3,0.26445913712259317,1608,8578.0,0.712,0.772573718866304,106,0.767,0.1587939698492462,0
53,1,1,2,1,1,0,41,5,1,3,0.04373641456328584,1433,1452.0,1.017,0.036644718007443455,23,0.769,0.49949748743718586,0
49,0,1,2,1,4,0,36,2,3,2,0.060001148810225634,2186,1237.0,0.671,0.7733753220727169,120,0.875,0.6422110552763819,0
34,1,5,4,2,3,3,28,3,3,2,1.0000000000000002,1731,32785.0,0.605,0.10827369023761808,63,0.575,0.05025125628140703,0
51,1,2,2,1,0,3,36,1,1,2,1.0000000000000002,1702,32814.0,0.705,0.4650443744632121,98,0.849,0.04924623115577889,0
51,1,2,0,1,3,0,33,3,1,2,0.06408244829598189,0,3558.0,0.57,0.20647008302318923,65,0.912,0.0,0
48,1,3,0,1,3,0,41,2,3,3,0.0602127717465241,2517,913.0,0.869,0.12075579730890353,46,0.643,0.7376884422110552,1
55,0,2,4,1,4,0,45,3,3,3,0.021909020276500484,0,2163.0,0.816,0.046893787575150295,47,0.88,0.0,0
38,1,4,2,1,1,0,27,6,2,4,0.1238508118762792,1276,4259.0,0.636,0.07065559690810191,38,0.9,0.2321608040201005,0
46,1,2,2,0,2,0,41,2,2,3,0.17007530753347425,1234,5830.0,0.955,0.7592900085886057,103,0.585,0.1758793969849246,0
60,0,2,2,1,4,0,36,6,3,2,0.027350752924175513,2066,277.0,0.72,0.24780990552533635,69,0.917,0.88643216080402,0
46,1,4,2,1,2,0,35,5,1,2,0.0029234197057231986,700,835.0,2.282,0.07546521614657888,25,1.083,0.4582914572864321,0
47,0,2,1,2,4,0,37,3,0,1,0.08512381453365864,1204,3050.0,0.538,0.2779845405095906,93,0.691,0.2844221105527638,0
30,0,1,3,2,4,0,23,3,2,2,0.07608449196890957,2352,1603.0,0.779,0.909991411394217,109,0.758,0.5979899497487436,0
49,1,3,3,2,0,0,45,3,2,2,0.400895467339023,1049,13650.0,0.534,0.24964214142570854,64,0.561,0.07135678391959797,0
52,0,4,2,1,4,0,41,3,3,3,0.025869392370086196,1787,507.0,0.748,0.19318637274549097,76,0.854,0.7829145728643215,0
37,1,2,1,2,0,0,32,3,3,5,0.9256296538151081,1887,30169.0,0.831,0.12596621815058687,68,0.7,0.05929648241206029,0
50,0,3,2,1,4,0,38,6,3,2,0.047999105137297944,1888,1138.0,0.762,0.18076152304609217,58,0.812,0.6271356783919597,0
50,0,4,2,1,4,0,36,2,4,3,0.0292855911989044,1102,1305.0,0.736,0.22977383338104782,71,0.775,0.4603015075376884,0
53,0,3,0,1,4,0,44,6,2,3,0.09697469896637315,1730,2916.0,0.683,0.07122817062696822,37,0.85,0.3738693467336683,0
44,1,2,2,1,3,0,37,6,1,3,0.035634279287858596,2517,100.0,0.78,0.14738047523618664,70,0.75,0.9668341708542713,0
37,1,5,4,1,3,0,26,2,1,2,0.46229635071362274,1956,14774.0,0.675,0.06928141998282279,43,0.536,0.11758793969849246,0
41,1,1,2,1,3,0,31,5,3,4,0.26606142506885305,2224,8015.0,0.545,0.09269968508445463,40,1.105,0.21809045226130652,0
49,0,2,2,2,4,0,39,4,1,3,0.2987420528029458,0,11320.0,0.669,0.13255081591754936,57,0.727,0.0,0
36,1,3,5,1,2,0,16,4,5,4,0.007488428760161682,1252,434.0,0.575,0.07031205267678213,42,1.1,0.7467336683417085,0
40,0,2,5,2,4,0,28,2,2,2,0.04784794589708475,0,3021.0,0.694,0.13077583738906381,37,0.321,0.0,1
45,0,1,5,1,4,0,35,3,3,2,0.0,1080,358.3,0.802,0.2230174634984254,79,0.717,0.7547738693467336,0
42,1,3,4,1,1,0,29,3,3,4,0.03309480405227692,1126,1407.0,0.788,0.16638992270254793,74,0.574,0.4472361809045226,0
48,0,4,2,1,4,0,38,4,3,1,0.0,0,1438.3,0.647,0.23309476095047235,78,0.625,0.0,0
46,1,4,3,1,1,0,41,6,1,2,0.22068342115685194,1172,7566.0,0.65,0.14835385055825936,60,0.395,0.13467336683417086,0
62,0,1,0,1,4,0,44,3,2,3,0.028408867605667874,1610,768.0,0.448,0.07311766389922703,45,0.607,0.6804020100502512,0
32,1,1,0,0,3,0,36,5,3,4,1.0000000000000002,0,34516.0,0.845,0.10163183509876896,60,0.714,0.0,0
65,0,1,0,1,4,0,54,3,3,3,0.04382711010741377,1134,1754.0,1.479,0.11216719152590897,54,0.742,0.3949748743718593,0
51,0,1,2,2,4,0,37,1,3,4,0.1734612745142498,0,7176.0,0.45,0.04838247924420269,33,0.65,0.0,1
41,1,5,2,2,3,0,28,3,2,0,0.03182506643448608,1979,512.0,0.629,0.07907243057543659,35,0.75,0.7979899497487437,0
38,0,3,2,2,4,0,22,4,3,3,0.01510685446690671,1175,763.0,0.85,0.2333810478099055,75,0.875,0.6090452261306532,0
59,1,0,3,2,2,0,54,3,6,6,0.7008558636180872,471,24150.0,0.85,0.13363870598339533,51,0.759,0.01909547738693467,1
54,0,3,3,1,1,0,49,5,1,2,0.0,886,552.3,0.822,0.22072716862296018,91,0.717,0.6190954773869346,0
46,1,3,3,1,3,0,36,6,3,3,0.04086438899923515,2185,605.0,0.671,0.1638705983395362,86,0.755,0.7869346733668341,0
44,1,4,2,0,2,0,32,6,3,2,0.3087487945050593,1368,10283.0,0.563,0.19123962210134554,64,0.561,0.11758793969849246,0
52,0,2,3,2,4,0,40,3,1,3,0.015771955123844772,1428,532.0,0.57,0.18620097337532204,64,0.641,0.7326633165829145,0
56,1,1,5,1,3,0,36,6,1,1,0.22954135263334516,1535,7496.0,0.69,0.06137990266246779,35,0.591,0.1708542713567839,0
44,0,4,2,1,4,0,25,5,3,2,0.00494895352458001,1044,558.0,0.781,0.2804466075007157,85,0.635,0.6552763819095477,0
26,0,0,5,2,1,0,18,4,3,2,0.01797888003095742,1471,562.0,0.672,0.09768107643859146,55,0.41,0.7276381909547738,0
36,0,4,3,1,1,0,30,3,3,1,0.0,0,1438.3,0.71,0.23252218723160603,74,0.644,0.0,0
49,0,2,2,1,4,0,38,3,3,1,0.15828488679684502,1402,5272.0,0.695,0.39725164614944175,92,0.614,0.21105527638190952,0
37,1,3,3,1,3,0,28,5,4,4,0.3628638025013831,0,13441.0,0.513,0.21053535642713997,80,0.702,0.0,0
45,1,5,5,2,2,0,32,1,2,1,0.5802912536240428,1989,18644.0,0.67,0.40309189808187806,91,0.655,0.0964824120603015,0
58,1,2,4,1,3,0,39,4,2,3,0.06964510833582746,2517,1225.0,0.75,0.9087317492127112,121,0.806,0.6763819095477387,0
39,0,2,2,0,4,0,31,5,3,4,0.16203363595413225,918,5880.0,0.671,0.1964500429430289,69,0.605,0.135678391959799,0
53,0,2,3,1,4,0,36,2,3,2,0.02169739734020202,1198,958.0,0.507,0.2612081305468079,95,0.759,0.5587939698492462,0
65,1,0,0,0,4,0,42,5,3,2,0.24994785006212647,1968,7738.0,1.022,0.1663326653306613,58,0.706,0.20402010050251257,0
55,0,2,0,0,1,0,36,6,2,3,0.08983998282831032,2517,1893.0,0.53,0.07746922416261094,44,0.63,0.5738693467336683,1
33,1,1,0,2,3,0,26,4,3,4,0.5350341771042122,1608,17528.0,0.728,0.11285427998854854,55,0.528,0.08442211055276382,0
52,0,3,5,2,4,0,41,2,1,2,0.010965091285065169,0,1801.0,0.516,0.25863154881190953,79,0.756,0.0,0
53,0,1,0,1,4,0,40,3,2,1,0.10589309413895165,1867,3074.0,0.73,0.26189521900944746,87,0.851,0.3798994974874372,0
53,1,2,4,1,3,0,36,5,1,2,0.06565450439419912,1629,1981.0,0.821,0.06424277125679931,40,0.481,0.45326633165829144,0
29,0,1,5,2,4,0,36,3,2,4,0.03258086263555205,2312,204.0,0.625,0.10254795304895505,36,0.5,0.9236180904522613,1
44,1,3,2,1,1,0,36,1,1,1,0.3485339065291722,2517,10450.0,0.787,0.2284569138276553,74,0.762,0.19497487437185929,0
54,0,1,2,1,4,0,50,3,3,3,0.05244318679956588,2517,656.0,0.619,0.12785571142284569,51,0.821,0.7969849246231155,1
50,0,3,2,2,4,0,36,6,5,2,0.18615865069215817,1156,6440.0,0.611,0.21803607214428855,73,0.738,0.15276381909547737,0
39,0,2,2,1,4,0,31,4,2,3,0.0,997,441.3,1.867,0.11754938448325221,47,0.958,0.6964824120603014,0
51,1,3,3,2,1,0,36,4,3,4,0.10767677317346733,942,4058.0,0.604,0.20309189808187803,81,0.653,0.18894472361809045,0
51,0,1,3,1,4,0,43,4,3,3,0.006853559951266269,1521,144.0,0.874,0.13444030918980818,45,0.452,0.9185929648241206,1
52,0,3,2,1,4,0,47,6,3,2,0.025446146497489254,1170,1110.0,0.603,0.07981677640996278,50,0.667,0.5155778894472361,0
54,1,2,3,1,3,0,49,3,1,4,0.3802168832778579,2065,11950.0,0.704,0.07861437160034354,49,0.633,0.14773869346733667,0
57,0,0,2,1,4,0,45,6,1,2,0.030525096968652597,0,2448.0,0.606,0.28250787288863444,98,0.607,0.0,0
53,1,1,2,1,2,0,41,4,1,2,0.030041387399970386,1554,878.0,1.158,0.17978814772401944,60,0.818,0.6422110552763819,0
46,0,3,2,2,4,0,38,5,1,3,0.0035280566665759766,1366,189.0,0.704,0.2839965645576868,86,0.755,0.8824120603015074,0
39,1,3,2,1,3,0,31,6,2,4,0.21149293935188965,2222,6212.0,0.691,0.05061551674778128,27,0.929,0.264321608040201,0
54,0,2,4,1,4,0,47,3,4,3,0.0,0,1438.3,1.053,0.03572860005725738,22,0.375,0.0,1
35,1,3,5,1,1,0,36,6,2,5,0.21899043766646412,1647,7035.0,0.971,0.07225880332092757,36,0.8,0.19095477386934673,0
52,1,3,2,1,2,0,44,1,2,1,0.6787261508508754,603,23286.0,0.792,0.7346120813054681,124,0.968,0.025125628140703515,0
38,0,1,5,1,4,0,36,3,3,1,0.3380736871064191,912,11709.0,0.64,0.2527912968794732,78,0.56,0.07236180904522611,0
43,0,3,2,1,1,0,37,2,1,3,0.031371588713846495,1396,1080.0,0.838,0.47265960492413395,111,0.609,0.5668341708542712,0
57,1,4,2,2,0,0,52,2,3,2,0.7367410672446997,0,25808.0,0.712,0.4159175493844833,94,0.843,0.0,0
52,1,1,2,2,3,3,44,2,1,2,1.0000000000000002,1618,32898.0,1.0,0.6340108789006584,109,0.847,0.04723618090452261,0
44,0,4,2,2,4,0,36,3,1,3,0.21294406805793634,0,8482.0,0.563,0.2030346407099914,81,0.688,0.0,0
50,1,2,2,1,0,0,42,6,2,1,0.2050233238707649,1015,7205.0,1.063,0.24414543372459205,77,0.878,0.1236180904522613,0
49,1,3,5,2,3,3,41,4,1,2,1.0000000000000002,0,34516.0,0.499,0.055883194961351274,47,0.516,0.0,0
36,0,3,2,2,1,0,28,3,2,3,0.06840560256607928,969,2732.0,1.079,0.15413684511880904,86,0.623,0.2633165829145728,0
37,0,1,5,2,4,0,30,3,2,3,0.027653071404601902,1095,1258.0,0.941,0.2581162324649299,84,0.75,0.4673366834170854,0
42,0,3,0,2,4,3,31,3,2,2,1.0000000000000002,919,33597.0,0.919,0.1651875178929287,79,0.756,0.027135678391959798,0
30,1,0,0,2,2,0,24,6,2,2,0.08074019656747597,0,4109.0,0.949,0.46447180074434585,77,0.481,0.0,1
41,1,4,4,1,1,0,28,5,3,3,0.2532431214987741,0,9815.0,0.859,0.8557114228456913,94,0.679,0.0,0
40,0,3,2,2,4,0,30,4,3,2,0.05685703661379118,0,3319.0,0.262,0.24677927283137704,44,0.375,0.0,1
52,0,2,3,2,1,0,39,2,1,1,0.32576932495306504,2379,9835.0,0.769,0.4521042084168337,105,0.544,0.19597989949748743,0
62,0,0,3,1,1,0,49,4,1,1,0.0898097509802677,785,3624.0,0.838,0.20784425994846834,61,0.649,0.17889447236180903,0
44,0,2,2,2,4,0,31,1,2,1,0.08624239291123628,1285,3006.0,0.846,0.8577726882336101,101,0.629,0.300502512562814,0
50,1,2,2,2,0,0,36,5,1,3,0.2496757634297427,0,9697.0,0.759,0.07340395075866017,50,0.923,0.0,0
60,0,0,2,1,4,0,55,2,1,3,0.07058229562514928,0,3773.0,0.684,0.7863727454909819,118,0.873,0.0,0
43,1,5,2,1,2,0,36,3,5,1,0.18056575880426998,1341,6070.0,0.799,0.21460062983109074,80,0.633,0.18190954773869344,0
57,0,1,3,1,4,0,50,3,2,2,0.005160576460878481,0,1609.0,0.669,0.2427712567993129,85,0.7,0.0,0
41,0,3,3,1,4,0,30,4,4,2,0.05567799454012825,2327,953.0,0.784,0.21402805611222442,84,1.0,0.7125628140703517,0
49,0,5,5,1,4,0,36,6,2,4,0.02698797074766384,1798,533.0,0.847,0.20217578013169193,66,0.692,0.7748743718592964,0
41,0,3,2,1,4,0,35,2,3,5,0.3053325956762411,0,11538.0,0.507,0.07993129115373604,53,0.432,0.0,1
38,0,0,2,2,4,0,32,6,3,3,0.009574426275103777,750,1005.0,0.659,0.2559404523332379,79,0.837,0.42914572864321604,0
60,1,1,3,2,1,3,49,5,2,2,0.6119742303727285,0,21681.0,0.704,0.18975093043229313,75,1.083,0.0,0
47,1,4,5,2,3,0,32,3,3,2,0.9847026848904247,1340,32670.0,0.744,0.06922416261093615,39,0.5,0.03919597989949748,0
53,0,2,3,2,4,0,36,4,3,1,0.046396817191038074,2517,456.0,0.588,0.2480389350128829,77,0.453,0.851256281407035,0
55,1,0,2,2,2,0,36,3,3,3,0.0008676540388237453,0,1467.0,0.739,0.21162324649298594,74,0.85,0.0,0
53,0,3,2,1,1,0,45,4,3,1,0.016134737300356437,0,1972.0,0.761,0.2608073289436015,73,0.587,0.0,0
53,0,1,0,1,1,0,48,2,2,3,0.057461673574643955,0,3339.0,0.694,0.10890352132837101,48,0.6,0.0,1
48,0,3,1,1,4,0,44,4,3,3,0.017616097854445747,1186,835.0,0.616,0.23492699685084453,74,0.574,0.5899497487437185,0
45,0,3,2,2,4,0,36,5,2,3,0.10020950670693551,0,4753.0,0.856,0.1926710563985113,71,0.578,0.0,0
46,1,1,2,0,0,0,30,6,2,2,0.017464938614232553,797,1219.0,1.108,0.18562839965645575,62,0.879,0.3969849246231156,0
49,0,4,3,1,4,0,35,5,3,2,0.048361887313809616,2133,905.0,0.689,0.24357286000572573,83,0.694,0.7055276381909547,0
43,0,2,4,2,1,0,36,4,1,3,0.025536842041617165,0,2283.0,0.899,0.20372172917263096,66,0.886,0.0,0
36,0,2,3,2,4,0,36,6,2,5,0.20100248808109394,1263,6824.0,0.615,0.10873174921271113,69,0.643,0.15678391959798993,0
63,1,0,1,2,4,0,54,5,2,0,0.17110319036692395,2224,4874.0,0.864,0.16805038648726023,59,0.788,0.314572864321608,0
51,1,2,2,0,0,0,41,4,2,3,0.04092485269532042,887,1905.0,0.793,0.20292012596621814,81,0.8,0.3195979899497487,0
62,1,0,2,0,1,0,36,6,3,2,0.07892628568491764,0,4049.0,0.567,0.19885485256226737,73,0.659,0.0,0
55,0,0,2,1,4,0,40,4,3,4,0.0022583190487851373,725,788.0,0.791,0.20108789006584596,72,0.714,0.48140703517587935,0
39,0,3,1,1,4,0,33,6,4,2,0.01701146089359297,1430,571.0,0.555,0.22782708273690236,69,0.683,0.7185929648241205,0
48,1,3,2,1,3,0,42,3,6,2,0.16224525889043073,1448,5357.0,0.836,0.16793587174348695,65,0.711,0.21407035175879394,0
35,1,2,5,1,0,0,26,3,3,4,0.04552009359780155,1596,1348.0,0.737,0.08817635270541083,44,0.467,0.5447236180904522,0
48,1,3,2,2,3,0,35,6,1,0,0.3661893057860734,1294,12257.0,0.791,0.049126825078728883,37,1.056,0.09547738693467336,0
47,1,2,2,1,3,0,36,3,3,2,0.3475060236957225,2239,10694.0,0.445,0.34549098196392786,56,0.514,0.1738693467336683,1
45,1,0,2,1,2,0,40,4,3,3,0.0,0,1438.3,0.555,0.24843973661608929,66,0.737,0.0,0
41,1,3,1,2,3,0,29,2,2,3,0.6821121178316509,1629,22372.0,0.965,0.4908101918121959,75,0.974,0.06834170854271357,1
36,1,2,0,1,3,0,22,2,2,3,1.0000000000000002,1652,32864.0,0.854,0.0431148010306327,39,1.294,0.04824120603015075,0
42,0,5,0,2,4,0,28,4,3,2,0.04854327840206545,1865,1179.0,0.852,0.24758087603778986,85,1.024,0.6160804020100502,0
50,1,1,3,1,4,0,35,2,1,3,0.0764775059934639,2264,1704.0,1.098,0.687374749498998,118,0.815,0.5738693467336683,0
43,0,2,0,2,4,0,29,5,1,2,0.026171710850512585,1589,715.0,0.872,0.04254222731176639,36,0.895,0.693467336683417,0
41,0,1,3,0,4,0,36,2,3,1,0.17134504515126509,2031,5075.0,0.746,0.907357572287432,124,0.746,0.2874371859296482,0
40,0,1,5,1,4,0,28,5,2,3,0.06777073375718384,0,3680.0,0.729,0.1256799312911537,41,0.577,0.0,1
51,0,1,0,1,4,0,37,4,3,1,0.294116580052422,0,11167.0,0.622,0.18997995991983965,74,0.762,0.0,0
56,1,2,2,2,1,0,48,2,2,1,0.3901631612838861,2014,12330.0,0.726,0.391010592613799,85,0.574,0.1407035175879397,0
52,0,1,4,1,4,0,42,5,1,2,0.001290899911420687,0,1481.0,0.698,0.22359003721729173,67,0.718,0.0,0
50,0,2,5,1,4,0,44,3,1,2,0.05888257043264799,2517,869.0,0.743,0.24964214142570854,65,0.667,0.7467336683417085,0
45,0,3,2,1,4,0,38,3,3,2,0.029073968262605936,1613,787.0,0.629,0.044718007443458344,34,0.417,0.6753768844221105,0
53,1,1,2,1,3,0,42,2,1,2,0.1443782366972311,1147,5067.0,0.861,0.0233610077297452,35,0.75,0.185929648241206,1
53,1,4,0,2,3,3,48,5,1,2,1.0000000000000002,800,33716.0,0.804,0.18831949613512738,72,0.6,0.023115577889447233,0
51,1,4,1,1,2,0,36,2,1,2,0.06084764055541952,2006,1445.0,0.555,0.20423704551961064,67,0.763,0.5839195979899496,0
47,1,2,2,1,2,0,34,3,2,4,0.08497265529344544,1562,2687.0,0.773,0.07735470941883768,49,0.815,0.3698492462311557,0
44,1,3,2,1,1,0,33,2,3,3,0.1761821408380873,906,6360.0,0.676,0.06933867735470942,27,0.421,0.12562814070351758,1
46,0,4,2,2,1,3,35,6,3,2,0.4700054719644957,968,16017.0,0.455,0.1391926710563985,56,0.647,0.057286432160804014,0
31,0,0,3,2,4,0,23,4,2,3,0.024206640727741056,1256,983.0,0.605,0.2551388491268251,83,0.976,0.563819095477387,0
38,1,4,2,2,0,0,31,3,2,3,1.0000000000000002,0,34516.0,0.604,0.8634984254222731,127,0.693,0.0,0
49,0,3,2,1,1,0,41,3,2,2,0.06489870819313315,931,2654.0,0.62,0.221528771829373,78,0.733,0.26130653266331655,0
47,0,5,4,2,4,0,37,2,3,3,0.2416038600023581,0,9430.0,0.68,0.20526767821356998,75,0.923,0.0,0
53,1,1,2,1,3,0,42,5,5,4,0.1534477911100228,978,5536.0,0.843,0.14623532779845402,63,0.658,0.1507537688442211,0
56,1,2,2,2,0,0,51,1,1,2,0.09785142255960966,1340,3335.0,0.68,0.42983109075293446,100,0.852,0.28844221105527634,0
39,1,1,3,1,1,0,28,5,2,4,0.02369269931101619,0,2222.0,0.843,0.24403091898081877,62,0.722,0.0,0
44,0,3,3,2,4,0,36,1,3,2,0.2517617609446848,1575,8191.0,0.661,0.40509590609791013,101,0.603,0.16180904522613065,0
49,1,4,5,1,3,0,40,3,1,1,0.2199578568038286,2252,6462.0,0.831,0.05760091611795019,38,0.652,0.25929648241206027,0
47,0,5,2,1,4,0,41,1,2,3,0.03738772647433166,1999,676.0,0.679,0.20658459776696247,64,0.561,0.7507537688442211,0
42,0,3,2,1,4,0,31,2,3,2,0.045399166205630996,0,2940.0,0.962,0.8166046378471228,120,0.875,0.0,0
54,0,2,3,2,4,0,48,1,3,2,0.002379246440955697,556,961.0,0.622,0.25485256226739195,82,0.864,0.3688442211055276,0
51,1,1,2,2,2,0,39,3,3,2,0.22243686834332496,2517,6279.0,0.492,0.038076152304609215,18,0.8,0.2874371859296482,0
54,1,3,1,2,2,0,41,4,2,3,0.23192966862871364,0,9110.0,0.662,0.14136845118809044,75,0.786,0.0,0
40,0,4,2,1,4,0,28,6,2,2,0.0,689,749.3,0.823,0.25141711995419413,65,0.806,0.48140703517587935,0
40,0,1,0,1,1,0,36,4,2,4,0.009030253010336275,1689,48.0,0.644,0.11044947036931003,43,0.536,0.9768844221105526,1
34,0,1,1,1,4,0,25,4,3,3,0.026594956723109527,2069,249.0,1.399,0.12361866590323504,57,0.781,0.8974874371859296,0
65,0,2,3,1,1,0,45,6,2,2,0.036873785057606794,1514,1144.0,1.193,0.06281133695963355,26,1.0,0.5728643216080401,0
46,1,2,2,1,2,3,39,2,1,1,0.8749308446476025,2175,28204.0,0.67,0.4883481248210707,100,0.562,0.07236180904522611,0
50,1,1,0,2,3,0,39,4,3,2,0.13355523509796632,2007,3849.0,0.727,0.251130833094761,87,0.642,0.34472361809045227,0
41,1,2,2,1,2,0,37,1,2,1,0.07097530964970358,1171,2615.0,0.697,0.2770684225594045,75,0.596,0.31055276381909547,0
43,0,3,0,0,4,0,31,6,4,3,0.0011699725192501342,0,1477.0,0.756,0.24460349269968504,82,0.864,0.0,0
29,0,1,2,1,4,0,19,3,3,4,0.008183761265142385,1465,244.0,0.558,0.0702547953048955,48,0.548,0.8613065326633165,0
41,0,3,2,1,4,0,29,6,3,1,0.01574172327580213,1268,691.0,0.731,0.21442885771543085,61,0.649,0.650251256281407,0
58,0,3,4,2,4,0,54,4,2,3,0.22515773466716252,0,8886.0,0.694,0.2071571714858288,79,0.756,0.0,0
38,1,3,0,2,3,0,26,3,3,2,0.0,0,1438.3,0.399,0.060406527340395075,32,0.455,0.0,1
57,1,2,2,0,0,0,38,1,2,4,0.6935397563917685,1116,23263.0,0.62,0.1320354995705697,41,0.281,0.046231155778894466,1
50,0,4,1,1,4,0,38,6,4,2,0.6727704767864755,2402,21290.0,0.942,0.17761236759232749,62,0.676,0.10150753768844221,0
55,1,1,1,2,2,0,36,3,3,3,0.4166764920172805,1166,14055.0,0.839,0.18997995991983965,68,0.619,0.07738693467336683,0
26,1,0,0,1,4,0,13,6,1,2,0.12923208082786894,789,4924.0,0.678,0.1599198396793587,61,0.525,0.13869346733668342,0
36,0,4,0,1,4,0,36,6,4,1,0.031069270233420106,1750,716.0,0.774,0.2562267391926711,76,0.767,0.7135678391959798,0
48,1,2,0,1,3,0,38,2,2,3,0.020336964178283255,0,2111.0,0.531,0.013913541368451184,17,0.133,0.0,1
33,0,2,3,0,4,0,15,3,3,4,0.2505222551749366,0,9725.0,0.75,0.20223303750357857,65,0.711,0.0,0
54,0,2,1,1,1,0,43,5,3,2,0.02369269931101619,1398,824.0,0.785,0.19639278557114226,79,0.756,0.6321608040201004,0
49,1,2,5,1,3,0,43,1,3,3,0.12886929865135727,2517,3184.0,0.716,0.0246779272831377,32,0.524,0.44422110552763816,1
45,1,5,2,1,2,0,38,5,1,4,0.22809022392729847,0,8983.0,0.713,0.8378471228170626,124,0.746,0.0,0
46,0,2,3,0,4,0,41,1,2,2,0.042406213249409734,1807,1034.0,0.573,0.20692814199828227,73,0.78,0.6391959798994974,0
35,0,1,2,1,1,0,29,4,2,2,0.03279248557185053,1877,646.0,1.631,0.08445462353277984,50,1.174,0.7477386934673366,0
43,0,3,2,2,1,0,26,3,2,2,0.04319224129851835,0,2867.0,0.703,0.12115659891210993,41,0.464,0.0,1
47,1,4,2,1,3,0,35,3,3,4,0.1254833316705817,1430,4159.0,0.632,0.05954766676209562,31,0.722,0.257286432160804,0
51,1,2,5,0,3,0,40,1,2,3,0.6655450651042848,0,23453.0,0.727,0.4022330375035786,96,0.574,0.0,0
53,0,3,5,1,1,0,42,6,1,2,0.025839160522043554,1460,833.0,0.658,0.22364729458917834,74,0.542,0.6402010050251256,0
52,1,3,2,1,3,0,42,5,2,4,0.4795889677940123,1339,15963.0,0.631,0.0372745490981964,30,1.0,0.07738693467336683,0
37,1,3,5,1,3,0,36,4,2,3,0.252245470513367,1793,7989.0,0.886,0.1799026624677927,75,0.923,0.18391959798994972,0
32,1,0,3,1,2,0,26,5,2,3,0.11967881684639503,1784,3613.0,0.904,0.087374749498998,49,0.633,0.33266331658291454,0
50,1,3,2,2,1,0,39,4,3,1,0.3649195681682826,2060,11449.0,0.729,0.18162038362439162,64,0.829,0.15276381909547737,0
47,0,1,2,1,1,0,35,3,3,5,0.0,0,1438.3,0.809,0.09997137131405669,40,0.538,0.0,1
51,1,1,3,1,4,0,41,3,4,3,0.0,0,1438.3,0.623,0.21654738047523617,81,0.723,0.0,0
39,0,2,2,1,4,0,32,6,3,0,0.03282271741989317,1395,1129.0,1.048,0.07271686229602062,33,0.5,0.5557788944723618,0
45,1,5,3,1,2,0,40,3,3,1,0.0,0,1438.3,1.23,0.0917263097623819,31,0.107,0.0,1
43,0,3,2,2,4,0,30,3,3,1,0.07971231373402626,2189,1886.0,0.695,0.19616375608359574,71,0.732,0.5396984924623115,0
26,1,0,2,1,4,0,36,5,2,4,0.2562965381510806,0,9916.0,0.793,0.16873747494989977,65,0.667,0.0,0
43,1,2,4,1,0,0,36,3,3,2,0.27999830701650963,1346,9354.0,0.639,0.20177497852848553,68,0.7,0.12663316582914572,0
46,0,2,2,1,4,0,36,2,3,1,0.05093159439743392,1639,1484.0,0.788,0.20538219295734325,76,1.111,0.5276381909547738,0
56,1,3,3,2,2,0,45,2,1,3,0.2138510234992155,0,8512.0,1.038,0.016089321500143142,27,1.25,0.0,1
43,1,3,3,2,3,0,34,4,2,0,0.8109300223413357,1483,26779.0,0.668,0.19038076152304606,66,0.61,0.05226130653266331,0
51,0,1,3,1,4,0,38,1,1,2,0.11339059245352612,1171,4018.0,0.732,0.9180074434583453,94,0.741,0.22713567839195978,0
57,1,1,5,1,0,0,36,6,2,3,0.6985582431668466,1735,22810.0,0.664,0.06533066132264528,45,0.5,0.07135678391959797,0
57,0,2,2,1,4,0,36,5,1,3,0.0,0,1438.3,0.565,0.18997995991983965,75,0.705,0.0,0
55,0,1,2,1,1,0,46,5,4,4,0.09525148362794272,1622,2967.0,0.425,0.059490409390208984,33,0.269,0.3547738693467336,0
51,1,1,2,2,2,0,45,3,2,3,0.05410593844191102,2517,711.0,0.949,0.046893787575150295,33,1.357,0.7839195979899497,0
51,0,1,2,1,4,0,32,5,3,3,0.0,0,1438.3,0.905,0.11766389922702548,45,0.5,0.0,1
48,0,3,2,2,4,0,36,3,3,1,0.005795445269773901,1243,387.0,0.4,0.07752648153449757,43,0.303,0.7668341708542713,1
54,0,3,2,1,4,0,49,5,2,4,0.017918416334872143,1069,962.0,0.87,0.08090466647580875,47,0.621,0.528643216080402,0
51,0,0,2,1,4,0,36,5,2,3,0.13373662618622215,2306,3556.0,0.807,0.21614657887202976,51,1.318,0.3949748743718593,0
38,0,4,2,1,4,0,26,3,2,2,0.0,0,1438.3,0.777,0.09928428285141712,39,0.625,0.0,1
38,0,2,2,1,4,0,33,4,3,3,0.05894303412873326,0,3388.0,0.368,0.08182078442599484,52,0.857,0.0,1
43,1,3,4,1,1,0,36,6,2,2,0.241362005218017,2108,7314.0,0.891,0.23492699685084453,58,0.611,0.2251256281407035,1
42,0,2,3,1,4,0,31,3,5,2,0.07635657860129333,1218,2746.0,0.593,0.2318923561408531,75,1.419,0.3085427135678392,0
49,0,2,0,2,4,0,41,6,3,1,0.017525402310317836,1366,652.0,0.964,0.24689378757515026,69,0.5,0.6804020100502512,0
48,0,2,5,0,1,3,39,2,2,2,0.6141811552798411,0,21754.0,0.83,0.49098196392785576,104,0.763,0.0,0
35,0,2,3,1,4,0,36,3,2,4,0.0870888846564302,1151,3168.0,0.594,0.0756942456341254,47,0.424,0.26733668341708544,0
44,1,1,2,2,2,0,37,3,1,4,0.4625684373460065,1229,15510.0,0.497,0.1994846836530203,69,0.568,0.07336683417085427,0
52,0,3,3,0,4,0,47,3,3,1,0.15692445363492627,2517,4112.0,0.932,0.1184655024334383,50,0.562,0.38190954773869346,1
47,0,2,2,1,4,0,36,1,3,2,0.5248460443138429,2517,16282.0,0.813,0.10220440881763528,52,0.625,0.13467336683417086,1
49,1,1,2,2,3,0,36,6,3,4,1.0000000000000002,0,34516.0,0.665,0.11348411107930147,45,0.324,0.0,0
41,0,5,5,2,1,0,26,4,3,4,0.02496243692880703,928,1336.0,0.662,0.20727168622960204,83,0.844,0.41206030150753764,0
51,1,0,3,1,3,0,44,2,2,3,0.6440199892979258,2176,20565.0,0.689,0.4527912968794732,100,0.887,0.0964824120603015,0
41,0,2,3,1,4,0,36,6,2,2,0.1062558763154633,991,3962.0,0.342,0.20916117950186083,67,0.489,0.20100502512562812,0
61,0,1,2,2,4,0,54,3,2,2,0.03877839148429305,0,2721.0,0.734,0.08920698539937016,37,0.682,0.0,0
46,1,2,3,2,1,0,36,5,2,2,0.14885255020754165,0,6362.0,0.596,0.08233610077297451,51,0.759,0.0,1
34,0,1,3,1,4,0,28,4,3,4,0.03835514561169611,2036,671.0,0.827,0.07993129115373604,33,0.941,0.7557788944723618,0
54,0,3,5,2,4,0,36,5,4,2,0.09383058676993869,1355,3187.0,0.48,0.19931291153736042,70,0.556,0.2994974874371859,0
42,0,2,2,1,4,0,32,3,3,3,0.002076927960529301,0,1507.0,0.806,0.11440022902948756,41,0.64,0.0,1
63,0,2,2,1,1,0,53,4,2,4,0.04923861090704614,1874,1193.0,0.791,0.050959060979101065,32,0.455,0.6140703517587939,0
50,0,2,3,1,4,0,36,6,2,1,0.0,0,1438.3,0.909,0.2385914686515889,82,0.907,0.0,0
48,0,4,0,1,1,0,37,3,6,2,0.010693004652681422,933,859.0,0.821,0.20555396507300314,78,0.773,0.5236180904522613,0
62,0,1,3,2,4,0,36,2,3,4,0.014864999682565598,0,1930.0,0.331,0.08250787288863441,45,0.25,0.0,1
49,1,3,5,1,0,0,37,6,3,3,0.1909050508348525,1643,6110.0,0.798,0.16243916404237044,65,0.806,0.2130653266331658,0
48,0,3,5,2,4,0,39,4,3,4,0.04694099045580558,1508,1483.0,0.703,0.1834526195247638,64,0.882,0.5065326633165829,0
50,0,2,2,1,4,0,39,3,3,2,0.018371894055511727,0,2046.0,0.936,0.16696249642141425,71,0.578,0.0,0
35,1,2,5,1,0,0,29,5,1,2,0.05628263150098103,1731,1569.0,0.689,0.06956770684225594,27,0.929,0.5276381909547738,0
42,1,4,2,1,2,3,30,3,1,3,0.861568367812756,0,29937.0,0.746,0.8206699112510736,109,0.627,0.0,0
48,0,2,2,1,4,0,35,3,1,1,0.009574426275103777,1058,697.0,0.697,0.23985113083309476,90,0.8,0.6060301507537688,0
49,1,4,2,2,3,0,36,5,1,3,0.01586265066797269,1516,447.0,0.872,0.20727168622960204,75,0.744,0.7758793969849246,0
33,0,1,4,1,4,0,15,6,2,0,0.009151180402506828,1328,413.0,0.69,0.1201832235900372,61,0.649,0.7668341708542713,0
39,0,2,2,2,4,0,29,6,2,4,0.014653376746267127,845,1078.0,0.587,0.06527340395075866,37,0.682,0.4412060301507537,0
53,0,2,2,2,1,0,43,3,4,4,0.14359220864812247,2517,3671.0,0.713,0.0839965645576868,43,1.048,0.4090452261306532,0
54,0,2,0,1,4,0,48,3,2,2,0.031280893169718584,1745,728.0,0.769,0.2458058975093043,72,0.8,0.7095477386934672,0
49,1,3,0,1,0,0,43,5,3,3,0.1010559984521294,0,4781.0,0.788,0.10999141139421702,50,0.667,0.0,1
43,1,3,2,2,0,0,30,4,2,3,0.317062552716785,1766,10160.0,0.875,0.18597194388777552,84,0.75,0.1487437185929648,0
52,0,2,3,1,4,0,39,1,3,4,0.02402524963948522,1790,443.0,0.798,0.13501288290867447,50,0.562,0.8060301507537688,1
35,0,4,5,1,4,0,26,5,1,4,0.031915761978614,1316,1178.0,1.486,0.13833381047809903,57,1.036,0.5306532663316583,0
60,1,2,2,2,2,0,48,3,4,1,0.28562143075244045,1145,9741.0,0.749,0.16936730604065273,66,0.535,0.10552763819095476,0
54,0,0,5,1,4,0,36,2,2,2,0.0016839139359749941,706,788.0,1.674,0.04437446321213856,24,3.0,0.4753768844221105,0
44,0,4,2,1,4,0,36,4,1,4,0.020216036786112702,0,2107.0,0.975,0.1990838820498139,82,0.952,0.0,0
36,0,4,5,1,1,0,16,1,2,2,0.08863070890660477,1222,3148.0,0.648,0.3832235900372173,90,0.552,0.2814070351758794,0
45,1,3,4,0,2,0,37,6,3,3,0.03968534692557222,2432,319.0,0.905,0.22462066991125104,75,0.923,0.8884422110552763,0
40,0,2,2,2,1,0,29,1,3,3,0.02759260770851662,1337,1014.0,0.613,0.2625250501002004,84,0.787,0.571859296482412,0
46,0,3,5,1,1,0,36,6,3,2,0.3612312827070806,0,13387.0,0.746,0.18184941311193814,81,0.62,0.0,0
50,0,3,2,1,4,0,42,4,1,2,0.024236872575783698,0,2240.0,0.668,0.0787288863441168,39,0.345,0.0,0
32,1,0,4,2,1,0,14,1,1,3,0.07789840285146793,0,4015.0,1.045,0.44849699398797593,65,0.806,0.0,1
50,1,4,2,1,2,0,36,5,1,4,0.2656684110442987,1638,8588.0,1.053,0.15980532493558544,57,1.036,0.16080402010050251,0
59,1,1,0,1,0,0,50,1,5,4,0.43405980464179794,812,14984.0,0.719,0.046321213856284,23,0.15,0.05125628140703517,1
49,0,2,5,2,4,0,39,6,1,3,0.009967440299658084,0,1768.0,0.788,0.23464070999141137,90,0.837,0.0,0
41,0,2,3,1,1,0,36,5,2,4,0.03518080156721901,1490,1112.0,0.66,0.15007157171485827,78,0.66,0.5758793969849245,0
59,0,0,0,2,4,0,55,2,2,3,0.03648077103305249,1127,1518.0,0.623,0.21305468079015172,76,0.767,0.4281407035175879,0
36,1,2,2,2,4,0,36,3,3,3,0.08424709094042213,2517,1708.0,0.662,0.12190094474663614,43,0.387,0.5989949748743718,1
46,1,4,5,2,3,0,36,1,2,3,0.2737100826236407,1094,9398.0,0.915,0.7577440595476668,104,0.733,0.10452261306532662,0
45,0,4,2,2,4,0,36,3,1,3,0.06420337568815246,2107,1455.0,0.394,0.22673919267105638,90,0.667,0.5949748743718593,0
45,0,3,2,1,1,0,34,4,5,2,0.0028629560096379153,728,805.0,0.906,0.23641568851989694,83,0.766,0.4773869346733668,0
45,0,3,2,1,4,0,39,4,3,3,0.035301728959389565,1978,628.0,0.443,0.0951044947036931,42,0.5,0.7628140703517587,0
48,1,3,0,1,3,0,42,3,3,0,0.18256106077508413,0,7477.0,0.511,0.036014886916690525,32,0.684,0.0,0
44,1,2,2,2,3,0,31,5,2,4,1.0000000000000002,1311,33205.0,0.6,0.22645290581162322,85,0.771,0.03819095477386934,0
40,1,3,4,1,0,0,36,4,2,4,0.18216804675052983,2517,4947.0,0.9,0.21860864586315487,62,0.879,0.33869346733668343,0
36,1,1,5,0,0,0,28,6,3,2,0.11553705366455347,1116,4144.0,0.664,0.1154308617234469,62,0.879,0.2130653266331658,0
59,0,0,2,1,4,0,49,5,2,4,0.16801954186657478,0,6996.0,0.871,0.10615516747781277,33,0.375,0.0,1
29,1,0,4,2,1,0,19,4,1,2,0.3686380854775272,1482,12150.0,0.893,0.0937875751503006,42,2.5,0.10954773869346733,0
33,1,3,2,2,2,0,27,6,2,3,0.01828119851138381,1725,318.0,0.686,0.26807901517320354,79,0.646,0.8482412060301506,0
43,0,3,3,1,4,0,36,6,2,3,0.024297336271868968,0,2242.0,0.658,0.24706555969081015,66,0.941,0.0,0
55,0,2,0,0,4,0,43,5,2,1,0.024206640727741056,1340,899.0,0.658,0.22960206126538787,73,0.587,0.601005025125628,0
42,0,1,2,1,4,0,36,3,3,4,0.04669913567146446,0,2983.0,0.865,0.11331233896364155,46,0.586,0.0,1
53,1,3,3,1,3,0,44,4,2,3,0.6658171517366686,2202,21260.0,0.571,0.04906956770684226,33,0.65,0.09447236180904522,0
50,1,3,2,2,0,0,33,4,1,4,0.47308912046484486,0,17087.0,0.761,0.17114228456913827,70,0.591,0.0,0
43,0,1,3,2,4,0,30,3,2,0,0.12883906680331464,1904,3796.0,0.649,0.42421986830804465,95,0.61,0.335678391959799,0
49,1,4,3,0,3,0,37,5,2,2,0.9341550349631323,1664,30674.0,0.919,0.14217005439450328,83,0.766,0.05125628140703517,0
38,1,2,5,2,0,0,30,6,3,4,0.07874489459666181,2517,1526.0,0.602,0.11852275980532494,47,0.621,0.6261306532663315,1
61,1,0,4,1,4,0,53,6,2,3,0.3928840276077236,1927,12507.0,2.675,0.06876610363584311,32,3.571,0.13467336683417086,0
35,1,3,4,1,3,0,28,3,1,2,0.08893302738703115,0,4380.0,0.719,0.9578013169195534,121,0.704,0.0,0
45,1,4,3,2,3,0,34,3,2,3,0.4375969308627867,1696,14217.0,0.632,0.22570855997709702,86,0.792,0.10753768844221104,0
55,1,1,2,2,3,0,46,3,1,1,0.5923537609930558,1409,19623.0,0.767,0.8619524763813341,105,0.81,0.06733668341708543,0
51,1,4,3,2,1,0,36,2,2,4,0.2593499548033872,1850,8167.0,0.622,0.8648726023475523,116,0.681,0.185929648241206,0
32,0,0,2,2,4,0,22,1,3,2,0.0,713,725.3,0.806,0.2616089321500143,80,0.951,0.49849246231155775,0
45,0,3,2,1,4,0,40,2,1,3,0.07774724361125473,2517,1493.0,0.71,0.7915259089607787,101,0.629,0.6311557788944723,0
58,0,1,2,1,1,3,53,1,3,3,0.4380504085834263,1527,14401.0,0.838,0.8100772974520469,125,0.712,0.0964824120603015,0
59,1,0,5,2,1,0,36,3,2,2,0.2890678614293013,1013,9987.0,0.697,0.3877469224162611,86,0.654,0.09246231155778893,0
59,1,1,5,1,1,0,53,5,1,3,0.022483425389310634,1558,624.0,0.457,0.06470083023189235,34,0.789,0.7175879396984923,0
27,1,1,2,2,1,0,21,2,3,1,0.2674218582307718,787,9497.0,0.739,0.734325794446035,92,0.84,0.07738693467336683,0
43,0,3,5,2,4,0,38,6,1,2,0.00250017383312625,0,1521.0,0.791,0.24906956770684222,79,0.549,0.0,0
55,0,2,5,1,1,0,48,4,1,1,0.04754562741665836,2138,873.0,0.565,0.22381906670483823,75,0.875,0.7135678391959798,0
62,0,0,3,1,1,0,52,5,2,3,0.018553285143767556,1250,802.0,0.728,0.03882049813913542,31,0.632,0.6120603015075377,0
53,1,1,2,1,2,0,45,6,2,2,0.05870117934439215,1701,1679.0,0.747,0.05565416547380475,25,1.273,0.5055276381909547,0
49,0,1,3,1,4,0,42,1,3,1,0.023481076374717712,1347,868.0,0.655,0.236243916404237,72,0.636,0.6110552763819095,0
58,1,1,3,1,2,0,53,5,2,5,0.0,0,1438.3,0.425,0.05777268823361008,40,0.6,0.0,0
53,0,2,1,1,4,0,39,1,2,3,0.0,0,1438.3,0.644,0.01586029201259662,22,0.692,0.0,1
59,0,0,2,2,1,3,45,6,3,3,0.602209343454956,1225,20133.0,0.681,0.17841397079874033,77,0.75,0.057286432160804014,0
53,1,4,0,2,2,0,45,5,3,2,0.3908282619408242,888,13478.0,0.638,0.19112510735757227,66,0.61,0.06231155778894472,0
55,0,3,2,2,4,0,45,4,3,4,0.009151180402506828,0,1741.0,0.84,0.1154308617234469,42,0.4,0.0,1
51,0,4,2,1,4,0,39,2,3,1,0.02508336432097758,651,1617.0,0.717,0.256856570283424,88,0.66,0.28844221105527634,0
30,1,2,2,1,4,3,18,1,1,3,0.2593499548033872,726,9291.0,0.924,0.502089894073862,68,0.619,0.07236180904522611,1
43,1,3,2,1,2,0,31,5,1,2,0.36307542543768156,0,13448.0,0.667,0.25977669624964217,62,0.722,0.0,0
48,1,3,5,1,1,0,34,5,1,2,0.29484214440544537,0,11191.0,0.58,0.19375894646435726,71,0.775,0.0,0
35,0,4,2,1,4,0,30,6,3,4,0.005674517877603348,979,647.0,1.467,0.13266533066132263,61,0.968,0.6050251256281406,0
53,1,3,2,1,1,0,48,2,2,2,0.39871877427995295,1997,12630.0,0.718,0.4143143429716576,82,0.745,0.13768844221105528,0
53,1,5,2,2,0,1,36,2,4,1,1.0000000000000002,2088,32428.0,0.822,0.8451188090466647,123,0.732,0.06030150753768843,0
42,1,3,2,1,1,1,36,3,2,5,0.6815074808707982,1399,22582.0,0.712,0.819352991697681,125,0.761,0.05829145728643216,0
49,1,1,2,2,3,0,36,6,2,2,0.5274762150935525,895,17991.0,1.826,0.04036644718007444,18,1.571,0.04723618090452261,0
34,1,3,3,1,0,0,25,3,2,4,0.6808423802138601,2517,21442.0,0.926,0.07672487832808474,45,0.667,0.10552763819095476,0
43,0,2,2,1,4,0,34,6,1,4,0.17448915734769954,782,6428.0,0.733,0.21294016604637844,75,0.5,0.10854271356783919,0
53,1,2,4,2,0,0,36,6,1,2,1.0000000000000002,931,33585.0,0.828,0.028170626968222156,21,1.1,0.027135678391959798,0
33,1,3,3,1,3,0,22,5,3,2,0.23144595906003143,0,9094.0,0.631,0.21030632693959345,76,0.727,0.0,0
47,0,4,2,0,1,0,34,6,1,2,0.062389464805594104,1851,1651.0,2.023,0.07351846550243343,31,0.722,0.5316582914572864,0
31,1,1,4,2,1,0,20,5,3,3,0.37172173397787633,0,13734.0,0.855,0.11657600916117951,74,0.762,0.0,0
27,1,0,2,2,4,0,13,2,2,4,0.06489870819313315,2420,1165.0,0.812,0.8660750071571715,124,0.746,0.6783919597989949,0
49,0,3,5,2,1,0,38,1,2,3,0.03678308951347888,2283,372.0,0.751,0.10626968222158602,49,0.485,0.8643216080402009,1
41,1,2,5,0,0,0,29,3,2,2,0.43753646716670147,896,15015.0,0.954,0.04237045519610649,33,0.833,0.056281407035175875,0
45,0,3,3,1,1,0,37,4,2,4,0.056403558893151594,0,3304.0,0.532,0.06876610363584311,32,0.28,0.0,1
41,0,4,3,2,4,0,36,6,3,3,0.09921185572152841,0,4720.0,0.978,0.47340395075866015,67,0.675,0.0,1
54,1,1,0,2,0,0,37,6,2,3,0.23132503166786086,2517,6573.0,0.661,0.09785284855425135,43,0.72,0.27839195979899495,1
47,1,2,2,1,3,0,36,6,2,1,0.03252039893946678,1845,669.0,0.683,0.18127683939307185,71,0.614,0.7376884422110552,0
47,1,3,0,2,2,0,39,5,3,2,0.6397270668758711,0,22599.0,1.039,0.24099627827082734,55,0.486,0.0,1
38,0,4,1,1,4,0,26,4,2,4,0.0775053888269136,1402,2600.0,0.579,0.09069567706842256,53,0.514,0.3517587939698492,0
37,0,4,2,1,4,0,31,5,2,3,0.009665121819231695,1180,578.0,0.744,0.08491268250787289,41,0.367,0.6743718592964824,0
40,0,3,5,1,4,0,33,1,1,1,0.21989739310774328,991,7721.0,0.615,0.8005725737188663,115,0.769,0.11457286432160803,0
45,1,2,2,1,1,0,36,2,1,3,0.06943348539952901,2113,1622.0,0.684,0.3738333810478099,82,0.577,0.5688442211055276,0
35,1,3,5,2,4,0,21,5,2,1,0.1410527334125408,1595,4509.0,0.619,0.8422559404523332,102,0.729,0.2623115577889447,0
58,0,2,3,2,4,0,50,4,3,4,0.0,818,620.3,0.917,0.20990552533638704,71,1.088,0.571859296482412,0
65,1,0,2,1,4,0,46,3,2,2,0.02955767783128816,1499,917.0,0.905,0.1054680790151732,53,0.514,0.6231155778894472,0
51,0,2,3,1,4,3,36,5,3,0,0.2969583737684301,2485,8776.0,0.736,0.0359576295448039,26,0.857,0.22211055276381908,0
53,1,3,2,1,3,0,33,3,2,3,0.0397458106216575,1811,942.0,0.977,0.02908674491840824,25,2.571,0.6613065326633165,0
54,0,3,2,2,1,0,39,3,4,1,0.07853327166036334,1329,2707.0,0.738,0.27397652447752646,82,0.708,0.33065326633165826,0
38,0,0,5,2,4,0,36,4,1,2,0.007276805823863211,0,1679.0,0.658,0.24282851417119952,81,0.761,0.0,0
46,1,4,5,2,3,1,41,6,3,2,1.0000000000000002,1104,33412.0,0.591,0.08353850558259376,47,0.741,0.0321608040201005,1
44,1,2,2,1,2,0,39,5,3,3,0.6238855785015283,1506,20569.0,0.794,0.10346407099914114,40,0.818,0.06834170854271357,0
39,0,1,2,2,4,0,31,5,2,1,0.05900349782481854,2222,1168.0,0.768,0.25599770970512453,82,0.822,0.6582914572864321,0
52,1,1,2,2,3,0,44,3,3,1,1.0000000000000002,0,34516.0,0.551,0.0691096478671629,38,0.9,0.0,0
47,1,2,2,1,3,0,43,3,2,2,0.02175786103628729,1170,988.0,0.73,0.22278843401087886,89,0.679,0.5447236180904522,0
47,0,5,4,1,1,0,41,6,2,2,0.09153296631869812,777,3689.0,1.02,0.0702547953048955,59,0.595,0.17487437185929647,0
51,1,2,2,1,1,0,44,4,1,0,0.14410615006484734,2204,4001.0,0.803,0.04677927283137705,28,0.556,0.3567839195979899,0
44,0,4,2,2,4,0,34,5,1,2,0.08391454061195308,1249,2965.0,0.542,0.04918408245061552,34,0.478,0.2974874371859296,0
45,0,5,0,2,1,3,39,3,2,2,0.4304622147247239,1227,14450.0,0.76,0.18826223876324075,81,0.588,0.07839195979899496,0
34,1,1,0,1,1,0,20,2,1,3,0.18180526457401816,1656,5796.0,0.6,0.16083595762954478,51,0.962,0.22311557788944722,0
41,1,0,3,1,0,0,36,3,2,3,0.507160413208899,1998,16216.0,0.829,0.04660750071571715,21,1.1,0.11055276381909547,0
60,0,1,2,2,4,0,55,3,3,3,0.361533601187507,0,13397.0,0.814,0.2587460635556828,75,0.63,0.0,0
50,0,1,4,1,4,0,46,2,2,1,0.5414735607372944,615,18734.0,0.708,0.21878041797881476,79,0.717,0.0321608040201005,0
33,1,2,3,1,3,0,23,6,2,2,0.005795445269773901,0,1630.0,0.605,0.22307472087031202,91,0.784,0.0,0
35,1,3,5,1,2,0,22,5,2,2,0.16768699153810576,1130,5855.0,0.963,0.0666475808760378,44,0.76,0.1628140703517588,0
52,1,3,3,2,3,0,41,6,3,3,0.09685377157420258,2413,2229.0,0.797,0.17188663040366445,72,0.674,0.5226130653266331,0
31,1,1,4,2,1,0,24,4,2,4,0.08255410745003433,534,3635.0,0.836,0.4600629831090753,70,0.795,0.128643216080402,1
43,1,2,2,1,2,0,28,6,3,2,0.5558941522536331,1389,18437.0,0.614,0.17354709418837674,73,0.659,0.07035175879396985,0
48,0,2,1,2,4,0,36,4,2,3,0.05135484027003088,860,2277.0,0.304,0.06229602061265388,34,0.097,0.27537688442211056,1
42,0,1,0,1,4,0,35,2,1,3,0.043373632386774184,2517,356.0,0.803,0.250042943028915,71,1.088,0.8804020100502512,0
34,0,3,2,1,1,0,29,3,2,4,0.003951302539172925,909,660.0,1.288,0.09384483252218723,48,1.182,0.5819095477386934,0
47,0,5,2,2,4,0,42,4,2,4,0.023753163007101473,1106,1118.0,0.501,0.0668766103635843,41,0.367,0.49949748743718586,0
45,1,3,2,1,1,0,35,5,3,2,0.06347781133512911,0,3538.0,0.653,0.20572573718866302,74,0.762,0.0,0
52,1,5,1,2,1,3,39,4,2,2,0.4957025428007389,868,16967.0,0.723,0.21345548239335813,58,0.657,0.04924623115577889,0
33,0,1,2,1,4,0,13,3,1,3,0.05673610922162061,1243,2072.0,0.709,0.19902662467792726,65,0.548,0.37688442211055273,0
39,1,4,2,1,3,0,30,5,2,2,0.48627020621143546,0,17523.0,0.424,0.0826796450042943,54,0.688,0.0,1
37,0,3,2,2,4,0,24,2,1,4,0.041227171175746806,2460,342.0,1.029,0.050157457772688235,28,0.077,0.8824120603015074,1
53,0,1,0,2,4,0,44,3,2,2,0.289430643605813,1328,9684.0,0.617,0.186830804466075,86,0.654,0.121608040201005,0
44,0,2,2,0,4,0,36,3,2,3,0.013353407280433653,0,1880.0,0.519,0.11102204408817636,34,0.417,0.0,1
49,0,4,2,1,1,0,38,4,2,1,0.3445735344355865,1034,11802.0,0.663,0.11388491268250787,53,0.472,0.0814070351758794,0
49,0,0,1,1,4,0,37,5,2,3,0.00939303518684794,0,1749.0,1.006,0.11336959633552819,38,0.407,0.0,1
56,0,5,2,2,1,0,37,4,2,1,0.03533196080743221,1702,905.0,0.802,0.25302032636701977,74,0.762,0.6562814070351759,0
39,0,5,2,1,1,0,31,3,3,6,0.05728028248638812,1867,1466.0,0.947,0.16135127397652446,50,0.282,0.5628140703517588,1
45,0,3,2,2,4,0,36,1,2,2,0.0879656082496667,1830,2518.0,1.036,0.2154594904093902,66,0.692,0.4231155778894472,0
34,0,2,0,1,4,0,36,1,3,2,0.007790747240588078,0,1696.0,0.782,0.10277698253650157,56,0.556,0.0,1
58,0,3,2,1,4,0,36,2,2,2,0.10837210567844804,1857,3166.0,0.631,0.7776123675923275,98,0.69,0.371859296482412,0
43,1,1,4,2,2,0,38,4,2,3,0.02868095423805162,1482,905.0,0.868,0.1934726596049241,67,0.675,0.6241206030150753,0
57,0,3,3,1,4,0,51,6,2,3,0.002197855352699861,0,1511.0,0.678,0.23778986544517602,87,0.706,0.0,0
54,0,2,3,0,4,0,36,6,3,1,0.06508009928138897,2517,1074.0,0.665,0.102089894073862,43,0.536,0.7045226130653265,1
48,1,4,2,1,3,3,40,6,2,5,1.0000000000000002,807,33709.0,0.967,0.19507586601774976,80,1.051,0.023115577889447233,0
42,0,3,2,1,1,0,36,4,2,3,0.0,0,1438.3,0.58,0.0951044947036931,51,0.457,0.0,1
52,0,2,2,1,1,0,36,5,3,1,0.02895304087043537,1663,733.0,0.645,0.23126252505010017,70,0.667,0.6974874371859295,0
42,1,3,2,2,1,0,30,6,2,2,0.2273948914223178,1054,7906.0,0.414,0.05485256226739192,26,0.368,0.11859296482412059,0
43,0,2,5,2,4,0,32,4,3,6,0.0057349815736886245,275,1353.0,0.69,0.09670770111651876,49,0.531,0.16984924623115577,1
43,0,4,5,1,4,0,36,5,3,3,0.062087146325167715,2517,975.0,0.6,0.11336959633552819,47,0.621,0.7246231155778894,1
44,1,4,2,1,3,0,37,5,1,2,0.08451917757280586,972,3262.0,1.707,0.04683653020326367,27,1.7,0.23115577889447236,0
34,0,1,2,1,1,0,27,3,1,3,0.022211338756926872,0,2173.0,0.922,0.22112797022616662,83,0.766,0.0,0
53,1,3,3,2,4,0,47,5,1,1,0.05782445575115563,1474,1877.0,0.393,0.21551674778127683,66,0.737,0.4422110552763819,0
44,0,3,5,2,4,0,32,2,2,1,0.0,894,544.3,0.762,0.23801889493272257,85,0.932,0.6251256281407035,0
39,0,2,3,1,4,0,27,6,2,2,0.2806936395214903,1529,9194.0,1.426,0.137875751503006,63,0.703,0.1437185929648241,0
51,0,2,5,2,4,0,44,6,1,4,0.0,0,1438.3,0.827,0.2266246779272831,84,0.826,0.0,0
50,0,2,5,1,4,0,44,6,2,5,0.4632940016990299,0,16763.0,0.88,0.17726882336100772,69,0.683,0.0,0
51,1,2,0,2,0,0,41,6,3,2,0.7641311215713306,2517,24197.0,0.758,0.06618952190094475,50,0.724,0.09447236180904522,0
42,1,4,5,1,2,0,36,5,3,3,0.04618519425473961,2371,595.0,0.969,0.22250214715144576,83,0.844,0.8030150753768844,0
50,0,3,3,2,4,0,36,4,3,1,0.016557983172953386,1614,372.0,0.554,0.2239908388204981,64,0.73,0.8170854271356782,0
49,0,2,5,1,4,0,41,5,1,3,0.022695048325609098,1860,329.0,0.834,0.2098482679645004,81,0.653,0.8542713567839195,0
40,1,3,2,1,2,0,36,4,4,4,0.02372293115905883,597,1626.0,0.572,0.16037789865445173,67,0.675,0.27035175879396983,0
49,0,2,3,1,1,0,39,5,3,4,0.03874815963625041,1926,794.0,0.602,0.18757515030060118,61,0.794,0.7115577889447235,0
47,0,1,2,2,4,0,37,6,3,3,0.030313474032354133,1672,769.0,0.893,0.22381906670483823,74,0.682,0.6884422110552764,0
38,1,1,5,1,1,0,18,3,3,3,0.06302433361448953,1379,2144.0,0.71,0.834697967363298,118,0.71,0.392964824120603,0
52,0,3,2,2,1,0,42,6,3,2,0.04805956883338323,2258,770.0,1.058,0.2054967077011165,81,0.884,0.7497487437185929,0
49,0,3,5,0,1,0,36,5,1,2,0.11487195300761543,1365,3873.0,1.027,0.07466361294016605,43,1.263,0.2623115577889447,0
29,1,1,2,2,2,0,19,3,1,2,0.6671775848985873,1990,21517.0,0.631,0.12138562839965646,65,0.912,0.08542713567839195,0
49,1,3,5,0,3,0,37,6,3,3,0.8147996988907935,1141,27249.0,0.919,0.23481248210707126,76,0.949,0.04020100502512563,0
65,0,0,3,1,4,0,36,4,3,2,0.20254431233126852,2104,6034.0,0.837,0.044030918980818776,29,0.812,0.26030150753768844,0
56,0,2,2,1,4,0,45,5,1,3,0.11565798105672404,0,5264.0,0.852,0.2526767821357,70,0.795,0.0,0
30,1,0,2,1,2,0,23,3,3,2,0.11209062298769262,1773,3373.0,0.879,0.05605496707701117,45,0.667,0.3467336683417085,0
33,1,3,3,1,1,0,23,1,2,3,0.14975950564882082,1429,4963.0,0.682,0.20263383910678498,66,0.737,0.2251256281407035,0
56,0,4,3,2,4,0,36,3,1,3,0.22500657542694932,2145,6736.0,0.705,0.08571428571428572,49,0.815,0.24321608040201,0
40,1,3,2,2,3,0,23,6,2,2,0.3361993125277755,0,12559.0,0.715,0.23876324076724878,71,0.511,0.0,0
56,1,4,3,2,3,0,40,4,3,3,1.0000000000000002,0,34516.0,0.846,0.2395648439736616,82,0.745,0.0,0
36,0,0,0,1,4,0,26,5,3,3,0.09836536397633452,0,4692.0,0.837,0.21477240194675062,69,0.643,0.0,0
38,1,2,3,2,2,3,36,5,3,2,0.9102114113133623,2057,29489.0,0.625,0.846321213856284,108,0.714,0.06532663316582914,0
36,0,2,0,1,4,0,17,5,2,2,0.016104505452313803,0,1971.0,0.613,0.25473804752361867,77,0.571,0.0,0
44,0,4,2,2,4,0,36,6,4,2,0.16814046925874535,2517,4483.0,0.475,0.03332379043801889,23,1.875,0.3618090452261306,0
46,0,2,2,2,1,0,29,4,2,4,0.05102228994156185,2517,609.0,1.235,0.06344116805038649,41,0.519,0.8090452261306532,0
57,0,4,4,2,1,0,48,4,2,1,0.0343947735181104,1678,898.0,0.771,0.19370168909247062,86,0.72,0.6542713567839196,0
40,0,4,1,1,4,0,21,1,2,1,0.046729367519507105,2517,467.0,0.574,0.10552533638705984,53,0.359,0.8472361809045225,1
41,0,1,5,1,1,0,36,3,4,1,0.02408571333557049,1688,547.0,0.631,0.23492699685084453,79,0.795,0.7587939698492462,0
54,0,1,0,1,4,3,43,6,3,4,0.2829307962766456,1252,9545.0,0.489,0.06922416261093615,38,0.226,0.11658291457286432,1
45,1,4,1,1,3,0,39,2,3,2,0.0,1162,276.3,0.539,0.23292298883481247,86,0.623,0.8120603015075377,0
58,0,2,3,2,4,0,46,6,2,2,0.02892280902239274,1345,1050.0,0.811,0.2549670770111652,84,0.867,0.5648241206030151,0
54,0,1,5,1,4,0,42,2,2,3,0.05268504158390699,2087,1094.0,0.752,0.7364443172058402,92,0.736,0.6592964824120603,0
51,0,1,2,1,1,0,45,5,2,2,0.16142899899327948,865,5913.0,0.992,0.15047237331806468,71,0.775,0.128643216080402,0
27,1,0,0,1,3,3,19,1,1,3,1.0000000000000002,1131,33385.0,0.715,0.8122530775837389,112,0.75,0.033165829145728645,0
45,0,3,3,2,4,0,36,3,2,2,0.0347877875426647,2052,537.0,0.636,0.20629831090752931,68,0.789,0.7969849246231155,0
55,1,2,2,2,2,0,36,6,3,3,0.02432756811991161,1418,825.0,0.39,0.04603492699685084,31,0.409,0.6351758793969848,0
57,1,2,5,1,2,0,41,3,3,2,0.03291341296402108,1030,1497.0,0.714,0.1280847409103922,43,0.387,0.41005025125628136,1
65,1,0,3,1,4,0,56,3,3,5,0.07254736574792081,1736,2102.0,0.445,0.053650157457772685,29,0.706,0.45427135678391956,0
48,1,3,0,1,3,0,41,4,5,3,0.3284297275808173,1632,10670.0,1.509,0.054566275407958775,41,0.519,0.13366834170854272,0
43,0,4,2,2,1,0,23,2,1,1,0.0,0,1438.3,0.728,0.22696822215860288,82,0.708,0.0,0
49,1,2,2,2,2,0,38,4,1,2,0.03091811099320691,1586,875.0,1.676,0.06865158889206985,35,0.75,0.6472361809045226,0
44,1,3,0,1,1,3,36,2,1,2,0.4462432394029815,1533,14666.0,0.855,0.43630117377612365,106,0.631,0.09547738693467336,0
34,0,0,2,1,4,0,13,4,1,4,0.19661887011491128,2087,5855.0,0.754,0.20257658173489834,66,0.61,0.264321608040201,0
53,1,4,0,2,2,0,42,3,3,3,0.05011533450028268,0,3096.0,0.684,0.23927855711422844,87,0.776,0.0,0
50,1,2,3,1,0,3,37,5,2,1,1.0000000000000002,399,34117.0,0.726,0.09092470655596908,41,0.519,0.012060301507537688,1
42,0,4,3,1,4,0,32,6,3,3,0.06093833609954744,0,3454.0,0.862,0.13146292585170338,39,0.625,0.0,1
42,0,2,2,1,4,0,29,5,3,4,0.05325944669671714,1733,1467.0,0.909,0.2574291440022903,79,0.837,0.5447236180904522,0
53,0,2,3,2,1,0,47,5,2,3,0.0029536515537658334,728,808.0,0.604,0.20629831090752931,78,0.529,0.4763819095477386,0
39,1,2,3,2,0,0,33,1,3,4,0.008697702681867245,1476,250.0,0.371,0.07294589178356714,34,0.259,0.8592964824120602,1
38,0,3,4,1,4,0,32,4,3,2,0.056796572917705894,2517,800.0,0.862,0.18562839965645575,74,1.0,0.7628140703517587,0
41,1,1,2,2,3,0,29,5,1,3,0.6120649259168564,1748,19936.0,0.715,0.045748640137417695,24,0.6,0.0814070351758794,0
48,0,4,2,1,4,3,36,2,2,3,0.28825160153215007,1466,9507.0,0.802,0.2497566561694818,94,0.593,0.13467336683417086,0
59,0,0,2,1,4,0,48,2,2,1,0.020609050810667016,1411,709.0,0.665,0.19192671056398508,92,0.643,0.6693467336683416,0
48,1,3,2,2,3,0,35,3,3,3,0.6026930530236383,0,21374.0,0.631,0.20440881763527052,79,0.681,0.0,0
46,0,3,3,1,1,0,34,2,3,2,0.05737097803051603,1687,1649.0,0.645,0.2889779559118237,95,0.759,0.5085427135678392,0
58,1,2,1,1,0,0,48,2,3,1,0.3388899470035704,1604,11044.0,0.719,0.7978814772401946,125,0.712,0.12763819095477386,0
42,1,3,2,2,2,0,32,6,2,2,0.0,0,1438.3,0.66,0.07237331806470083,45,0.875,0.0,0
46,1,3,2,1,2,0,36,6,3,4,0.02239272984518271,1632,547.0,0.801,0.20011451474377323,69,0.683,0.7527638190954773,0
58,0,2,2,1,4,0,43,6,2,2,0.048240959921639064,2517,517.0,0.63,0.06223876324076724,29,1.417,0.8341708542713566,0
49,1,2,2,2,3,0,43,3,3,5,0.10583263044286637,1190,3749.0,0.557,0.1851703406813627,64,0.524,0.24221105527638187,0
55,0,2,0,2,1,0,35,4,4,4,0.0,696,742.3,0.888,0.216261093615803,76,0.9,0.48643216080402,0
43,1,5,2,2,4,0,36,3,2,2,0.0,0,1438.3,0.644,0.2249642141425708,65,0.477,0.0,0
52,1,2,2,1,3,3,45,5,4,2,1.0000000000000002,1938,32578.0,0.807,0.09991411394217005,46,0.438,0.056281407035175875,0
49,0,3,2,1,4,0,36,4,3,3,0.03829468191561083,1681,1024.0,0.577,0.21385628399656453,87,0.776,0.6241206030150753,0
43,1,5,2,2,1,0,33,4,2,1,0.0,0,1438.3,0.643,0.22782708273690236,80,0.569,0.0,0
42,1,3,3,1,1,0,37,6,2,4,0.04095508454336306,1661,1132.0,1.117,0.1555682794159748,69,0.865,0.5979899497487436,0
46,1,3,2,2,3,0,35,2,1,1,0.3136765857360095,1440,10374.0,0.798,0.4955625536787861,100,0.695,0.12261306532663316,0
59,0,1,2,2,4,0,36,3,2,3,0.1480362903103904,1128,5207.0,0.397,0.03933581448611509,20,0.667,0.17889447236180903,0
52,1,2,2,1,3,0,42,5,3,2,0.615027647025035,1006,20776.0,0.654,0.05765817348983682,35,0.591,0.046231155778894466,0
56,1,1,2,2,3,3,49,5,2,2,1.0000000000000002,1091,33425.0,0.64,0.8442026910964786,108,0.714,0.0321608040201005,0
59,1,0,2,1,1,0,53,3,2,3,0.08473080050910434,0,4241.0,0.607,0.07260234755224736,45,0.731,0.0,0
51,0,3,2,2,1,0,38,3,3,3,0.10846280122257596,0,5026.0,0.564,0.07523618665903235,37,0.609,0.0,1
51,1,2,1,2,1,0,40,3,2,0,0.14102250156449816,0,6103.0,0.532,0.15304895505296306,64,0.829,0.0,0
62,0,1,3,1,4,0,56,2,1,2,0.22830184686359697,0,8990.0,0.935,0.012424849699398794,19,0.583,0.0,1
65,0,2,0,2,1,0,54,4,3,2,0.04748516372057308,721,2288.0,0.68,0.20269109647867162,71,0.614,0.24120603015075373,0
59,1,0,3,2,3,1,48,5,2,6,1.0000000000000002,0,34516.0,0.969,0.45519610649871173,71,0.821,0.0,1
49,1,5,2,2,2,0,36,6,1,2,0.11248363701224695,1532,3627.0,0.787,0.074205553965073,37,0.609,0.29849246231155774,0
49,1,2,2,1,1,0,36,4,3,4,0.11181853635530889,0,5137.0,0.612,0.0866304036644718,52,1.0,0.0,0
46,1,2,2,1,2,0,36,3,2,3,0.4222391520571261,1691,13714.0,0.814,0.07059833953621529,44,0.189,0.11055276381909547,0
37,1,1,2,1,2,0,31,5,1,2,0.5655078799311923,1195,18949.0,0.67,0.7876896650443744,106,0.828,0.05929648241206029,0
60,1,0,4,1,2,0,49,5,1,4,0.05271527343194963,1928,1254.0,0.509,0.04025193243630118,35,0.4,0.6090452261306532,0
64,0,0,5,2,4,0,36,3,2,1,0.01181158303025906,0,1829.0,0.576,0.19582021185227597,65,0.548,0.0,0
41,0,2,2,2,4,0,36,3,2,2,0.0,834,604.3,0.407,0.07787002576581735,43,0.387,0.5829145728643215,1
47,0,2,0,1,4,0,36,6,3,3,0.0,0,1438.3,0.634,0.18906384196965356,87,0.673,0.0,0
56,1,1,2,1,3,0,36,6,1,3,0.3430619420334546,1880,10906.0,0.702,0.03864872602347552,19,0.462,0.14773869346733667,0
46,1,5,0,1,2,0,39,3,2,3,0.6895793842981828,1020,23228.0,1.19,0.15923275121671915,84,0.75,0.04221105527638191,0
47,1,4,5,1,2,0,36,3,3,3,0.48729808904488525,0,17557.0,0.667,0.0922988834812482,62,0.378,0.0,0
38,0,1,2,1,4,0,31,3,1,3,0.17521472170072286,0,7234.0,0.899,0.2672774119667907,75,1.083,0.0,0
49,1,4,2,1,3,0,38,2,3,2,0.8601474709547521,0,29890.0,0.64,0.15946178070426564,47,0.382,0.0,1
43,0,2,5,2,4,0,36,3,1,4,0.03430407797398247,1640,933.0,0.873,0.20406527340395075,77,0.638,0.6402010050251256,0
43,0,2,2,1,4,0,36,5,2,4,0.06501963558530371,1808,1781.0,0.75,0.21368451188090465,70,0.667,0.5065326633165829,0
49,0,3,3,1,4,0,45,3,3,0,0.0060373000541150135,1038,600.0,0.718,0.20727168622960204,70,0.591,0.6371859296482412,0
57,1,1,3,2,3,0,53,4,1,3,0.197646752948361,585,7391.0,0.925,0.20337818494131119,74,0.682,0.07336683417085427,0
30,0,0,5,1,4,0,13,3,1,3,0.14017600981930425,0,6075.0,0.923,0.498826223876324,63,0.909,0.0,1
46,0,4,2,1,4,0,38,3,3,2,0.0014118273035912468,736,749.0,0.622,0.21002004008016031,65,0.912,0.49849246231155775,0
39,0,2,2,2,1,1,36,5,3,3,0.6815074808707982,1696,22285.0,0.837,0.46470083023189235,97,0.902,0.07135678391959797,0
39,1,5,5,1,1,0,36,4,2,3,0.0,0,1438.3,0.677,0.2328084740910392,82,0.745,0.0,0
51,1,4,0,1,0,3,31,5,2,1,1.0000000000000002,1254,33262.0,0.869,0.04786716289722302,25,0.786,0.03618090452261306,0
60,1,1,3,1,4,0,55,5,1,4,0.036964480601734705,1466,1195.0,0.631,0.047180074434583455,25,0.316,0.5537688442211055,0
42,1,2,5,2,2,0,30,2,2,3,0.15042460630575888,0,6414.0,0.718,0.010191812195820212,14,0.4,0.0,1
44,0,2,2,1,4,0,39,2,3,3,0.07916814046925877,755,3302.0,0.873,0.21591754938448324,58,1.417,0.18693467336683414,0
44,1,2,0,1,3,0,37,5,3,1,0.20565819267966035,0,8241.0,0.723,0.22364729458917834,79,0.756,0.0,0
59,1,0,3,2,3,0,47,5,3,3,0.7670938426795092,1491,25321.0,0.679,0.8192384769539078,110,0.642,0.056281407035175875,0
44,0,3,5,1,4,3,36,3,3,2,0.34783857402419155,1200,11744.0,0.839,0.8949899799599198,105,0.944,0.09346733668341707,0
57,0,3,3,2,4,0,53,1,3,2,0.04808980068142587,2214,815.0,0.7,0.24162610936158027,89,0.978,0.7346733668341707,0
53,1,3,2,2,3,0,34,6,3,0,0.03227854415512566,0,2506.0,0.598,0.06624677927283137,62,0.59,0.0,0
48,0,4,3,1,4,0,44,1,2,1,0.0358761340721997,2517,108.0,0.702,0.22032636701975375,81,0.884,0.9638190954773869,0
54,1,2,2,1,3,0,43,6,3,2,0.13107622355846993,1519,4255.0,0.458,0.2241053535642714,70,0.667,0.264321608040201,0
52,0,1,2,2,4,0,32,3,1,3,0.1357016963089937,2320,3607.0,0.544,0.058860578299456054,46,0.643,0.392964824120603,0
43,1,4,2,1,1,0,39,5,1,2,0.14126435634883927,2517,3594.0,0.632,0.03956484397366161,16,2.2,0.4140703517587939,0
38,1,3,0,1,3,0,30,5,3,2,0.076719360777805,1667,2309.0,0.929,0.21998282278843398,69,0.683,0.4211055276381909,0
44,0,2,4,1,4,0,32,1,3,3,0.033306426988575395,1561,979.0,0.894,0.2581734898368165,82,0.745,0.6180904522613064,0
37,1,2,3,2,2,0,29,6,1,4,0.39714671818173575,0,14575.0,1.251,0.16684798167764098,80,0.702,0.0,0
57,0,2,2,1,4,0,44,3,4,4,0.1456479743150219,1530,4726.0,0.647,0.06292585170340681,43,0.344,0.24623115577889446,0
48,1,3,2,1,3,0,37,5,2,1,1.0000000000000002,1416,33100.0,0.491,0.20017177211565987,65,0.512,0.04120603015075377,0
39,1,2,2,1,2,0,23,5,2,1,0.10045136149127662,1561,3200.0,0.69,0.08674491840824507,53,1.65,0.32964824120603015,0
58,1,2,0,1,3,0,44,3,2,2,0.31358589019188154,2508,9303.0,0.476,0.053764672201545946,29,0.812,0.2130653266331658,0
57,0,3,2,1,4,0,43,5,3,2,0.0007164947986105508,0,1462.0,0.602,0.10128829086744918,42,0.312,0.0,1
47,1,4,3,1,3,0,36,3,3,4,0.204932628326637,0,8217.0,0.678,0.07546521614657888,56,0.514,0.0,0
30,0,1,2,1,4,0,36,3,2,2,0.17077064003845494,1060,6027.0,0.709,0.06767821356999713,37,0.609,0.1507537688442211,0
43,0,3,4,2,4,0,26,6,2,2,0.02472058214446591,1346,910.0,0.911,0.24981391354136842,76,0.81,0.5999999999999999,0
39,1,3,0,1,3,0,30,2,3,3,0.09612820722117923,0,4618.0,0.717,0.11142284569138276,49,0.75,0.0,1
38,1,2,2,1,1,0,31,3,2,2,0.044764297396735576,2192,727.0,1.073,0.10701402805611222,57,0.966,0.7547738693467336,0
39,0,0,0,1,4,0,30,3,2,3,0.016316128388612273,871,1107.0,0.636,0.21580303464070996,59,0.844,0.4422110552763819,0
50,1,1,2,1,0,0,36,6,3,2,0.5904189227183269,0,20968.0,0.64,0.1312911537360435,61,0.794,0.0,0
47,0,3,4,2,1,0,36,6,5,0,0.050659507765050175,1059,2055.0,0.78,0.21826510163183507,62,0.771,0.3417085427135678,0
34,0,2,2,2,4,0,29,3,1,0,0.11937649836596864,795,4592.0,0.837,0.11829373031777841,59,1.034,0.1487437185929648,0
41,0,3,2,1,4,0,36,4,3,3,0.05335014224084505,2366,837.0,0.665,0.21482965931863726,82,0.783,0.742713567839196,0
44,1,2,2,1,3,0,35,3,2,2,0.3165788431481028,2098,9812.0,1.16,0.06389922702547952,39,1.294,0.17688442211055275,0
47,1,0,2,1,3,3,36,3,2,1,1.0000000000000002,1913,32603.0,0.84,0.401087890065846,92,0.673,0.055276381909547735,0
40,0,4,3,2,1,0,29,5,2,3,0.003497824818533335,412,1142.0,0.568,0.10369310048668766,43,0.483,0.2663316582914573,1
56,1,4,3,1,2,0,43,6,2,6,0.09361896383364021,0,4535.0,0.831,0.1037503578585743,40,0.6,0.0,1
52,0,3,0,1,4,0,40,3,2,3,0.06154297306040022,0,3474.0,0.735,0.1228170626968222,37,0.48,0.0,1
36,1,1,5,1,2,0,19,6,3,5,0.2517012972485995,0,9764.0,0.689,0.8340681362725451,115,0.797,0.0,0
46,1,3,4,2,1,0,40,3,4,2,0.02738098477221814,0,2344.0,0.412,0.08977955911823647,31,0.409,0.0,1
41,1,1,5,1,2,0,25,3,2,0,0.19788860773270212,1503,6481.0,0.797,0.06893787575150301,39,1.167,0.18894472361809045,0
45,1,3,2,1,3,0,34,6,6,3,0.023329917134504517,759,1451.0,0.892,0.12739765244775264,53,0.559,0.34472361809045227,0
38,0,2,0,1,4,0,33,1,3,2,0.05991045326609771,1405,2015.0,0.843,0.2139707987403378,75,0.596,0.41306532663316575,0
42,1,4,2,2,1,0,33,1,3,1,0.11692771867451487,2410,2896.0,0.738,0.3954766676209562,94,0.709,0.45628140703517583,0
41,0,1,2,2,4,0,32,2,2,1,0.0,0,1438.3,0.824,0.250042943028915,96,0.778,0.0,0
48,0,2,1,1,4,0,40,3,4,3,0.08276573038633281,1248,2928.0,0.434,0.24958488405382193,62,0.632,0.300502512562814,0
43,1,4,2,2,2,0,25,3,2,4,0.35536630418680865,1749,11444.0,0.671,0.20274835385055823,64,0.73,0.13366834170854272,0
48,1,4,2,1,2,1,32,5,1,3,1.0000000000000002,1285,33231.0,0.654,0.8444889779559118,122,0.649,0.0371859296482412,0
49,1,5,3,2,2,0,36,1,2,2,0.1251507813421127,0,5578.0,0.627,0.16770684225594043,53,0.71,0.0,0
51,0,3,2,2,4,0,45,4,3,4,0.029678605223458714,2379,41.0,0.741,0.21860864586315487,86,0.955,0.9879396984924622,0
47,1,3,5,1,3,0,36,6,2,2,0.8565196491896353,1565,28205.0,0.674,0.07122817062696822,42,2.0,0.05326633165829145,0
37,0,2,4,1,4,0,36,6,2,3,0.02635310193876842,1513,797.0,0.682,0.20961923847695388,77,0.833,0.6582914572864321,0
37,0,0,4,1,4,0,25,4,3,2,0.01882537177615131,1483,578.0,1.362,0.10707128542799886,60,0.622,0.7236180904522612,0
43,0,4,2,2,4,0,34,2,3,2,0.01713238828576353,1263,742.0,0.657,0.25055825937589465,80,0.818,0.6331658291457286,0
42,0,1,2,1,4,0,36,5,1,2,0.028862345326307458,1985,408.0,0.788,0.02565130260521042,16,0.778,0.8341708542713566,0
40,1,2,3,0,1,0,32,1,3,2,0.185251695250879,1618,5948.0,0.72,0.40309189808187806,88,0.544,0.21507537688442208,0
51,0,4,3,2,4,0,36,6,3,3,0.04425035598001071,1634,1268.0,0.588,0.241511594617807,74,0.51,0.5658291457286431,0
53,0,1,1,1,4,0,36,3,1,2,0.05108275363764712,2517,611.0,0.696,0.10483824792442027,42,0.826,0.8090452261306532,0
53,1,2,3,1,0,0,41,4,3,3,0.17636353192634316,2037,5235.0,0.795,0.10323504151159461,56,0.697,0.2814070351758794,0
50,1,3,0,2,3,3,36,3,3,2,1.0000000000000002,2517,31999.0,0.735,0.37933008874892643,66,0.65,0.07336683417085427,1
60,1,2,2,1,2,0,50,3,1,2,0.2296018163294304,845,8188.0,0.663,0.06475808760377899,35,0.4,0.09447236180904522,0
30,1,0,0,1,2,0,25,2,3,1,0.5470664526251825,0,19534.0,0.616,0.8648153449756656,118,0.639,0.0,0
35,1,1,2,2,2,0,25,6,1,2,0.3907980300927815,0,14365.0,0.61,0.1007729745204695,62,0.632,0.0,0
35,0,3,5,1,4,0,29,3,3,1,0.02538568280140397,1303,975.0,0.645,0.26172344689378757,76,0.617,0.5748743718592964,0
57,0,4,5,2,4,0,51,5,3,3,0.06368943427142759,1446,2099.0,0.638,0.1809905525336387,69,0.917,0.41005025125628136,0
45,0,4,0,1,4,0,36,5,1,2,0.057763992055070344,2517,832.0,0.786,0.22187231606069277,55,1.391,0.7557788944723618,0
44,1,4,5,2,1,0,33,4,3,3,0.00833492050535558,0,1714.0,0.849,0.20898940738620095,71,0.919,0.0,0
54,0,0,2,1,4,0,36,3,1,2,0.2072604806259202,696,7598.0,0.806,0.20647008302318923,77,1.2,0.08442211055276382,0
56,1,3,4,1,2,0,39,3,1,2,0.07608449196890957,2517,1438.0,0.484,0.040538219295734326,25,1.083,0.6391959798994974,0
45,0,4,5,1,4,0,26,4,3,1,0.44981059747201285,0,16317.0,0.742,0.1382192957343258,71,0.972,0.0,0
55,0,4,5,2,4,0,46,3,2,2,0.1070116725165293,923,4055.0,0.883,0.25737188663040367,62,0.879,0.185929648241206,0
46,0,1,2,1,4,0,24,3,3,2,0.0379621315871418,1576,1118.0,0.494,0.08651588892069854,57,0.9,0.5879396984924622,1
32,1,1,2,1,1,0,24,1,1,2,0.25009900930233964,972,8739.0,0.647,0.8242771256799313,115,0.742,0.10050251256281406,0
44,0,4,2,1,1,0,30,3,3,3,0.07950069079772779,0,4068.0,1.121,0.2651588892069854,83,0.766,0.0,0
55,1,2,0,1,2,0,48,4,3,2,0.2244624021621818,1301,7562.0,1.207,0.05622673919267106,27,1.455,0.14773869346733667,0
56,0,3,4,2,4,0,36,4,3,0,0.0331552677483622,1699,836.0,0.72,0.22713999427426282,68,0.789,0.6733668341708543,0
47,0,4,2,1,1,0,29,6,1,3,0.03620868440066873,1589,1047.0,0.864,0.19055253363870597,70,0.522,0.6060301507537688,0
50,0,3,3,2,4,0,38,3,3,1,0.0,663,775.3,0.384,0.1406813627254509,73,0.622,0.46331658291457284,0
43,0,3,3,1,4,0,13,6,2,1,0.035271497111346924,2269,336.0,0.881,0.27300314915545376,79,0.837,0.8753768844221105,0
55,1,1,3,1,3,0,47,3,3,3,0.04533870250954571,1995,943.0,0.514,0.047065559690810194,30,0.429,0.6824120603015075,0
55,1,3,2,1,3,0,36,4,3,4,0.041196939327704164,2403,398.0,0.884,0.05702834239908389,44,1.0,0.8623115577889446,0
45,1,3,1,2,2,3,34,3,3,1,0.787711963044589,879,26615.0,0.671,0.7927283137703979,112,0.672,0.0321608040201005,0
43,1,4,2,2,3,0,33,4,1,1,0.1544756739434725,1244,5304.0,0.667,0.21895219009447464,79,0.927,0.19095477386934673,0
43,1,2,2,1,0,3,31,6,2,4,1.0000000000000002,2398,32118.0,0.917,0.2545662754079588,88,0.692,0.06934673366834171,0
45,1,2,2,2,2,3,26,6,3,2,0.9344875852916014,1630,30719.0,0.646,0.046550243343830525,41,0.519,0.05025125628140703,0
46,1,3,3,2,0,0,34,5,3,2,0.11236270962007638,868,4287.0,0.882,0.17205840251932433,57,1.111,0.16884422110552763,0
34,0,3,0,0,4,0,27,3,3,2,0.08572845149451142,2517,1757.0,0.666,0.09888348124821071,54,0.8,0.5919597989949748,0
50,1,2,2,2,0,0,38,4,4,2,0.020699746354794928,995,1128.0,0.626,0.2282278843401088,78,0.625,0.4713567839195979,0
38,0,2,3,1,4,0,27,4,1,2,0.011841814878301701,0,1830.0,0.736,0.06933867735470942,43,0.654,0.0,0
36,0,1,5,2,4,0,30,6,1,2,0.12261130610653101,2078,3416.0,0.79,0.12201545949040939,58,0.871,0.3798994974874372,0
39,1,2,5,1,2,0,28,6,3,5,0.05498266203514756,2517,740.0,0.539,0.05748640137417693,35,0.591,0.7768844221105528,0
56,1,4,2,2,3,0,46,2,3,1,0.7345643741856296,1388,24348.0,0.743,0.3824219868308045,91,0.596,0.054271356783919596,0
50,1,3,5,2,0,0,38,6,3,3,0.6308086717032926,1333,20971.0,0.463,0.2560549670770112,60,0.5,0.06030150753768843,0
48,1,4,2,0,2,0,31,4,1,1,0.0,0,1438.3,0.836,0.22782708273690236,74,0.451,0.0,0
59,1,1,0,2,0,0,47,2,4,2,0.1012978532364705,357,4432.0,0.798,0.11256799312911538,41,0.64,0.07537688442211055,1
46,0,3,2,2,1,0,41,4,5,3,0.062087146325167715,1546,1946.0,1.135,0.1438877755511022,53,1.038,0.44522613065326627,0
37,0,2,5,1,4,0,28,5,2,4,0.1578616409242481,1362,5298.0,1.36,0.12195820211852275,51,0.759,0.20603015075376882,0
36,1,2,2,1,3,0,28,5,3,3,0.12684376483250046,1996,3638.0,1.589,0.10512453478385343,49,0.69,0.3557788944723618,0
42,1,0,3,1,3,3,35,5,2,3,1.0000000000000002,1934,32582.0,0.626,0.2337818494131119,73,0.553,0.056281407035175875,0
59,0,0,2,2,1,0,48,4,1,2,0.08364245397956935,710,3495.0,0.504,0.08548525622673919,38,0.727,0.16984924623115577,0
34,1,2,2,2,4,0,28,5,1,4,0.09071670642154686,844,3595.0,0.863,0.13329516175207556,71,0.69,0.19095477386934673,0
43,0,4,3,1,4,3,31,6,2,2,0.3692124905903373,0,13651.0,1.046,0.5291726309762382,71,0.775,0.0,1
52,0,0,2,1,4,0,37,3,1,2,0.010723236500724057,1284,509.0,0.902,0.19805324935585455,62,0.938,0.7195979899497487,0
40,0,4,2,2,4,3,27,3,1,2,0.2813587401784284,2084,8661.0,0.847,0.17016890924706554,87,0.933,0.19497487437185929,0
54,0,2,3,1,4,0,47,4,2,3,0.011055786829193087,1298,506.0,0.758,0.22971657600916115,73,0.921,0.7236180904522612,0
40,0,4,2,2,4,0,31,5,2,3,0.009967440299658084,1242,526.0,0.776,0.22381906670483823,65,0.806,0.7055276381909547,0
46,0,3,2,1,4,0,30,3,2,1,0.22464379325043762,0,8869.0,0.413,0.08044660750071572,40,0.429,0.0,1
36,1,4,0,2,0,0,36,5,3,3,0.8090556477626921,765,27435.0,0.68,0.1131978242198683,64,0.641,0.027135678391959798,0
51,1,1,2,1,2,0,36,3,2,4,0.6283901238598815,979,21245.0,1.255,0.1612367592327512,69,1.156,0.04422110552763819,0
40,1,2,2,1,1,0,31,6,1,2,0.15302454523742584,2025,4475.0,0.656,0.24093902089894073,82,0.673,0.31356783919597986,0
35,0,2,1,2,4,0,30,5,1,1,0.0,0,1438.3,1.126,0.19902662467792726,72,0.946,0.0,0
41,0,3,5,0,4,0,30,5,3,4,0.19123760116332153,621,7143.0,0.67,0.19610649871170913,72,0.756,0.08040201005025126,0
41,1,2,5,1,1,0,32,5,1,3,0.11414638865459209,795,4419.0,0.707,0.04168336673346694,23,1.3,0.15276381909547737,0
45,1,5,5,0,2,3,36,4,2,4,0.9165600994023164,1459,30297.0,0.687,0.24214142570855998,70,0.556,0.046231155778894466,0
55,0,1,0,2,1,0,50,3,3,3,0.012234828902856008,1520,323.0,0.864,0.24042370455196102,92,0.704,0.829145728643216,0
46,1,3,2,0,3,0,36,5,1,1,0.053561765177143526,2081,1129.0,0.615,0.19650730031491553,62,0.938,0.6512562814070352,0
48,1,3,0,1,4,0,36,3,1,2,0.22240663649528233,1318,7477.0,0.563,0.2376753507014028,74,0.682,0.1507537688442211,0
37,1,3,3,2,2,0,36,3,1,5,0.21100922978320744,2051,6367.0,0.847,0.13449756656169481,63,0.703,0.24522613065326632,0
46,0,3,3,2,4,0,36,2,2,3,0.14449916408940164,2517,3701.0,0.716,0.4099055253363871,84,0.68,0.40703517587939697,0
38,1,1,2,2,2,0,29,5,2,1,0.39778158699063115,2192,12404.0,0.898,0.04408817635270541,25,1.083,0.1507537688442211,0
48,0,3,2,1,4,0,36,3,1,4,0.14386429528050623,1219,4978.0,0.552,0.18866304036644715,67,0.675,0.1979899497487437,0
57,1,4,2,1,3,0,46,3,2,3,0.5390852447419259,1662,17608.0,1.186,0.05926137990266246,28,1.545,0.08643216080402008,0
57,0,2,2,2,1,0,45,3,4,3,0.02992046000779982,932,1496.0,0.768,0.2458058975093043,62,0.824,0.385929648241206,0
40,1,5,3,2,0,0,31,1,1,3,1.0000000000000002,1427,33089.0,0.706,0.18144861150873173,64,0.488,0.04120603015075377,0
48,1,3,2,1,3,2,40,1,2,3,1.0000000000000002,1723,32793.0,0.628,0.7628399656455769,98,0.782,0.05025125628140703,0
40,1,2,3,2,0,3,36,3,4,2,1.0000000000000002,1436,33080.0,0.688,0.17371886630403663,73,0.825,0.04221105527638191,0
38,0,2,2,2,4,0,25,6,2,2,0.0,538,900.3,0.675,0.20400801603206412,73,0.659,0.37587939698492456,0
56,1,1,3,2,3,0,45,4,1,3,0.10979300253645208,0,5070.0,1.01,0.17870025765817346,76,0.652,0.0,0
50,0,3,5,1,4,0,34,2,3,3,0.2994373853079265,0,11343.0,0.709,0.42925851703406814,94,0.679,0.0,0
39,1,1,2,2,2,1,36,1,3,2,1.0000000000000002,1662,32854.0,0.751,0.7470941883767535,105,0.615,0.04824120603015075,0
51,1,3,1,1,3,0,45,5,2,4,0.9268389277368136,0,32096.0,0.766,0.11961064987117091,69,0.917,0.0,0
59,0,1,2,2,4,0,52,5,3,3,0.03620868440066873,1619,1017.0,0.565,0.2403091898081878,83,0.627,0.6170854271356784,0
41,1,3,2,2,3,0,32,1,3,4,0.09987695637846647,2221,2521.0,0.464,0.10833094760950472,41,0.464,0.47035175879396984,1
45,0,2,4,2,4,0,37,3,3,1,0.04830142361772433,2517,519.0,0.882,0.11903807615230462,42,0.615,0.8331658291457286,1
42,1,4,5,1,0,0,34,2,3,3,0.11357198354178194,468,4727.0,0.567,0.12321786430002864,48,0.231,0.09045226130653265,1
48,1,3,3,2,2,0,44,5,1,1,0.5391457084380111,1519,17753.0,0.557,0.16421414257085598,67,0.763,0.0793969849246231,0
48,1,4,2,1,3,0,40,6,2,2,0.09068647457350423,2472,1966.0,0.69,0.06842255940452333,60,0.622,0.5597989949748744,0
47,1,4,2,2,2,0,36,5,3,1,0.23259476928565168,800,8332.0,0.62,0.18774692241626106,71,0.511,0.08844221105527637,0
49,1,4,2,2,1,0,42,3,3,2,0.041831808136599584,1501,1321.0,1.043,0.21837961637560835,68,1.194,0.5346733668341709,0
51,1,2,2,2,2,0,42,3,3,2,0.37692161184121026,1430,12476.0,0.772,0.1904380188949327,68,1.061,0.10351758793969848,0
33,0,3,0,2,1,0,26,6,3,5,0.14746188519758027,1344,4972.0,0.823,0.10712854279988547,71,0.732,0.21407035175879394,0
44,0,4,4,2,4,0,32,3,1,2,0.044189892283925426,1987,913.0,0.667,0.23011737761236759,70,0.75,0.6884422110552764,0
59,0,2,3,1,4,0,51,3,3,3,0.07366594412549846,1397,2478.0,0.573,0.10203263670197539,49,0.581,0.3628140703517587,1
60,0,1,2,1,1,0,42,5,3,3,0.13497613195597036,1335,4568.0,0.914,0.03475522473518465,27,0.929,0.22713567839195978,0
34,1,3,2,1,1,0,36,3,2,1,0.09404220970623714,990,3559.0,0.745,0.7600343544231319,123,0.732,0.21909547738693466,0
58,0,2,5,1,1,0,53,6,2,3,0.01755563415836047,1380,639.0,1.158,0.08445462353277984,62,0.59,0.6874371859296482,0
57,1,3,2,2,2,0,51,1,6,1,0.13364593064209424,0,5859.0,0.914,0.4279415974806756,82,0.708,0.0,1
26,0,0,2,1,4,0,20,2,2,2,0.03258086263555205,2378,138.0,1.033,0.24139707987403378,75,0.875,0.9497487437185929,0
37,1,4,0,2,2,0,30,5,1,4,0.43829226336776744,827,15109.0,1.085,0.1114801030632694,49,1.042,0.05226130653266331,0
52,1,3,3,2,0,0,47,6,1,3,0.5318900649077778,0,19032.0,0.417,0.06847981677640996,42,0.312,0.0,1
46,0,2,2,2,4,0,33,4,3,2,0.06746841527675745,0,3670.0,0.797,0.24511880904666475,68,0.889,0.0,0
50,0,3,4,2,4,0,36,5,4,3,0.011358105309619476,0,1814.0,0.852,0.25674205553965074,99,0.623,0.0,0
41,0,4,2,1,4,0,36,4,1,1,0.09655145309377619,0,4632.0,0.637,0.2162038362439164,63,0.75,0.0,0
60,0,0,1,1,4,0,51,4,1,3,0.18349824806440596,2148,5360.0,0.89,0.2530775837389064,70,0.707,0.2874371859296482,0
57,0,1,2,1,1,0,49,3,3,2,0.06752887897284274,886,2786.0,1.32,0.0534783853421128,28,0.556,0.24221105527638187,0
59,1,1,3,2,2,0,51,6,2,4,0.22778790544687208,1300,7673.0,0.568,0.23870598339536211,72,0.714,0.14572864321608037,0
48,1,1,2,2,2,0,38,3,3,3,0.3001629496609498,1999,9368.0,0.661,0.20870312052676782,63,0.537,0.17688442211055275,0
37,0,1,2,1,1,0,30,5,3,4,0.3602638635697162,1631,11724.0,1.113,0.07964500429430289,37,0.85,0.12261306532663316,0
53,0,2,2,1,4,0,46,6,2,4,0.029466982287160236,2015,398.0,0.47,0.04969939879759519,24,0.714,0.8391959798994973,0
45,0,5,2,2,4,0,34,1,4,1,0.11236270962007638,0,5155.0,1.014,0.12728313770397937,45,0.607,0.0,1
48,1,3,2,1,2,0,28,2,2,1,0.24084806380129212,0,9405.0,1.033,0.24454623532779843,47,0.382,0.0,1
58,1,1,2,1,3,0,49,6,4,2,0.006521009622797239,1253,401.0,0.508,0.07769825365015745,60,0.538,0.7618090452261306,0
58,1,2,5,2,0,0,46,2,3,4,0.44515489287344645,0,16163.0,0.542,0.09395934726596049,48,0.778,0.0,1
50,1,3,3,1,3,0,40,6,2,4,0.09298409502474478,2016,2498.0,0.313,0.20480961923847693,59,0.639,0.4492462311557789,0
46,1,3,5,2,0,0,27,4,2,3,1.0000000000000002,2213,32303.0,0.584,0.22685370741482966,71,0.821,0.064321608040201,0
59,1,0,2,1,2,0,53,6,1,4,0.3360481532875623,2169,10385.0,0.529,0.051073575722874326,30,0.579,0.1738693467336683,0
42,1,2,2,2,1,0,28,3,1,3,0.008244224961227661,0,1711.0,0.983,0.22708273690237615,77,0.925,0.0,0
47,0,4,2,1,4,0,36,5,3,2,0.10598378968307956,1151,3793.0,0.801,0.18058975093043228,64,0.829,0.23417085427135678,0
36,1,3,5,1,1,0,31,6,2,2,0.05180831799067046,1986,1166.0,1.328,0.1145147437732608,50,0.724,0.6331658291457286,0
41,0,3,2,1,4,0,36,2,2,3,0.004676866892196256,0,1593.0,0.61,0.2475236186659032,78,0.592,0.0,0
35,1,0,2,2,2,0,36,3,1,2,0.47759366582319807,0,17236.0,0.958,0.14217005439450328,78,0.696,0.0,0
59,0,0,2,2,4,0,53,6,3,4,0.10253735900621871,1469,3361.0,0.634,0.1623246492985972,63,0.75,0.30552763819095474,0
40,1,3,5,2,0,0,36,4,2,5,1.0000000000000002,1329,33187.0,0.574,0.19330088748926422,77,0.51,0.03919597989949748,0
48,0,3,3,1,4,0,43,3,3,3,0.007004719191479464,0,1670.0,0.707,0.1294016604637847,37,0.321,0.0,1
42,1,5,5,1,0,0,31,5,3,2,0.1605220435520003,1467,5281.0,0.831,0.038419696535929,42,0.68,0.21809045226130652,0
44,0,1,5,1,4,0,36,3,2,4,0.015560332187546301,1762,191.0,0.743,0.23246492985971942,91,0.655,0.9065326633165829,0
38,0,3,0,1,4,0,31,3,1,3,0.12348802969976755,2517,3006.0,0.72,0.20841683366733466,80,0.739,0.4582914572864321,0
53,1,2,2,1,3,0,41,3,3,2,0.3092929677698268,2227,9442.0,0.622,0.010878900658459773,23,0.353,0.19195979899497487,1
53,1,3,5,1,2,0,42,2,5,1,0.0,0,1438.3,0.895,0.24002290294875464,81,0.841,0.0,0
42,1,3,0,1,0,0,36,3,2,1,0.6116416800442595,2183,19487.0,0.995,0.20561122244488977,81,0.761,0.10150753768844221,0
47,1,2,5,1,2,0,36,4,1,2,0.23767371975681503,769,8531.0,0.68,0.17870025765817346,67,0.718,0.08341708542713568,0
52,0,1,2,2,4,0,35,4,4,2,0.029406518591074966,1379,1032.0,0.869,0.24517606641855136,79,0.717,0.5748743718592964,0
36,1,1,4,1,3,0,26,3,4,2,0.6194112649912177,1291,20636.0,0.864,0.08107643859146865,37,0.542,0.05929648241206029,0
55,0,2,2,2,4,0,47,5,3,2,0.14839907248690207,0,6347.0,0.466,0.036129401660463786,44,0.375,0.0,0
49,1,3,5,2,4,0,44,2,3,2,0.18806325711884445,1698,5961.0,0.992,0.8777555110220441,105,0.75,0.22311557788944722,0
33,1,3,2,0,2,0,36,6,3,3,0.6865864313419615,1848,22301.0,0.731,0.11760664185513885,66,0.833,0.07738693467336683,0
48,1,4,2,1,2,0,36,2,3,3,0.01915792210462034,1499,573.0,0.598,0.20389350128829084,71,0.651,0.7266331658291456,0
50,0,0,3,1,4,0,36,4,3,2,0.0022583190487851373,0,1513.0,0.854,0.24214142570855998,98,0.719,0.0,0
48,0,5,5,2,1,0,38,1,2,3,0.030464633272567328,1461,985.0,0.86,0.233610077297452,78,0.773,0.5999999999999999,0
50,0,4,3,0,4,0,43,6,3,4,0.13512729119618355,0,5908.0,0.822,0.1593472659604924,72,0.756,0.0,0
43,1,3,4,2,2,0,31,4,2,1,0.2946909851652322,2231,8955.0,0.708,0.18104780990552533,84,0.647,0.19999999999999998,0
43,0,4,2,2,4,0,32,6,3,4,0.08775398531336823,0,4341.0,0.613,0.18866304036644715,63,0.537,0.0,0
38,1,1,2,1,3,0,25,4,2,4,0.20254431233126852,0,8138.0,0.596,0.24672201545949038,61,0.649,0.0,0
65,0,0,3,1,4,0,36,3,2,2,0.04110624378357625,1806,992.0,0.765,0.0580017177211566,35,0.591,0.6482412060301507,0
52,0,2,2,1,4,0,39,4,1,3,0.21140224380776176,1862,6569.0,0.59,0.08462639564843974,37,0.682,0.22211055276381908,0
51,0,3,3,2,1,0,36,6,5,2,0.0598197577219698,1482,1935.0,0.705,0.17870025765817346,60,0.818,0.43618090452261304,0
49,1,1,3,1,2,0,36,6,3,4,0.03648077103305249,1499,1146.0,0.67,0.21305468079015172,69,0.533,0.5698492462311556,0
60,0,1,2,1,1,0,47,4,3,2,0.10813025089410691,2053,2962.0,0.442,0.04551961064987117,29,0.381,0.4110552763819095,0
42,0,4,4,1,4,0,36,4,2,3,0.052896664520205465,2002,1186.0,0.825,0.2333810478099055,83,0.804,0.6311557788944723,0
43,0,3,2,1,4,3,30,6,1,4,0.3480804288085326,1864,11088.0,0.414,0.16845118809046664,51,0.457,0.14472361809045223,0
26,0,0,3,2,4,0,13,1,2,4,0.14250386211858745,0,6152.0,0.391,0.025078728886344114,23,0.533,0.0,1
49,1,3,4,2,2,0,44,3,1,5,0.41081151349700856,0,15027.0,0.811,0.17194388777555109,59,0.788,0.0,0
43,1,2,4,0,2,0,36,6,1,1,0.1205857722876742,2177,3250.0,0.824,0.21746349842542226,73,0.622,0.4030150753768844,0
53,1,1,5,1,0,0,45,4,4,2,0.6808121483658175,2517,21441.0,0.702,0.1286573146292585,45,0.552,0.10552763819095476,1
54,0,1,3,1,4,0,41,3,3,2,0.0709148459536183,2517,1267.0,0.648,0.8399083882049814,96,0.684,0.6683417085427136,0
53,0,3,5,0,4,0,43,5,1,2,0.02856002684588107,1516,867.0,0.857,0.2511880904666476,78,0.95,0.6391959798994974,0
43,1,2,2,1,3,0,33,5,3,3,0.020336964178283255,1761,350.0,0.753,0.0905811623246493,46,0.769,0.8381909547738693,1
31,1,2,2,1,3,0,18,2,1,3,0.08488195974931753,2517,1729.0,0.951,0.43355281992556544,66,0.886,0.5959798994974873,1
44,0,1,0,1,4,0,36,6,3,3,0.04878513318640656,0,3052.0,0.868,0.11840824506155166,47,0.469,0.0,1
40,1,3,5,1,0,0,28,3,3,2,0.09685377157420258,1676,2966.0,0.615,0.2605210420841683,76,0.81,0.3628140703517587,0
39,1,2,5,2,1,0,32,6,3,2,0.18999809539357335,1902,5821.0,1.181,0.04070999141139421,22,1.0,0.2472361809045226,0
55,0,1,0,2,4,0,36,4,2,1,0.06293363807036162,1914,1606.0,0.51,0.05021471514457486,43,0.483,0.5467336683417086,0
53,0,2,3,1,4,0,47,3,1,1,0.18231920599074303,1294,6175.0,0.869,0.8406527340395076,124,0.746,0.1738693467336683,0
32,1,1,3,1,1,0,18,4,1,4,0.09507009253968687,1586,2997.0,0.828,0.1067849985685657,57,0.781,0.3477386934673366,0
51,0,1,0,2,4,0,45,3,3,2,0.10344431444749788,1772,3088.0,0.561,0.2175207557973089,80,0.86,0.36683417085427134,0
51,1,3,2,1,0,0,44,2,2,3,0.31790904446197893,0,11954.0,0.779,0.3902089894073862,93,0.55,0.0,0
44,0,4,3,2,1,0,39,4,3,3,0.2765821081876914,2517,8070.0,1.052,0.1397652447752648,54,0.742,0.23919597989949745,1
50,1,2,2,1,0,0,41,1,3,3,0.09579565689271022,0,4607.0,0.898,0.24408817635270538,88,0.63,0.0,0
56,1,3,2,1,2,0,40,3,3,2,0.5763006496824145,561,19940.0,0.779,0.8377898654451761,99,0.678,0.027135678391959798,0
47,0,3,2,2,4,0,36,5,3,4,0.17557750387723453,0,7246.0,0.612,0.014142570855997707,13,0.625,0.0,1
44,1,2,1,1,3,0,38,1,2,1,0.7393410061763666,2517,23377.0,1.046,0.24718007443458342,49,0.815,0.09748743718592964,1
46,0,3,3,1,1,0,42,2,2,1,0.28607490847308004,1874,9027.0,0.608,0.39896936730604066,90,0.5,0.17286432160804016,0
48,1,2,3,1,3,0,32,1,2,4,0.45117103063393166,2268,14094.0,0.841,0.09722301746349842,37,0.85,0.13969849246231156,1
58,0,2,5,1,1,0,49,3,1,3,0.14319919462356817,1166,5009.0,0.803,0.050787288863441166,25,0.25,0.1899497487437186,0
62,1,1,2,2,2,0,54,4,1,4,0.3581174023586888,607,12677.0,0.857,0.25261952476381333,76,0.652,0.046231155778894466,0
51,0,3,3,1,4,0,32,6,3,3,0.04548986174975891,2131,812.0,0.597,0.23040366447180075,75,0.562,0.7276381909547738,0
53,1,3,2,2,2,0,47,6,4,3,0.4499012930161408,0,16320.0,0.757,0.042885771543086176,41,0.708,0.0,0
51,0,2,5,1,4,0,43,6,2,3,0.02072997820283757,1426,698.0,0.966,0.15344975665616947,52,0.733,0.6743718592964824,0
40,1,3,2,2,3,0,20,1,2,2,0.9406851141403423,0,32554.0,0.872,0.45794446034926994,87,1.122,0.0,1
59,1,0,2,1,2,0,36,6,4,5,0.08439825018063532,1366,2864.0,0.63,0.05439450329229889,35,0.458,0.3246231155778894,0
45,0,3,3,2,1,0,36,3,1,1,0.006793096255180986,1112,551.0,0.588,0.14016604637847122,61,0.906,0.6723618090452261,0
46,1,3,0,1,3,0,41,4,3,1,0.5287157208633007,887,18040.0,1.065,0.14720870312052675,54,1.0,0.04723618090452261,0
53,0,1,0,2,1,0,47,5,3,2,0.15619888928190293,1479,5126.0,0.739,0.08514171199541941,47,0.679,0.2251256281407035,0
44,1,3,2,1,1,0,36,4,2,3,0.24266197468385045,0,9465.0,0.657,0.1800744345834526,59,1.107,0.0,0
43,0,2,2,1,4,0,25,4,2,4,0.6204391478246674,0,21961.0,0.653,0.0977383338104781,39,0.393,0.0,1
30,0,0,0,1,4,0,19,4,2,3,0.08300758517067391,1254,2930.0,0.549,0.8284569138276553,110,0.719,0.3015075376884422,0
46,0,4,3,1,4,0,41,6,3,1,0.0,0,1438.3,0.921,0.21013455482393356,86,0.536,0.0,0
42,0,0,5,0,4,0,31,3,3,4,0.038506304851909305,0,2712.0,0.724,0.10174634984254223,28,0.474,0.0,1
36,0,4,5,1,1,0,31,5,2,3,0.03261109448359469,1336,1181.0,0.755,0.26802175780131693,83,0.804,0.5336683417085427,0
36,0,4,5,2,4,0,26,4,3,2,0.01704169274163561,1377,625.0,0.671,0.10770111651875179,60,0.714,0.6914572864321606,0
47,0,4,3,2,4,0,38,4,1,4,0.18231920599074303,1899,5570.0,0.999,0.15001431434297163,70,0.489,0.2552763819095477,0
46,0,3,2,2,4,0,41,5,3,3,0.07481475435111873,0,3913.0,0.722,0.2656742055539651,93,0.86,0.0,0
58,1,1,5,1,1,0,36,2,4,3,0.0,537,901.3,0.819,0.01059261379902662,13,0.182,0.37487437185929645,1
49,1,3,2,1,3,0,42,3,3,1,0.38109360687109445,0,14044.0,0.715,0.24958488405382193,89,0.854,0.0,0
52,0,2,5,1,4,0,48,3,2,4,0.1167160957382164,578,4721.0,0.931,0.22782708273690236,79,0.717,0.10954773869346733,0
45,1,3,3,0,3,0,26,3,2,2,0.5130858554252563,974,17436.0,0.857,0.18597194388777552,83,0.694,0.05326633165829145,0
31,1,2,2,2,1,0,36,3,2,4,0.14604098833957624,1169,5100.0,0.743,0.09682221586029201,57,0.727,0.18693467336683414,0
32,1,1,3,2,2,0,36,4,2,2,0.04718284524014669,0,2999.0,0.812,0.14245634125393644,80,0.778,0.0,0
41,1,2,0,2,3,0,35,6,3,3,0.03654123472913776,620,2027.0,0.664,0.09916976810764387,47,0.424,0.23517587939698492,0
45,0,1,2,1,4,0,36,1,2,1,0.11030694395317694,2517,2570.0,0.765,0.23773260807328941,77,0.711,0.4974874371859296,0
57,0,0,3,0,4,0,36,5,1,3,0.06329642024687329,869,2663.0,1.038,0.21568851989693671,64,0.778,0.2472361809045226,0
48,1,4,0,1,2,1,33,2,2,3,1.0000000000000002,2061,32455.0,0.722,0.04695104494703693,32,0.455,0.06030150753768843,0
51,0,4,2,2,4,0,41,3,1,3,0.123699652636066,1999,3531.0,1.018,0.07077011165187518,45,0.667,0.3628140703517587,0
48,1,2,4,1,1,0,42,3,2,0,0.013897580545201155,0,1898.0,0.838,0.17079874033781847,59,0.686,0.0,0
58,0,3,2,2,1,0,52,4,1,1,0.0004746400142694382,888,566.0,1.19,0.14486115087317492,56,0.647,0.6140703517587939,0
42,0,4,2,2,1,0,30,6,3,3,0.3722961390906865,2517,11236.0,0.652,0.3970226166618952,66,0.692,0.18391959798994972,1
53,0,2,0,1,4,0,38,5,2,3,0.03663193027326569,1490,1160.0,1.75,0.05044374463212138,28,1.0,0.5648241206030151,0
53,1,1,0,1,3,3,36,2,2,2,1.0000000000000002,1484,33032.0,1.015,0.9071285427998854,114,0.9,0.04321608040201004,0
57,1,2,2,2,0,3,51,6,3,4,1.0000000000000002,1417,33099.0,0.966,0.21603206412825648,77,0.638,0.04120603015075377,0
26,1,0,5,2,1,0,15,4,1,3,0.02175786103628729,1695,463.0,0.766,0.07460635556827941,27,0.588,0.7889447236180904,0
37,0,2,3,2,4,0,36,6,2,4,0.06492894004117578,1414,2172.0,0.745,0.1288290867449184,57,0.727,0.3959798994974874,0
52,0,2,4,2,4,0,42,3,2,3,0.0,0,1438.3,0.607,0.20452333237904377,78,0.857,0.0,0
38,0,4,2,1,1,0,22,4,3,4,0.04712238154406142,1969,1028.0,1.235,0.1303750357858574,60,0.714,0.6603015075376885,0
48,0,3,0,2,4,0,30,4,1,1,0.043131777602433065,1523,1342.0,0.605,0.2335528199255654,79,0.756,0.5346733668341709,0
42,0,3,2,1,4,0,36,4,2,1,0.025476378345531896,1548,733.0,0.739,0.22066991125107357,78,0.857,0.6824120603015075,0
46,0,1,2,2,4,0,40,4,2,2,0.0,0,1438.3,0.756,0.23830518179215573,91,0.596,0.0,0
58,0,0,3,2,4,0,46,5,4,2,0.016285896540569632,0,1977.0,0.868,0.10369310048668766,37,0.37,0.0,1
46,1,3,2,2,1,0,36,4,2,3,0.0,0,1438.3,0.951,0.22009733753220725,71,0.775,0.0,0
57,0,3,3,2,4,0,36,4,3,3,0.027471680316346066,1900,447.0,0.845,0.1097623819066705,47,0.621,0.8140703517587939,1
64,1,1,2,1,4,0,52,6,4,3,0.008183761265142385,895,814.0,1.656,0.06544517606641855,32,0.882,0.5266331658291457,0
45,1,4,1,1,2,0,37,1,2,2,0.35234311938254476,2517,10576.0,0.426,0.08600057257371886,39,0.444,0.192964824120603,1
34,1,2,2,1,1,0,29,3,2,2,0.060394162834779934,1650,1786.0,0.788,0.08256513026052104,37,0.947,0.48241206030150746,0
56,1,4,0,2,3,0,41,6,1,4,0.4932235312612425,1899,15854.0,0.851,0.19788147724019467,64,0.73,0.10753768844221104,0
49,0,3,2,1,4,0,43,2,3,2,0.022241570604969514,785,1389.0,0.657,0.19238476953907813,78,0.66,0.3628140703517587,0
54,0,4,3,2,4,0,36,1,3,0,0.01459291305018185,1334,587.0,0.694,0.22799885485256224,90,0.765,0.6974874371859295,0
36,0,3,3,2,4,0,31,4,2,3,0.04446197891630919,2085,824.0,1.035,0.264758087603779,80,0.86,0.7206030150753768,0
37,0,3,2,1,4,0,22,2,3,2,0.12805303875420604,0,5674.0,0.906,0.032407672487832814,29,0.526,0.0,1
55,1,2,5,1,0,0,44,3,3,3,0.7953001569032914,1300,26445.0,0.482,0.05697108502719725,21,0.5,0.04723618090452261,0
36,0,3,2,1,4,0,28,4,3,2,0.10235596791796286,2517,2307.0,0.838,0.05645576868021758,32,0.391,0.5246231155778894,0
53,0,1,2,2,4,0,43,6,3,2,0.022181106908884245,644,1528.0,0.673,0.23630117377612367,82,0.907,0.29849246231155774,0
55,1,2,2,1,3,0,47,3,3,3,0.2575965076169141,1209,8750.0,0.548,0.06034926996850845,28,0.273,0.121608040201005,0
63,1,0,2,2,1,3,54,4,3,3,0.5026256360025032,1695,16369.0,0.838,0.16627540795877468,71,0.479,0.09447236180904522,0
58,1,3,3,1,0,0,50,6,2,4,0.34040153940570234,2361,10337.0,0.799,0.2230174634984254,75,0.63,0.18693467336683414,0
52,1,1,0,1,3,0,48,4,3,3,0.018976531016364505,1601,465.0,0.742,0.06000572573718867,41,0.414,0.778894472361809,0
46,0,2,3,1,4,0,39,3,1,2,0.32821810464451884,1292,11003.0,0.537,0.20881763527054106,63,0.75,0.10552763819095476,0
41,0,2,2,1,4,0,32,3,3,2,0.05634309519706631,1980,1322.0,0.625,0.1929000858860578,65,0.711,0.6030150753768844,0
54,0,0,3,1,4,0,34,4,3,3,0.02372293115905883,632,1591.0,0.665,0.11497280274835385,49,0.581,0.2854271356783919,1
47,1,4,3,0,2,0,36,1,1,1,0.016467287628825468,989,994.0,0.726,0.2596621815058689,80,0.667,0.5015075376884421,0
56,0,3,2,2,1,0,36,4,1,0,0.11094181276207235,1656,3452.0,0.711,0.06304036644718007,41,0.323,0.3256281407035176,0
51,0,2,0,1,4,0,32,1,3,2,0.41144638230590397,2517,12531.0,0.666,0.4043515602633839,96,0.524,0.1678391959798995,0
54,0,4,4,1,4,0,49,3,3,2,0.041227171175746806,2219,583.0,0.796,0.3088462639564844,88,0.63,0.7959798994974874,0
53,1,3,2,2,3,0,46,5,2,3,0.2305692354667949,1548,7517.0,0.872,0.2004008016032064,73,0.78,0.17185929648241205,0
42,1,3,0,1,2,0,34,3,3,3,0.3631358891337669,0,13450.0,0.742,0.02691096478671629,18,0.059,0.0,1
52,1,1,0,2,3,0,40,5,1,1,0.09996765192259438,1227,3518.0,0.624,0.03492699685084455,40,0.6,0.26030150753768844,0
43,0,3,3,1,4,0,36,2,3,0,0.178721616073669,1360,5990.0,0.744,0.40933295161752076,64,0.684,0.185929648241206,0
37,1,1,5,1,0,0,17,1,1,3,1.0000000000000002,0,34516.0,0.776,0.7785284855425136,116,0.731,0.0,0
48,1,4,2,1,0,0,39,4,2,4,0.7102277365113052,1353,23578.0,0.612,0.25771543086172344,79,0.646,0.054271356783919596,0
54,0,4,0,2,4,0,48,3,2,2,0.25046179147885134,1307,8416.0,0.803,0.2011451474377326,76,0.9,0.13467336683417086,0
47,1,2,4,1,3,0,35,1,3,1,0.872542528652234,1166,29134.0,0.715,0.20704265674205552,64,0.882,0.03819095477386934,0
43,1,3,2,1,0,0,31,2,4,1,0.37622627933622954,783,13100.0,0.749,0.07678213569997137,32,0.684,0.056281407035175875,1
55,0,2,4,0,4,0,43,4,2,4,0.25638723369520855,0,9919.0,0.496,0.08748926424277126,70,0.842,0.0,0
44,0,3,2,2,4,0,17,1,2,3,0.22440193846609655,1149,7712.0,0.718,0.44987117091325507,102,0.759,0.13065326633165827,0
43,1,3,3,1,3,0,23,5,6,1,0.3288227416053716,0,12315.0,0.895,0.08577154308617234,51,0.545,0.0,0
56,1,3,5,1,0,0,43,5,1,5,0.11336036060548346,753,4435.0,0.591,0.0578299456054967,30,0.429,0.14572864321608037,0
56,0,3,3,1,4,0,47,6,3,4,0.043131777602433065,2022,843.0,0.547,0.1666762095619811,66,0.65,0.7095477386934672,0
46,1,3,2,1,3,0,37,3,1,4,0.10120715769234259,0,4786.0,0.789,0.21855138849126823,69,0.683,0.0,0
44,1,4,0,2,2,0,38,6,3,3,0.10782793241368052,969,4036.0,0.727,0.2597194388777555,71,0.821,0.19497487437185929,0
35,0,2,2,1,4,0,28,6,1,3,0.07786817100342527,2266,1748.0,0.718,0.7859719438877756,94,0.958,0.5678391959798994,0
52,0,2,3,2,4,0,36,1,2,3,0.04808980068142587,2267,762.0,0.842,0.8247351846550243,113,0.823,0.7517587939698491,0
65,1,1,3,2,4,0,36,4,3,5,0.09150273447065546,703,3762.0,1.026,0.2012024048096192,66,0.65,0.15778894472361807,0
53,0,2,3,2,4,0,41,4,1,2,0.024599654752295357,1811,441.0,0.68,0.2101918121958202,68,1.125,0.808040201005025,0
45,1,3,0,1,1,0,39,3,2,4,0.171435740695393,866,6243.0,0.572,0.20137417692527912,75,0.667,0.12261306532663316,0
53,1,1,3,1,1,0,43,2,1,3,0.2304180762265817,0,9060.0,0.775,0.7887202977383339,102,0.645,0.0,0
45,1,3,3,1,2,0,39,5,1,3,0.3401899164694039,777,11914.0,1.335,0.03515602633839107,42,1.625,0.06130653266331658,0
46,0,2,3,0,4,0,26,4,3,1,0.013051088800007264,1785,85.0,0.696,0.21855138849126823,88,0.76,0.9597989949748742,0
41,0,4,2,0,1,0,36,3,3,2,0.014532449354096574,867,1052.0,0.741,0.25571142284569137,92,0.704,0.45427135678391956,0
47,0,5,3,1,4,0,36,5,3,1,0.001200204367292776,792,686.0,0.873,0.20572573718866302,67,0.489,0.5386934673366834,0
42,1,4,0,1,2,0,35,3,3,3,0.03258086263555205,1360,1156.0,1.193,0.23830518179215573,79,0.681,0.543718592964824,0
48,1,5,3,1,1,0,39,3,3,1,0.19525843695299253,157,7740.0,0.699,0.09962782708273689,46,0.394,0.020100502512562814,1
45,1,3,0,0,1,0,37,1,3,2,0.03055532881669524,0,2449.0,0.706,0.28439736616089323,88,0.63,0.0,0
51,0,2,5,0,4,0,38,4,1,2,0.2481944028756534,1926,7722.0,0.549,0.03166332665330661,22,1.75,0.20100502512562812,0
55,1,3,1,2,3,0,35,4,1,3,0.5873050423699351,0,20865.0,0.881,0.017578013169195533,25,0.667,0.0,1
45,1,2,3,2,0,0,33,6,3,2,0.42480885914075045,0,15490.0,0.742,0.10873174921271113,50,0.471,0.0,1
47,0,3,2,1,4,0,37,2,2,2,0.021636933644116736,1628,526.0,0.665,0.22948754652161465,74,0.762,0.7597989949748744,0
42,1,4,5,2,3,3,36,2,2,1,1.0000000000000002,2253,32263.0,0.853,0.4183223590037217,93,0.603,0.06532663316582914,0
37,1,3,3,1,3,0,19,1,2,2,0.025234523561190776,0,2273.0,0.828,0.4219295734325794,79,0.646,0.0,0
29,1,2,2,0,1,3,22,6,2,3,0.42746926176850264,1383,14195.0,0.794,0.11233896364156885,71,0.614,0.08944723618090451,0
45,0,5,2,2,4,0,36,2,2,3,0.07390779890983956,847,3036.0,0.951,0.23687374749498993,90,0.8,0.21909547738693466,0
37,1,3,5,1,3,0,28,6,2,2,0.037297030930203735,1259,1413.0,1.375,0.1120526767821357,52,0.625,0.4733668341708542,0
52,1,2,2,1,2,0,47,5,3,0,0.04978278417181365,1910,1175.0,0.921,0.05731462925851703,35,0.667,0.622110552763819,0
53,1,1,3,2,3,0,36,3,2,2,0.31258823920647444,0,11778.0,0.603,0.09258517034068137,44,0.375,0.0,1
47,0,5,2,1,4,0,42,3,5,1,0.04231551770528181,2517,321.0,0.625,0.16965359290008586,65,0.711,0.8914572864321607,0
42,0,3,2,1,4,0,36,4,3,2,0.017918416334872143,1720,311.0,0.713,0.12436301173776122,32,0.778,0.851256281407035,1
30,1,1,3,1,2,0,17,3,3,2,0.1955305235853763,1631,6275.0,0.889,0.08107643859146865,45,0.552,0.20703517587939696,0
54,1,2,5,1,2,0,34,5,1,4,0.15003159228120458,1471,4930.0,0.655,0.22530775837389064,63,0.703,0.23115577889447236,0
49,1,1,0,1,2,0,43,6,3,4,0.6227065364278653,1560,20476.0,0.555,0.09212711136558832,48,0.714,0.07135678391959797,0
46,0,3,2,1,1,0,39,3,3,2,0.03645053918500985,2126,518.0,0.748,0.17583738906384194,66,0.65,0.808040201005025,0
43,0,5,2,1,4,0,34,5,1,3,0.051626926902414626,808,2338.0,0.711,0.2072144288577154,66,0.784,0.25829145728643216,0
51,1,3,2,1,3,0,46,6,3,3,0.061059263491717995,1989,1469.0,0.707,0.1648439736616089,59,1.034,0.5778894472361809,0
50,0,1,2,1,4,0,41,6,2,2,0.4293738681951889,2379,13262.0,0.816,0.18545662754079587,76,0.617,0.15276381909547737,0
65,0,1,2,1,4,0,53,5,3,2,0.4391689869610039,2312,13653.0,0.59,0.0623532779845405,40,0.538,0.14572864321608037,0
48,0,1,2,2,4,0,41,5,1,1,0.012748770319580868,1054,806.0,0.963,0.26527340395075866,73,0.973,0.5698492462311556,0
48,1,3,2,1,2,0,35,5,1,3,0.04204343107289806,2342,487.0,0.991,0.05903235041511595,41,1.05,0.8321608040201004,0
42,1,3,3,2,2,0,35,4,3,3,0.1758495905096183,0,7255.0,0.9,0.14989979959919839,62,0.824,0.0,0
47,1,3,2,2,3,0,37,3,1,5,0.699616357848339,2517,22063.0,0.509,0.14537646722015457,62,0.771,0.10251256281407034,0
48,0,3,2,2,4,0,35,3,4,3,0.011388337157662118,557,1258.0,0.672,0.22839965645576868,76,0.854,0.3085427135678392,0
48,1,2,2,1,3,0,28,1,3,3,0.4031628559422209,2517,12257.0,0.979,0.4444889779559118,63,0.703,0.1708542713567839,1
46,1,5,2,1,4,0,35,6,2,2,0.023208989742333964,1722,484.0,0.973,0.22473518465502432,67,0.763,0.7849246231155779,0
54,0,1,2,2,4,0,45,3,5,5,0.0,0,1438.3,0.647,0.06143716003435443,39,0.444,0.0,1
44,0,3,2,1,4,0,36,4,2,3,0.59870244908201,819,20423.0,0.499,0.0431148010306327,37,0.542,0.03919597989949748,0
37,0,2,4,2,4,0,28,1,3,1,0.06308479731057481,1519,2006.0,0.685,0.7497852848554252,110,1.0,0.4331658291457286,0
52,0,2,2,2,4,0,45,5,2,2,0.021667165492159378,1219,936.0,0.805,0.21557400515316344,77,0.791,0.5688442211055276,0
45,1,2,2,0,1,0,40,3,3,2,0.024811277688593834,954,1305.0,0.695,0.049413111938162044,35,0.842,0.4241206030150753,0
50,0,1,2,2,1,3,31,2,2,3,0.512360291072233,0,18386.0,0.868,0.04397366160893215,22,0.571,0.0,0
47,1,3,2,1,2,0,38,4,1,2,0.6005768236606536,1532,19772.0,1.018,0.0709991411394217,25,0.923,0.07236180904522611,0
48,1,4,3,1,2,0,42,5,4,3,0.07378687151766902,1214,2665.0,0.924,0.2649871170913255,79,0.681,0.314572864321608,0
48,1,4,2,1,3,0,33,1,3,2,0.10655819479588968,2115,2848.0,0.767,0.255310621242485,78,0.696,0.4281407035175879,0
48,1,3,3,2,3,0,36,3,3,4,0.26219174851939525,868,9243.0,0.748,0.2439736616089321,68,0.889,0.08643216080402008,0
38,0,4,3,2,1,0,31,4,3,2,0.0,0,1438.3,0.406,0.08336673346693386,52,0.486,0.0,1
52,1,1,3,1,0,0,34,2,3,1,1.0000000000000002,0,34516.0,1.038,0.24809619238476951,56,0.474,0.0,1
42,1,3,2,2,3,0,33,3,3,2,0.06879861659063358,2170,1544.0,0.524,0.05290581162324649,35,0.522,0.5869346733668341,0
38,1,1,3,1,3,0,24,4,3,2,0.36050571835405726,1230,12133.0,0.688,0.07357572287432007,33,0.435,0.09246231155778893,0
40,1,3,5,2,3,0,36,5,2,3,0.07499614543937458,1640,2279.0,0.8,0.076839393071858,51,0.5,0.42010050251256276,0
49,0,3,5,0,4,0,36,4,1,3,0.014018507937371708,0,1902.0,0.693,0.18328084740910391,53,0.893,0.0,0
54,0,1,2,1,4,0,40,2,3,1,0.0,808,630.3,0.997,0.01002004008016032,19,0.9,0.5648241206030151,1
51,0,3,3,1,4,0,36,4,2,1,0.04742470002448781,2517,490.0,0.733,0.25508159175493844,84,1.0,0.8412060301507537,0
45,0,4,3,0,1,0,31,5,2,4,0.09863745060871829,1170,3531.0,0.547,0.20647008302318923,77,0.604,0.250251256281407,0
48,1,4,5,2,1,0,38,6,3,2,0.2082581316113273,1551,6776.0,0.463,0.2231892356140853,82,0.822,0.18693467336683414,0
44,1,1,2,1,3,0,33,2,3,1,0.9306481405901862,0,32222.0,0.844,0.7838534211279702,95,0.61,0.0,0
47,1,3,2,2,3,0,37,3,3,2,0.11118366754641346,1468,3648.0,0.91,0.10483824792442027,49,0.633,0.28844221105527634,0
51,0,3,2,1,4,0,36,3,3,3,0.043766646411328484,2517,369.0,0.841,0.24929859719438877,89,0.618,0.8763819095477386,0
53,1,1,2,1,3,0,38,6,3,2,0.6258506486242997,733,21407.0,0.987,0.06012024048096193,45,0.667,0.033165829145728645,0
52,0,1,2,0,4,0,35,3,2,4,0.3546407398337853,1499,11670.0,0.603,0.2198683080446607,83,0.537,0.11457286432160803,0
47,0,2,2,1,4,0,36,6,3,2,0.03892955072450625,0,2726.0,0.844,0.0325794446034927,27,0.588,0.0,0
57,1,2,5,1,2,0,47,4,4,1,0.11069995797773124,1970,3130.0,0.371,0.028743200687088463,26,0.368,0.3879396984924623,0
47,0,4,4,2,4,0,27,1,2,2,0.2236763741130732,2517,6320.0,0.618,0.4397366160893215,100,0.754,0.28643216080402006,0
48,0,4,2,1,4,0,21,4,6,0,0.014864999682565598,0,1930.0,0.815,0.2578299456054967,87,0.582,0.0,0
51,1,4,5,2,0,0,45,6,2,3,0.3223531261242469,2517,9584.0,0.733,0.0890924706555969,44,0.76,0.20904522613065324,0
54,1,2,0,1,0,0,46,6,1,2,0.8170670874939915,0,28465.0,0.696,0.06659032350415116,37,1.056,0.0,0
37,1,1,2,1,1,0,17,3,1,4,0.057794223903112986,0,3350.0,1.316,0.13277984540509588,61,0.694,0.0,0
62,0,0,3,1,4,0,51,4,2,3,0.11402546126242152,0,5210.0,0.64,0.09344403091898082,36,0.161,0.0,1
44,0,3,3,1,4,0,36,3,3,4,0.19147945594766264,0,7772.0,0.896,0.11955339249928428,52,0.576,0.0,1
42,0,3,3,1,4,0,37,3,3,3,0.0937701230738534,2517,2023.0,0.89,0.2447180074434583,66,0.737,0.5567839195979899,0
33,0,2,2,1,4,0,20,3,2,5,0.05331991039280241,0,3202.0,1.012,0.13667334669338677,37,0.682,0.0,1
51,0,1,1,1,4,0,42,3,2,2,0.0,0,1438.3,0.872,0.2107643859146865,64,0.778,0.0,0
39,0,1,3,1,4,0,25,2,2,1,0.017706793398573666,0,2024.0,0.801,0.13398225021471513,36,0.5,0.0,1
52,1,2,5,0,1,0,46,5,1,1,0.0,0,1438.3,0.706,0.18511308330947607,74,0.85,0.0,0
41,1,3,3,0,2,0,32,1,2,1,0.09404220970623714,2109,2440.0,0.953,0.46447180074434585,85,0.7,0.4663316582914573,0
53,1,4,2,2,4,0,43,6,3,1,0.07272875683617666,2079,1765.0,0.755,0.21419982822788433,56,0.806,0.543718592964824,0
41,1,4,2,1,2,0,36,4,1,2,0.22627631304474013,2517,6406.0,1.726,0.0606355568279416,24,1.667,0.2834170854271356,0
56,0,4,2,1,4,0,49,5,1,3,0.407425546516233,1111,13804.0,0.846,0.049126825078728883,35,0.667,0.0743718592964824,0
30,1,1,0,0,4,0,19,4,3,3,0.19746536186010516,0,7970.0,0.776,0.04317205840251932,30,0.429,0.0,1
56,1,4,2,2,4,0,36,3,2,3,0.04893629242661975,1077,1980.0,0.934,0.22439164042370455,77,0.878,0.3537688442211055,0
52,1,4,3,1,2,0,36,6,3,2,0.03502964232700582,1740,857.0,0.71,0.25805897509304326,80,0.778,0.6733668341708543,0
36,1,2,2,1,2,0,28,4,3,2,0.014290594569755462,1217,694.0,0.363,0.08216432865731463,49,0.256,0.6402010050251256,0
45,1,3,5,1,1,0,36,3,1,1,0.27754952732505583,607,10012.0,0.883,0.20292012596621814,65,0.477,0.057286432160804014,0
43,0,4,2,1,4,0,37,4,3,2,0.09933278311369897,2056,2668.0,0.423,0.04019467506441454,31,0.55,0.43718592964824116,0
57,0,3,0,1,4,3,42,6,1,1,0.3397062069007216,2422,10253.0,0.642,0.19364443172058401,63,0.575,0.19195979899497487,0
43,1,3,3,1,3,0,32,6,2,3,0.13340407585775313,1660,4191.0,0.786,0.05966218150586888,38,0.52,0.2854271356783919,0
44,0,2,2,1,4,0,34,3,2,2,0.033941295797470815,1491,1070.0,0.733,0.24843973661608929,70,0.522,0.5849246231155778,0
39,1,4,2,1,0,0,28,3,2,3,0.7591126347962525,1829,24719.0,0.685,0.16719152590896075,83,1.024,0.06934673366834171,0
37,1,2,5,2,4,0,28,5,3,3,0.17258455092101327,1424,5723.0,0.821,0.11503006012024049,50,1.273,0.19999999999999998,0
48,0,4,1,1,4,0,24,4,2,3,0.0,0,1438.3,0.738,0.10168909247065559,46,0.484,0.0,1
32,1,1,3,1,1,0,19,2,3,1,0.32002527382496365,0,12024.0,0.823,0.8028056112224449,105,0.78,0.0,0
43,0,4,2,2,4,0,31,5,2,0,0.1312878464947684,1168,4613.0,0.638,0.06126538791869453,32,0.455,0.20301507537688443,0
45,1,4,2,1,3,0,32,1,1,3,0.7673054656158077,1657,25162.0,0.816,0.7970226166618952,111,0.762,0.06231155778894472,0
48,1,3,5,1,2,0,36,1,1,2,0.42583674197420013,1148,14376.0,0.829,0.7608932150014315,106,0.71,0.0743718592964824,0
43,1,4,5,1,2,3,30,1,3,1,0.8591195881213023,1576,28280.0,0.8,0.8220440881763527,119,0.545,0.05326633165829145,0
50,1,0,4,1,3,0,36,5,1,3,0.810657935708952,0,28253.0,0.479,0.22874320068708845,67,0.763,0.0,0
52,1,1,2,1,0,0,40,4,1,2,0.06577543178636969,0,3614.0,0.671,0.23080446607500713,82,0.907,0.0,0
46,0,5,0,0,1,0,38,6,1,3,0.055557067147957696,1915,1361.0,0.672,0.2137990266246779,76,0.617,0.5879396984924622,0
55,1,1,3,1,2,0,46,2,2,3,0.0,0,1438.3,1.037,0.020498139135413682,18,1.25,0.0,1
41,0,1,2,2,1,0,28,1,3,1,0.21294406805793634,585,7897.0,0.624,0.21271113655883192,74,0.897,0.06934673366834171,0
53,1,3,0,1,3,0,40,4,4,4,0.13948067731432356,1720,4332.0,0.683,0.05416547380475237,37,0.423,0.2854271356783919,0
44,0,3,2,0,1,0,34,2,3,2,0.0075791243042896,0,1689.0,0.202,0.060578299456054974,37,0.276,0.0,1
60,1,0,2,1,1,0,41,3,2,4,0.030827415449079,1880,578.0,0.759,0.040538219295734326,30,0.579,0.7688442211055276,0
56,0,2,2,1,4,0,36,6,2,1,0.016104505452313803,922,1049.0,0.762,0.24603492699685084,84,0.867,0.47035175879396984,0
54,1,1,5,2,2,0,48,5,2,3,0.4084231975016401,2158,12790.0,0.844,0.14680790151732034,56,1.0,0.14472361809045223,0
35,1,3,4,2,3,3,29,5,3,2,1.0000000000000002,1872,32644.0,1.068,0.0971657600916118,61,1.103,0.054271356783919596,0
43,0,2,2,2,4,3,24,1,1,3,0.2670590760542601,1523,8749.0,0.869,0.7896364156885198,113,0.794,0.1487437185929648,0
52,1,2,0,1,3,0,36,1,2,2,0.2575965076169141,1049,8910.0,0.976,0.8396793587174348,99,0.941,0.10552763819095476,0
39,0,5,0,2,4,0,30,4,1,2,0.09890953724110202,1869,2841.0,0.858,0.23985113083309476,91,0.655,0.39899497487437185,0
32,0,3,4,1,1,0,26,4,3,3,0.05247341864760852,2084,1090.0,0.636,0.22776982536501575,83,1.075,0.6603015075376885,0
57,0,2,2,2,4,0,46,5,2,2,0.12106948185635641,1889,3554.0,0.421,0.22250214715144576,64,0.6,0.34874371859296477,0
50,1,1,0,1,3,0,36,5,2,3,0.02961814152737343,1720,698.0,1.019,0.19272831377039792,58,0.812,0.7145728643216079,0
55,0,5,3,2,4,0,49,6,2,1,0.02233226614909744,1472,705.0,0.787,0.26899513312338963,77,0.674,0.6793969849246231,0
53,1,2,0,2,0,1,36,2,1,1,1.0000000000000002,1051,33465.0,0.863,0.4814199828227884,114,0.676,0.030150753768844216,0
52,1,0,2,2,0,0,48,4,5,5,0.35297798819144016,2247,10867.0,1.003,0.11130833094760952,51,0.417,0.17185929648241205,1
38,1,2,2,2,3,0,28,4,3,2,0.5684403691913283,1203,19038.0,0.66,0.0327512167191526,31,0.632,0.05929648241206029,0
46,0,4,1,0,4,0,38,4,3,2,0.08107274689594501,1578,2542.0,0.379,0.24403091898081877,81,0.588,0.38492462311557785,0
56,1,2,3,1,0,0,52,6,2,2,0.6627939669324047,1453,21909.0,0.848,0.8513598625823074,116,0.841,0.06231155778894472,0
59,0,1,3,1,4,0,50,1,4,3,0.10897674263930082,743,4300.0,0.805,0.5519610649871171,66,0.784,0.14773869346733667,1
48,0,3,2,1,1,0,42,2,1,1,0.25103619659166143,2517,7225.0,0.692,0.7186945319209849,92,0.804,0.25929648241206027,0
41,0,2,2,2,4,0,21,2,3,3,0.06607775026679608,1641,1983.0,0.833,0.8756942456341253,121,0.779,0.4552763819095477,0
40,1,3,2,0,3,0,31,4,2,3,0.7840841412794723,1509,25865.0,0.803,0.2119095333524191,60,0.714,0.055276381909547735,0
61,1,0,2,2,1,0,56,2,5,4,0.0769612155621461,2245,1739.0,0.612,0.07391926710563985,39,0.696,0.5668341708542712,1
32,1,0,3,1,0,0,27,3,3,4,0.6331667558506184,0,22382.0,0.418,0.009447466361294014,10,0.25,0.0,1
42,1,4,2,2,1,0,33,5,3,2,0.03675285766543624,1489,1165.0,0.668,0.24259948468365303,82,0.673,0.563819095477387,0
56,1,1,5,1,2,0,43,5,1,4,0.05053858037287962,2378,732.0,0.974,0.1640423704551961,75,0.829,0.7688442211055276,0
47,0,3,2,1,4,0,27,3,3,0,0.0003839444701415201,0,1451.0,0.5,0.19101059261379902,72,0.714,0.0,0
55,0,2,5,1,4,0,44,5,2,3,0.006974487343436822,1000,669.0,0.717,0.20354995705697107,69,0.971,0.6020100502512562,0
43,0,2,4,1,4,0,31,6,1,1,0.04228528585723918,1807,1030.0,0.609,0.21465788720297738,83,0.627,0.6402010050251256,0
64,0,0,2,2,4,0,56,3,2,4,0.08046810993509224,863,3237.0,0.992,0.1753793300887489,51,0.821,0.21105527638190952,0
48,0,2,2,2,4,0,36,2,2,3,0.057854687599198255,2122,1230.0,0.701,0.8171772115659891,106,0.797,0.636180904522613,0
63,1,0,1,2,4,0,47,6,4,3,0.17739141475979286,0,7306.0,0.875,0.10964786716289722,43,0.593,0.0,1
43,0,5,5,2,4,0,36,5,3,4,0.0378109723469286,2384,305.0,0.365,0.08079015173203549,53,0.656,0.8914572864321607,1
43,0,3,0,2,4,0,33,4,2,2,0.12889953049939992,2165,3537.0,0.79,0.826796450042943,120,0.935,0.38190954773869346,0
51,0,2,2,1,1,0,36,2,3,2,0.0,1141,297.3,0.69,0.22645290581162322,85,0.889,0.7969849246231155,0
49,1,4,3,1,2,0,36,6,3,2,0.34765718293593567,661,12277.0,0.725,0.04305754365874606,32,0.778,0.05125628140703517,0
45,1,3,2,1,2,0,35,3,3,3,0.2676032493190276,753,9537.0,0.858,0.21734898368164898,81,0.761,0.07336683417085427,0
60,1,0,1,1,1,3,53,4,2,1,0.456582531433564,1428,15113.0,0.846,0.2188376753507014,82,0.907,0.08643216080402008,0
44,1,3,0,1,1,0,30,2,3,3,0.23818766117353993,847,8470.0,0.765,0.20561122244488977,81,0.723,0.09145728643216079,0
50,1,2,2,1,1,0,40,4,3,2,0.1208276270720153,1243,4192.0,0.749,0.8973375322072716,117,0.671,0.2301507537688442,0
56,0,2,5,2,4,0,36,5,3,4,0.032097153066869825,1298,1202.0,0.626,0.17995991983967935,72,0.565,0.521608040201005,0
45,0,4,2,2,4,0,33,2,1,3,0.04724330893623197,2055,946.0,0.838,0.23658746063555683,70,0.628,0.6884422110552764,0
67,1,0,2,1,1,0,56,4,2,1,0.1341598720588191,1297,4579.0,1.012,0.09178356713426854,55,0.719,0.22211055276381908,0
42,0,4,2,1,4,0,28,5,2,4,0.023178757894291323,1245,960.0,0.925,0.25141711995419413,90,0.8,0.5678391959798994,0
47,1,4,2,2,3,0,41,5,3,2,0.7559080589037328,1642,24800.0,0.651,0.049985685657028336,40,0.429,0.06231155778894472,0
52,0,3,4,2,4,0,45,5,1,3,0.03375990470921498,1701,854.0,1.492,0.14869739478957913,45,1.25,0.6693467336683416,0
54,0,2,1,0,4,0,43,6,1,3,0.0,1120,318.3,0.817,0.24906956770684222,77,0.75,0.7829145728643215,0
48,1,3,5,1,0,0,36,5,2,4,1.0000000000000002,787,33729.0,0.763,0.04477526481534498,32,0.6,0.023115577889447233,1
48,1,3,1,0,3,0,33,4,1,2,0.2676637130151129,0,10292.0,0.656,0.8369882622387632,111,0.79,0.0,0
42,0,3,2,1,4,0,36,2,3,3,0.03255063078750942,1453,1062.0,0.649,0.20011451474377323,74,0.805,0.5809045226130652,0
50,1,2,0,1,2,0,36,2,2,1,0.32833903203668935,1664,10635.0,0.879,0.8319496135127398,90,0.915,0.135678391959799,0
31,1,1,3,1,2,0,24,2,1,3,0.08736097128881393,1493,2835.0,0.651,0.8131119381620383,120,0.765,0.3467336683417085,0
38,0,3,3,1,4,0,29,4,2,2,0.29895367573924425,1528,9799.0,1.142,0.0860578299456055,38,0.727,0.135678391959799,0
38,0,1,2,1,1,0,20,5,1,3,0.1123022459239911,2517,2636.0,1.488,0.14686515888920698,63,0.969,0.49045226130653263,0
43,0,2,5,1,4,0,34,6,2,3,0.221681072142259,1662,7109.0,0.555,0.18602920125966216,72,0.756,0.1899497487437186,0
44,1,2,2,1,2,0,36,5,6,1,0.1363970288139744,1117,4833.0,0.57,0.23773260807328941,89,0.679,0.18894472361809045,0
40,0,3,2,1,4,0,31,5,6,1,0.011267409765491558,821,990.0,0.773,0.2152877182937303,73,0.78,0.4552763819095477,0
48,0,2,2,1,4,0,36,4,1,2,0.14885255020754165,1705,4657.0,0.644,0.2656169481820784,84,0.474,0.2693467336683417,0
46,1,4,2,0,2,0,32,5,3,3,0.0,738,700.3,0.709,0.21975379330088748,87,0.74,0.5155778894472361,0
56,0,4,3,2,1,0,44,3,2,2,0.03542265635156012,1988,622.0,0.576,0.20595476667620954,69,0.533,0.7658291457286431,0
35,1,3,2,2,1,1,19,1,1,3,0.6435362797292435,808,21917.0,0.779,0.7624964214142571,120,0.875,0.03618090452261306,0
41,1,4,5,2,3,0,32,4,6,3,0.6142416189759264,0,21756.0,0.817,0.1450329229888348,71,0.511,0.0,0
35,0,4,2,2,4,0,29,6,3,0,0.020548587114581733,1189,929.0,1.158,0.22965931863727454,60,0.818,0.563819095477387,0
40,1,3,0,1,1,0,30,2,2,2,0.10169086726102483,1701,3101.0,0.532,0.24569138276553107,66,0.65,0.3557788944723618,0
45,1,5,5,1,3,0,34,2,3,3,0.06036393098673729,2517,918.0,0.332,0.28840538219295736,51,0.545,0.7366834170854271,1
43,1,3,2,0,2,0,30,3,2,1,0.03475755569462206,1669,919.0,0.788,0.0299456054967077,31,0.55,0.6482412060301507,0
55,0,3,2,1,4,0,36,3,2,0,0.10347454629554051,1123,3738.0,0.938,0.05874606355568279,40,0.538,0.2321608040201005,0
38,1,3,0,2,1,0,19,1,2,4,0.061059263491717995,321,3137.0,0.586,0.09882622387632407,40,0.29,0.09346733668341707,1
51,1,2,5,2,0,0,35,1,2,2,1.0000000000000002,1068,33448.0,0.966,0.9102776982536501,123,0.809,0.03115577889447236,0
48,1,4,3,1,2,0,30,6,3,3,0.45761041426701377,0,16575.0,0.76,0.19765244775264815,77,0.878,0.0,0
42,0,4,5,0,4,0,38,6,3,2,0.2600150554603252,1600,8439.0,0.7,0.2379043801889493,76,0.9,0.15979899497487435,0
37,0,3,2,2,4,0,32,3,4,4,0.5501501011255318,1566,18070.0,0.649,0.11823647294589178,58,0.611,0.08040201005025126,0
38,1,2,2,1,4,0,25,4,1,3,0.2207438848529372,734,8006.0,1.072,0.09384483252218723,38,0.652,0.08442211055276382,0
53,0,3,2,1,1,0,46,6,3,1,0.022785743869737023,1146,1046.0,0.622,0.24196965359290004,85,0.735,0.5256281407035176,0
60,0,0,0,2,4,0,55,5,1,3,0.0,738,700.3,0.782,0.03985113083309476,33,0.571,0.5155778894472361,0
38,1,1,2,1,2,0,36,6,3,4,0.0323087760031683,1544,963.0,0.906,0.08411107930146006,34,0.789,0.6190954773869346,0
48,1,4,5,1,3,0,37,5,6,3,0.8921327661838641,2404,28544.0,0.609,0.05616948182078442,35,0.207,0.07839195979899496,0
49,1,3,5,1,0,0,38,2,3,3,0.21496960187679318,0,8549.0,1.023,0.49596335528199254,77,0.791,0.0,1
44,1,1,2,1,3,0,33,5,4,3,0.537392261251538,0,19214.0,0.998,0.16472945891783566,47,1.136,0.0,0
45,1,3,3,0,2,0,40,4,1,2,0.4878724941576954,0,17576.0,0.667,0.1697108502719725,67,0.718,0.0,0
58,0,1,1,2,1,3,47,5,2,4,0.4606940627673629,1590,15087.0,0.885,0.05038648726023476,37,0.609,0.09547738693467336,0
58,0,2,2,2,4,0,47,1,1,2,0.02082067374696548,0,2127.0,0.735,0.22164328657314628,65,0.667,0.0,0
37,1,3,5,1,3,0,31,4,2,2,0.07130785997817263,1425,2372.0,1.505,0.11594617807042658,44,0.833,0.37688442211055273,0
48,1,3,1,0,0,0,36,4,3,2,1.0000000000000002,2517,31999.0,0.697,0.06693386773547094,48,0.846,0.07336683417085427,0
42,1,5,5,1,1,0,34,5,3,2,0.3882585548571999,1519,12762.0,0.256,0.03630117377612367,35,0.522,0.1065326633165829,0
52,1,3,3,1,3,0,48,3,2,0,0.31857414511891696,1273,10703.0,1.024,0.0892642427712568,36,1.118,0.1065326633165829,0
47,0,3,5,2,4,0,38,5,3,4,0.04140856226400264,2264,544.0,0.544,0.17360435156026335,74,0.682,0.8100502512562814,0
59,0,1,5,0,4,0,53,1,3,1,0.06864745735042038,1197,2512.0,0.824,0.28783280847409104,82,1.0,0.3246231155778894,0
44,0,2,2,1,4,0,37,6,3,2,0.6887631244010315,1274,22947.0,0.452,0.16209561981105067,63,0.853,0.05326633165829145,0
51,1,4,2,2,0,3,46,2,3,3,1.0000000000000002,1279,33237.0,1.02,0.23389636415688517,49,0.581,0.0371859296482412,1
40,0,3,5,0,1,0,28,3,1,3,0.15628958482603086,2270,4338.0,0.75,0.20057257371886628,58,0.657,0.3457286432160803,0
53,0,3,2,2,1,0,40,6,3,2,0.005644286029560706,0,1625.0,0.689,0.10214715144574864,43,0.433,0.0,1
55,1,4,0,1,3,0,40,4,2,5,0.07886582198883235,1482,2565.0,0.959,0.8967077011165188,102,0.789,0.36783919597989945,0
53,0,5,2,1,4,0,42,1,2,2,0.07807979393972375,1745,2276.0,0.784,0.803721729172631,120,0.846,0.43618090452261304,0
44,0,2,2,0,4,0,36,6,3,0,0.17010553938151687,990,6075.0,0.503,0.18482679645004294,65,0.711,0.1407035175879397,0
50,0,1,2,1,1,0,40,6,2,2,0.036964480601734705,1575,1086.0,0.735,0.23389636415688517,82,0.708,0.5949748743718593,0
32,1,3,2,1,1,0,18,5,3,3,0.1502129833694604,963,5444.0,1.052,0.07964500429430289,43,0.72,0.1507537688442211,0
49,1,2,2,1,0,0,34,5,4,2,0.7949071428787371,1623,26109.0,0.452,0.05055825937589464,31,0.722,0.05929648241206029,0
38,1,3,5,1,2,0,36,5,2,3,0.05994068511414035,2308,1113.0,2.037,0.09957056971085028,39,1.053,0.6783919597989949,0
63,1,2,3,1,3,0,51,4,2,3,0.1657823851114195,1704,5218.0,0.278,0.05261952476381335,28,0.217,0.2472361809045226,0
57,0,3,0,2,4,0,39,4,1,2,0.18231920599074303,1752,5717.0,0.923,0.08703120526767821,46,0.917,0.23618090452261303,0
40,1,2,5,1,3,0,29,5,2,3,0.23189943678067101,1347,7762.0,0.695,0.1981677640996278,84,0.867,0.1487437185929648,0
26,0,1,2,2,1,0,20,6,3,3,0.0,673,765.3,0.595,0.09373031777841397,48,0.412,0.47035175879396984,0
47,1,4,5,1,2,0,43,4,3,1,0.153598950350236,1525,4994.0,0.874,0.22702547953048954,81,1.025,0.23517587939698492,0
52,1,2,2,1,3,0,43,6,3,3,0.3182113629424053,800,11164.0,0.954,0.2475236186659032,85,0.848,0.06733668341708543,0
39,1,1,4,2,1,0,35,5,1,1,0.03581567037611443,2121,502.0,0.722,0.20314915545376466,70,0.795,0.8130653266331658,0
48,0,3,3,2,4,0,37,5,3,0,0.088358622274221,806,3555.0,0.627,0.22834239908388201,84,0.75,0.185929648241206,0
37,0,1,2,1,1,0,29,5,2,2,0.08935627325962811,885,3509.0,1.04,0.04849699398797595,32,0.684,0.20201005025125626,0
40,0,4,4,2,1,0,28,2,1,2,0.30847670787267556,1501,10141.0,0.935,0.49281419982822783,92,0.586,0.12964824120603013,0
49,0,0,5,2,4,0,44,3,3,2,0.019823022761558402,0,2094.0,0.897,0.12367592327512168,46,0.484,0.0,1
42,1,3,3,1,3,0,36,3,2,2,0.6858910988369809,948,23178.0,0.616,0.16100772974520466,52,0.677,0.03919597989949748,0
55,0,2,2,2,4,0,43,6,1,5,0.11834861553251891,1594,3759.0,0.973,0.22479244202691093,79,0.837,0.2994974874371859,0
41,1,2,2,2,3,0,34,3,3,1,0.5342481490551036,2449,16661.0,1.0,0.2260521042084168,76,0.727,0.128643216080402,0
40,1,2,3,0,1,0,35,3,1,1,0.029980923703885103,974,1456.0,0.677,0.21837961637560835,75,0.596,0.4030150753768844,0
54,0,5,3,1,4,0,44,5,3,3,0.11801606520404986,605,4737.0,0.691,0.10855997709705124,46,0.394,0.11356783919597989,1
50,1,2,5,1,1,0,43,1,3,1,0.333145895875469,1332,11126.0,0.68,0.4707701116518752,95,0.863,0.10753768844221104,0
44,1,0,3,2,2,0,36,6,3,2,0.15622912112994558,2517,4089.0,0.825,0.22691096478671627,68,0.659,0.38291457286432157,0
49,1,2,2,1,3,0,39,3,2,2,0.29910483497945745,946,10386.0,0.857,0.18757515030060118,65,0.667,0.08341708542713568,0
50,0,3,2,1,4,0,40,3,2,2,0.04494568848499141,2065,860.0,0.692,0.19370168909247062,47,1.474,0.7095477386934672,0
44,0,4,2,1,4,0,37,4,3,3,0.13264827965668716,0,5826.0,0.689,0.18471228170626966,73,0.921,0.0,0
45,1,4,2,1,1,0,36,5,3,4,0.08083089211160391,0,4112.0,0.777,0.13850558259375892,54,1.25,0.0,0
33,0,3,3,1,4,0,21,2,1,3,0.042103894768983345,1167,1664.0,0.744,0.22502147151445748,65,0.857,0.4140703517587939,0
56,1,2,2,1,3,0,51,3,3,3,0.3249228332078712,1080,11106.0,0.842,0.24363011737761234,66,0.65,0.08944723618090451,0
41,1,2,0,2,0,0,32,6,3,2,0.12246014686631781,1513,3976.0,0.87,0.20354995705697107,65,0.548,0.27738693467336684,0
39,1,1,3,1,3,0,28,4,2,4,0.05709889139813228,0,3327.0,1.089,0.06498711709132551,36,0.636,0.0,0
49,1,4,3,1,3,0,40,2,3,2,0.18830511190318555,2191,5476.0,0.682,0.42118522759805327,94,0.679,0.2874371859296482,0
55,1,1,5,2,0,0,41,3,4,4,0.6984675476227187,2354,22188.0,0.314,0.025994846836530198,24,0.263,0.0964824120603015,1
48,0,2,2,2,4,0,38,4,4,3,0.04092485269532042,1375,1417.0,0.854,0.21952476381334096,62,0.879,0.4944723618090452,0
46,1,1,5,1,2,0,34,3,3,4,0.41180916448241567,0,15060.0,0.545,0.06189521900944747,42,0.4,0.0,1
60,0,0,1,1,4,0,45,5,2,4,0.0,648,790.3,0.477,0.04219868308044661,27,1.077,0.45326633165829144,0
41,0,3,2,1,4,0,29,1,1,2,0.04388757380349904,2150,740.0,0.657,0.22026910964786714,84,0.867,0.7477386934673366,0
54,0,2,2,1,4,0,46,5,3,2,0.007760515392545436,913,782.0,0.449,0.09161179501860864,48,0.5,0.5417085427135678,1
31,0,1,4,1,4,0,21,2,1,2,0.11801606520404986,2005,3337.0,0.682,0.8135127397652447,94,0.709,0.37688442211055273,0
45,1,4,2,2,2,0,36,5,2,1,0.4130184384041212,2004,13096.0,0.9,0.2064128256513026,76,0.689,0.13366834170854272,0
47,0,4,4,1,4,0,42,4,4,4,0.15154318468333652,0,6451.0,0.706,0.10707128542799886,43,0.433,0.0,1
45,1,3,3,1,1,3,33,3,2,1,0.46828225662606526,1519,15409.0,0.894,0.16175207557973087,66,0.886,0.09045226130653265,0
40,0,4,2,2,4,0,26,5,3,0,0.023208989742333964,1110,1096.0,0.746,0.26716289722301745,92,0.614,0.5055276381909547,0
51,0,1,0,1,4,0,38,3,2,4,0.14341081755986665,1516,4666.0,1.137,0.18728886344116802,61,0.968,0.24623115577889446,0
58,0,1,2,1,4,0,46,6,3,3,0.04827119176968169,1779,1256.0,0.851,0.25588319496135126,83,0.93,0.5889447236180904,0
35,0,4,3,2,4,0,25,5,2,3,0.03765981310671541,1658,1026.0,0.669,0.23630117377612367,76,1.0,0.6211055276381909,0
43,0,1,2,1,4,0,32,4,4,3,0.011962742270472254,1416,418.0,0.868,0.2933295161752076,79,0.927,0.7758793969849246,0
43,1,3,2,1,2,3,30,4,3,4,0.7381921959507463,1281,24575.0,0.975,0.1587746922416261,70,0.795,0.05025125628140703,0
48,1,3,4,0,2,0,35,5,2,1,0.1452549602904676,1331,4912.0,0.8,0.17016890924706554,57,1.036,0.21407035175879394,0
40,0,2,2,1,4,0,36,3,2,3,0.029769300767586625,1674,749.0,0.644,0.21345548239335813,80,0.538,0.6944723618090451,0
51,0,4,3,1,1,0,43,5,3,2,0.20883253672413746,1452,6894.0,1.194,0.20675636988262236,79,0.612,0.17487437185929647,0
34,0,4,3,2,4,0,30,4,1,3,0.04860374209815072,2279,767.0,0.611,0.10306326939593473,69,0.643,0.7517587939698491,0
35,0,1,0,2,4,0,25,2,2,4,0.023964785943399937,1791,440.0,0.82,0.1171485828800458,42,0.75,0.807035175879397,1
36,1,2,2,2,3,0,29,3,3,5,0.11813699259622043,1539,3807.0,0.777,0.1003721729172631,51,0.889,0.28944723618090445,0
54,1,0,3,2,3,0,45,1,3,2,0.5878189837866599,1525,19357.0,0.828,0.24248496993987975,76,0.767,0.07336683417085427,0
38,0,1,5,2,4,0,27,6,3,4,0.21766023635258805,0,8638.0,0.489,0.04380188949327225,29,0.381,0.0,0
45,0,3,2,1,4,0,40,3,5,3,0.09141203892652755,706,3756.0,0.886,0.11428571428571428,41,0.414,0.1587939698492462,1
59,1,1,2,2,1,3,51,2,2,1,0.4149532766788501,1071,14093.0,0.9,0.7175493844832522,103,0.717,0.07135678391959797,0
49,1,5,5,1,1,0,44,2,3,4,0.07421011739026595,0,3893.0,0.662,0.07649584884053821,37,0.947,0.0,1
33,1,4,5,1,3,0,36,5,3,4,0.0,0,1438.3,0.98,0.10930432293157745,43,0.72,0.0,1
57,1,1,3,2,3,0,45,1,6,1,0.4109022090411365,1395,13635.0,0.625,0.40498139135413685,81,0.588,0.09346733668341707,0
51,0,2,0,2,4,0,31,2,1,3,0.026232174546597868,1627,679.0,0.507,0.18585742914400227,70,0.944,0.7095477386934672,0
52,0,3,3,1,4,0,38,2,1,2,0.06248016034972203,2517,988.0,0.612,0.2578872029773833,79,0.681,0.7216080402010049,0
53,0,2,2,1,4,0,35,1,2,3,0.022997366806035487,693,1506.0,0.654,0.3900372172917263,86,0.483,0.3165829145728643,0
48,1,3,2,2,3,0,30,4,2,3,0.08288665777850335,688,3492.0,0.747,0.1843687374749499,76,0.727,0.1658291457286432,0
43,1,2,1,2,3,0,36,3,3,3,0.2845633160709481,1101,9750.0,0.702,0.1808187804179788,65,0.757,0.10150753768844221,0
36,1,1,2,1,1,0,36,2,3,3,0.16490566151818298,1462,5431.0,1.031,0.24345834526195245,50,0.351,0.2130653266331658,1
50,1,3,3,2,3,0,39,4,1,4,0.2577476668571273,1559,8405.0,1.873,0.06275407958774692,25,0.786,0.15678391959798993,0
48,0,4,1,2,4,0,39,6,1,1,0.04252714064158029,919,1926.0,0.652,0.120526767821357,43,1.263,0.3246231155778894,0
43,0,4,2,1,4,0,24,6,2,3,0.007276805823863211,951,728.0,0.706,0.11233896364156885,43,0.593,0.5688442211055276,1
45,1,2,2,1,2,0,25,3,5,3,0.0,0,1438.3,0.676,0.010249069567706843,27,0.421,0.0,1
59,0,1,4,2,4,0,36,6,2,2,0.03992720170991334,2481,278.0,0.588,0.25805897509304326,84,0.68,0.9035175879396984,0
46,1,3,0,1,2,0,39,3,3,2,0.3599313132412471,1907,11437.0,0.832,0.45828800458058977,86,0.83,0.1437185929648241,1
48,1,2,0,0,3,0,40,4,3,3,0.09192598034325242,0,4479.0,0.89,0.2284569138276553,63,0.37,0.0,1
42,0,3,2,1,4,0,36,4,2,2,0.03288318111597844,2048,478.0,0.716,0.2139707987403378,72,0.8,0.8150753768844221,0
53,0,1,2,0,4,0,44,3,3,3,0.08016579145466585,2517,1573.0,0.562,0.08508445462353278,49,0.69,0.6180904522613064,1
52,1,2,2,2,0,0,37,2,3,2,0.39617929904437127,0,14543.0,0.788,0.05760091611795019,37,0.423,0.0,0
35,0,2,2,2,4,0,26,6,1,2,0.05534544421165922,1434,1835.0,0.63,0.2371600343544231,66,0.65,0.4412060301507537,0
44,1,4,3,2,0,0,37,5,3,3,0.2103441291262694,1672,6724.0,0.602,0.05410821643286573,35,0.75,0.19999999999999998,0
43,0,3,2,2,4,0,36,6,3,3,0.026806579659408004,238,2087.0,0.64,0.10168909247065559,47,0.621,0.10251256281407034,1
41,0,4,5,2,4,0,31,5,1,2,0.031794834586443436,627,1863.0,0.345,0.04929859719438878,45,0.364,0.25326633165829143,0
43,0,5,2,2,4,0,38,6,2,2,0.0,604,834.3,0.771,0.22553678786143713,85,0.932,0.42211055276381904,0
50,1,2,3,2,2,0,46,6,2,4,0.12660191004815935,778,4848.0,1.009,0.2534783853421128,84,1.049,0.13869346733668342,0
35,1,5,5,2,2,0,28,4,2,3,0.09519101993185744,1704,2883.0,0.903,0.1395934726596049,65,0.806,0.3728643216080402,0
50,0,4,2,1,4,0,30,5,3,4,0.07859373535644862,1530,2508.0,0.724,0.10707128542799886,41,0.323,0.3809045226130653,1
37,1,1,2,1,3,0,26,6,3,1,0.2001257644878574,1176,6882.0,1.164,0.12848554251359862,52,0.625,0.14673366834170853,0
47,0,2,5,1,4,3,36,1,3,2,0.40295123300592245,948,13819.0,0.999,0.7191525908960779,104,0.625,0.064321608040201,0
39,0,0,2,2,1,3,26,1,1,1,0.6232507096926329,1146,20908.0,0.842,0.4308617234468938,82,0.673,0.05226130653266331,0
43,1,5,3,1,2,0,36,5,2,1,0.041469025960087925,2384,426.0,0.859,0.2487832808474091,97,0.764,0.8522613065326632,0
55,1,0,3,1,3,0,35,5,1,4,0.07333339379702944,1901,1963.0,0.289,0.027941597480675633,32,0.391,0.4944723618090452,0
44,1,3,4,2,3,0,38,5,2,3,0.552810503753284,0,19724.0,0.644,0.18894932722588031,82,0.673,0.0,0
38,1,2,2,2,2,0,30,3,2,4,0.027441448468303424,0,2346.0,0.394,0.19765244775264815,72,0.532,0.0,0
37,1,2,2,1,0,0,30,2,4,4,0.36954504091880636,0,13662.0,0.153,0.011165187517892926,22,0.0,0.0,1
45,0,3,3,1,4,0,36,4,3,3,0.06365920242338494,1661,1883.0,0.831,0.8370455196106499,111,0.734,0.4713567839195979,0
46,0,2,2,1,4,0,36,5,2,3,0.11547658996846821,1994,3264.0,0.725,0.19707987403378183,73,0.587,0.3809045226130653,0
42,0,2,2,2,1,0,34,3,3,3,0.03258086263555205,0,2516.0,0.53,0.09888348124821071,51,0.545,0.0,1
49,0,1,0,1,4,0,36,1,3,2,0.10885581524713026,2489,2550.0,0.875,0.2427712567993129,74,0.947,0.49648241206030147,0
56,1,3,2,1,2,0,37,3,3,0,0.04065276606293667,1526,1257.0,0.942,0.07895791583166333,54,0.688,0.5507537688442211,0
51,0,2,2,2,1,0,45,5,1,3,0.0,869,569.3,0.791,0.20578299456054966,59,0.967,0.6070351758793969,0
49,1,3,4,1,3,0,45,3,0,4,0.6781517457380652,0,23870.0,0.604,0.0775837389063842,39,0.345,0.0,1
43,0,2,5,2,4,0,36,5,2,4,0.009000021162293634,1513,223.0,0.829,0.16787861437160032,67,0.558,0.8763819095477386,0
26,1,1,2,2,4,0,13,6,2,3,0.031462284257974406,828,1651.0,0.44,0.09705124534783853,44,0.294,0.335678391959799,0
52,1,3,0,1,0,0,47,5,6,3,0.11127436309054137,1972,3147.0,0.835,0.26430002862868596,88,0.956,0.3869346733668341,0
42,1,4,5,0,2,0,32,4,1,2,0.1229136245869574,0,5504.0,0.62,0.04775264815344976,32,0.684,0.0,0
28,0,0,2,2,4,3,36,4,3,4,0.4072743872760198,873,14037.0,0.737,0.11623246492985971,72,0.674,0.05929648241206029,0
55,0,3,4,1,4,0,36,3,2,3,0.45676392252181985,1521,15026.0,0.555,0.07168622960206127,48,0.333,0.09246231155778893,0
49,0,5,2,1,4,0,36,1,3,2,0.055436139755787144,2085,1187.0,0.417,0.2241053535642714,83,0.627,0.6402010050251256,0
43,0,5,5,2,4,0,36,2,1,2,0.012597611079367674,907,948.0,0.816,0.20961923847695388,81,0.761,0.49145728643216074,0
41,1,4,2,1,3,0,27,4,2,4,0.32746230844345287,0,12270.0,0.543,0.23177784139707988,67,0.811,0.0,0
44,0,4,5,2,4,0,32,6,3,4,0.0,170,1268.3,0.889,0.11434297165760092,45,0.406,0.11859296482412059,1
53,1,3,0,1,0,0,43,4,2,5,0.4081208790212137,1155,13783.0,0.995,0.09836816490123103,51,0.645,0.07738693467336683,0
53,1,2,4,1,3,0,36,4,2,0,0.8394386550455443,1208,27997.0,0.957,0.05874606355568279,43,1.048,0.04120603015075377,0
58,1,2,3,2,2,0,45,3,2,0,0.14954788271252237,1535,4850.0,1.138,0.061952476381334096,47,0.88,0.24120603015075373,0
43,0,4,2,2,4,0,36,5,4,1,0.22615538565256957,2231,6688.0,0.562,0.19427426281133695,73,1.028,0.25125628140703515,0
37,0,3,2,2,4,0,36,3,2,3,0.14023647351538954,1397,4680.0,0.834,0.1320927569424563,74,0.609,0.23115577889447236,0
56,0,3,2,1,4,0,45,2,3,4,0.0,0,1438.3,0.315,0.08348124821070713,42,0.355,0.0,1
43,0,2,5,0,4,0,31,5,3,1,0.0874818986809845,1313,3019.0,0.671,0.20400801603206412,84,0.826,0.3045226130653266,0
54,1,5,2,1,0,0,42,1,1,3,0.06931255800735844,1903,1828.0,0.915,0.23687374749498993,88,0.725,0.5125628140703518,0
44,0,3,2,1,4,0,40,2,2,1,0.0,0,1438.3,0.773,0.2344689378757515,93,0.938,0.0,0
35,0,3,5,1,4,0,25,4,1,2,0.02148577440390354,1118,1031.0,0.903,0.06017749785284855,30,1.0,0.5226130653266331,0
45,0,3,3,1,4,0,40,1,4,2,0.20995111510171507,0,8383.0,1.036,0.2822788434010879,63,0.853,0.0,1
47,0,5,5,1,4,0,36,1,6,1,0.025778696825958285,1419,872.0,0.725,0.22719725164614943,81,0.761,0.622110552763819,0
47,0,3,2,2,4,0,40,1,3,0,0.1715868999356062,1637,5477.0,0.699,0.24208416833667332,81,0.5,0.23115577889447236,0
46,1,1,5,1,2,0,36,3,2,2,0.5750309120646236,2071,18388.0,1.248,0.07082736902376181,38,2.167,0.10150753768844221,0
50,0,4,2,2,4,0,37,1,2,3,0.068345138869994,913,2786.0,0.866,0.38746063555682797,71,0.69,0.24824120603015074,1
53,0,2,5,1,4,0,36,6,1,4,0.06251039219776466,1405,2101.0,0.766,0.08411107930146006,48,0.655,0.4030150753768844,0
46,0,2,2,1,4,0,40,6,1,2,0.007790747240588078,1177,519.0,0.686,0.22215860292012593,84,0.826,0.6974874371859295,0
41,1,4,3,2,4,0,21,2,3,1,0.060182539898481456,1504,1925.0,0.601,0.19954194102490694,76,1.0,0.4412060301507537,0
36,0,2,2,1,4,0,26,3,3,2,0.0,0,1438.3,0.61,0.2534783853421128,88,0.872,0.0,0
44,1,4,2,2,2,0,24,5,3,2,0.29033759904709217,2211,8831.0,0.897,0.03492699685084455,25,0.786,0.20100502512562812,0
48,1,4,4,1,1,0,29,6,1,2,0.04467360185260765,1074,1842.0,0.774,0.1998282278843401,84,0.68,0.3698492462311557,0
48,1,4,3,1,3,0,36,5,1,2,0.16203363595413225,2517,4281.0,0.873,0.21740624105353562,79,0.881,0.371859296482412,0
39,0,4,3,2,4,0,36,3,2,4,0.3315436079292091,0,12405.0,0.949,0.15007157171485827,39,0.444,0.0,1
50,0,2,2,2,4,0,40,5,2,2,0.15635004852211612,1663,4947.0,0.813,0.24076724878328085,83,0.766,0.25326633165829143,0
49,0,4,2,1,1,0,29,6,3,2,0.003800143298959724,0,1564.0,1.114,0.26578872029773837,78,0.733,0.0,0
62,1,0,3,1,2,0,56,3,3,2,0.20070016960066756,0,8077.0,0.749,0.021528771829373027,16,0.333,0.0,1
55,0,3,2,2,4,0,36,3,3,5,0.01879513992810867,0,2060.0,0.251,0.08279415974806756,44,0.257,0.0,1
44,0,3,2,1,4,0,27,3,1,4,0.0012606680633780523,1017,463.0,1.008,0.2699685084454624,80,0.86,0.6904522613065327,0
54,1,3,3,1,3,0,36,6,1,2,0.0,1133,305.3,0.759,0.08044660750071572,41,0.708,0.7919597989949748,0
53,1,3,1,2,0,0,36,3,1,0,0.8901676960610926,1694,29189.0,0.86,0.04219868308044661,23,0.533,0.055276381909547735,0
46,1,1,5,1,1,0,27,6,3,3,0.3429107827932414,1253,11528.0,0.638,0.031090752934440306,21,0.4,0.09849246231155778,0
38,0,4,0,1,1,0,36,4,4,4,0.10504660239375774,2517,2396.0,0.348,0.02112797022616662,28,0.273,0.514572864321608,1
36,0,3,2,2,4,0,36,4,3,0,0.0036187522107038947,261,1297.0,0.775,0.108445462353278,40,0.6,0.16884422110552763,1
56,1,2,2,1,0,0,36,1,3,3,0.4332435447446467,0,15769.0,1.041,0.00412253077583739,15,0.364,0.0,1
36,1,3,3,1,3,0,27,3,1,2,0.1698334527491331,0,7056.0,0.815,0.06922416261093615,35,0.842,0.0,0
36,0,2,5,1,4,0,31,5,3,1,0.04727354078427461,1002,2000.0,1.033,0.11989693673060407,46,1.0,0.335678391959799,0
53,1,1,3,2,4,0,36,3,3,3,0.2279692965351279,1289,7690.0,0.651,0.39461780704265675,87,0.673,0.14472361809045223,0
56,1,2,5,0,1,0,45,3,1,3,0.14791536291821986,1420,4911.0,0.529,0.17160034354423132,69,0.438,0.2251256281407035,0
59,1,0,2,2,2,0,53,4,2,2,0.089114418475287,2505,1881.0,0.806,0.20234755224735182,65,0.806,0.5738693467336683,0
48,1,2,2,1,1,0,36,5,1,2,0.3515873231814788,1718,11350.0,0.607,0.02330375035785857,28,0.556,0.1316582914572864,0
42,0,4,2,1,4,0,34,5,3,2,0.013172016192177817,1341,533.0,0.952,0.1929000858860578,70,0.75,0.7195979899497487,0
51,1,3,3,2,2,0,43,5,3,3,0.17173805917581939,1513,5606.0,0.925,0.25416547380475235,84,0.909,0.21407035175879394,0
31,0,1,2,0,4,0,13,2,2,3,0.06332665209491592,1206,2327.0,0.859,0.90518179215574,120,0.579,0.342713567839196,0
56,1,4,2,1,3,0,49,3,4,2,0.08681679802404643,2229,2081.0,0.643,0.0638419696535929,33,0.941,0.5195979899497487,0
46,1,3,2,1,1,0,34,3,6,1,0.024811277688593834,1346,913.0,0.813,0.41311193816203834,88,0.517,0.5989949748743718,0
38,1,2,2,1,3,0,29,5,3,3,0.1843145079615572,2517,5018.0,0.813,0.06441454337245921,41,0.577,0.335678391959799,0
58,0,2,5,2,4,0,44,1,2,2,0.03509010602309109,1407,1192.0,0.727,0.43120526767821354,98,0.531,0.543718592964824,0
61,1,0,2,1,4,0,36,2,3,3,0.16690096348899713,945,6014.0,0.816,0.23034640709991408,84,0.714,0.13668341708542714,0
46,0,3,0,2,4,0,36,5,2,2,0.03218784861099775,2373,130.0,0.697,0.23572860005725735,65,0.806,0.9527638190954772,0
49,0,2,3,1,1,0,38,4,1,2,0.032006457522741914,1674,823.0,0.701,0.1369596335528199,53,0.963,0.6733668341708543,0
42,1,3,3,1,3,3,36,5,2,3,1.0000000000000002,1294,33222.0,0.679,0.7623819066704838,120,0.791,0.0371859296482412,0
41,0,4,5,2,4,0,33,6,4,3,0.1319227153036638,2490,3312.0,0.849,0.1635270541082164,53,1.038,0.4311557788944723,0
52,0,2,2,2,4,0,41,2,3,3,0.06559404069811384,2517,1091.0,1.057,0.25061551674778126,53,0.559,0.7015075376884421,1
49,0,3,2,1,4,0,39,5,3,0,0.025143828017062865,1647,623.0,0.759,0.20498139135413682,75,0.923,0.7296482412060301,0
41,1,2,3,2,3,0,36,4,2,4,0.8281017120295547,0,28830.0,0.786,0.17194388777555109,57,0.966,0.0,0
37,1,3,2,1,1,0,36,3,3,3,0.017918416334872143,0,2031.0,0.752,0.0657314629258517,36,0.8,0.0,0
41,0,2,2,1,1,0,36,5,2,4,0.04691075860776294,1828,1162.0,0.488,0.09934154022330376,41,0.414,0.6140703517587939,1
40,0,3,3,1,4,0,32,5,1,3,0.018371894055511727,1694,352.0,0.853,0.1661608932150014,49,0.96,0.8321608040201004,0
46,1,2,5,2,2,0,35,1,1,0,0.2103441291262694,604,7792.0,0.827,0.44655024334383053,101,0.656,0.07236180904522611,0
43,0,3,5,1,4,0,32,6,3,3,0.013867348697158513,0,1897.0,0.645,0.1337532207271686,47,0.469,0.0,1
49,1,4,2,2,0,0,38,3,3,4,1.0000000000000002,2517,31999.0,0.7,0.10569710850271972,55,0.486,0.07336683417085427,1
41,1,3,2,1,0,0,36,2,3,2,0.15498961536019737,1130,5435.0,0.823,0.4121958202118523,97,0.644,0.17286432160804016,0
46,1,3,3,1,3,0,27,4,2,3,0.10658842664393234,2316,2648.0,0.793,0.15740051531634697,66,0.941,0.4693467336683417,0
42,0,5,2,1,4,0,37,5,2,3,0.03333665883661804,1398,1143.0,0.635,0.2386487260234755,88,0.833,0.5527638190954773,0
52,1,1,3,1,0,0,36,5,3,3,0.9158647668973358,0,31733.0,0.735,0.18282278843401087,53,0.767,0.0,0
54,0,3,5,2,1,0,41,3,1,3,0.03173437089035817,2196,292.0,0.733,0.21935299169768105,75,0.63,0.8874371859296482,0
59,0,0,4,1,4,0,49,5,2,3,0.0012304362153354106,601,878.0,0.607,0.062467792728313765,32,0.6,0.40804020100502514,0
51,1,1,3,1,3,0,36,5,2,2,0.2342272890799542,0,9186.0,0.658,0.2551388491268251,88,0.76,0.0,0
59,0,0,3,1,4,0,49,6,2,4,0.042164358465068615,1609,1224.0,0.78,0.04609218436873748,23,1.3,0.5708542713567838,0
51,0,1,2,2,1,0,36,3,3,3,0.22376706965720108,1794,7046.0,0.848,0.1322072716862296,47,0.808,0.20402010050251257,1
40,0,4,2,2,4,1,20,6,4,3,0.439834087617942,1965,14022.0,0.722,0.22971657600916115,70,0.591,0.1236180904522613,0
57,0,3,1,2,4,0,44,5,3,2,0.009030253010336275,813,924.0,0.756,0.17973089035213283,58,0.812,0.47035175879396984,0
52,0,2,2,1,4,0,45,3,1,2,0.8498988744682974,2095,27456.0,1.1,0.15436587460635556,63,0.853,0.07135678391959797,0
53,0,3,2,1,4,0,35,4,3,1,0.05900349782481854,2180,1210.0,0.877,0.23217864300028626,78,0.95,0.6462311557788945,0
51,0,3,3,1,4,0,31,5,1,5,0.42027408193435456,2331,13009.0,0.565,0.139421700543945,51,0.594,0.15276381909547737,0
52,1,0,3,2,0,0,39,5,3,3,1.0000000000000002,216,34300.0,0.556,0.1067849985685657,47,0.306,0.006030150753768844,1
43,0,3,2,1,4,3,36,6,2,2,0.3009187458620158,0,11392.0,0.821,0.15551102204408815,63,0.703,0.0,0
50,1,4,0,2,1,0,45,4,3,1,0.16641725392031492,600,6343.0,0.653,0.2528485542513599,80,0.739,0.08643216080402008,0
32,0,0,5,1,4,0,23,5,2,4,0.02169739734020202,1114,1042.0,0.603,0.2047523618665903,66,0.833,0.5195979899497487,0
49,1,3,2,2,3,0,45,3,2,0,0.03067625620886579,1534,919.0,0.785,0.2092756942456341,66,0.784,0.6281407035175879,0
35,0,1,5,1,4,0,30,3,2,1,0.034908714934835265,1660,933.0,0.562,0.0826796450042943,33,1.062,0.6432160804020101,0
27,0,1,0,0,4,0,15,5,3,2,0.02199971582062841,890,1276.0,1.024,0.17366160893215,70,0.892,0.41306532663316575,0
42,0,1,2,2,4,0,22,4,2,2,0.5347620904718284,985,18142.0,0.966,0.1599198396793587,56,0.931,0.05125628140703517,0
64,0,0,2,1,4,0,55,4,1,4,0.032339007851210945,1580,928.0,0.44,0.06166618952190095,44,0.419,0.6331658291457286,0
49,0,2,3,1,4,0,35,4,3,2,0.033064572204234276,2124,408.0,0.715,0.16432865731462923,76,0.727,0.8432160804020099,0
51,1,2,2,0,3,0,38,4,2,3,0.6029349078079794,1692,19690.0,0.731,0.14486115087317492,66,0.65,0.0793969849246231,0
35,0,3,3,1,4,0,23,3,3,4,0.04942000199530198,526,2547.0,0.702,0.08096192384769539,55,0.618,0.17185929648241205,0
65,1,1,2,2,1,0,56,6,2,4,0.3605359502020999,1318,12046.0,1.063,0.23006012024048092,54,0.862,0.09949748743718592,0
38,0,2,3,1,1,0,27,3,2,3,0.010209295083999197,1586,190.0,0.798,0.21872316060692812,71,0.868,0.8974874371859296,0
49,1,5,2,2,2,0,42,2,1,3,0.19235617954089917,2018,5783.0,0.684,0.40257658173489835,91,0.685,0.26030150753768844,0
54,0,2,2,2,1,0,41,2,1,3,0.28160059496276946,1845,8908.0,0.689,0.3877469224162611,80,0.702,0.17286432160804016,0
42,0,3,3,1,1,0,36,1,3,4,0.09337710904929908,0,4527.0,0.801,0.1094188376753507,37,0.37,0.0,1
32,1,1,5,1,4,0,23,1,3,3,0.023571771918845637,1696,522.0,0.367,0.01145147437732608,20,0.429,0.7688442211055276,1
53,1,4,3,0,0,0,36,3,3,2,1.0000000000000002,1337,33179.0,0.704,0.42307472087031206,85,0.635,0.03919597989949748,0
49,0,5,3,1,4,0,36,4,2,3,0.03505987417504846,1848,750.0,0.547,0.22135699971371312,78,0.814,0.7145728643216079,0
49,0,5,2,1,4,0,43,4,2,3,0.20302802189995076,0,8154.0,0.964,0.09693673060406528,72,0.946,0.0,0
48,1,3,2,1,2,0,42,6,1,3,0.14047832829973064,930,5155.0,1.307,0.15024334383051816,59,0.967,0.1537688442211055,0
48,0,3,5,2,1,0,39,6,3,2,0.0837029176756546,0,4207.0,0.923,0.8356140853134841,108,0.714,0.0,0
33,0,2,1,2,4,0,36,5,2,3,0.041166707479661536,1559,1241.0,0.598,0.21316919553392497,83,0.694,0.5597989949748744,0
27,1,0,5,1,1,0,15,4,3,4,0.06783119745326913,0,3682.0,0.685,0.074205553965073,35,0.75,0.0,0
33,1,2,4,2,3,0,24,2,3,2,0.08282619408241809,2463,1715.0,0.815,0.8981391354136845,107,0.814,0.5929648241206029,0
36,1,1,2,2,2,0,36,3,3,4,0.03515056971917637,1817,784.0,0.663,0.11520183223590037,67,0.675,0.7025125628140703,0
45,0,3,0,1,4,0,37,4,3,1,0.09564449765249702,1517,3085.0,1.292,0.17119954194102488,66,1.0,0.3316582914572864,0
44,0,5,4,1,4,0,40,3,3,4,0.09113995229414382,973,3480.0,0.908,0.15511022044088174,66,0.65,0.2201005025125628,0
41,0,2,5,1,4,0,36,3,2,2,0.009574426275103777,0,1755.0,0.77,0.243687374749499,73,0.553,0.0,0
51,1,2,1,2,1,0,40,4,3,3,0.15278269045308474,719,5773.0,0.711,0.24609218436873745,78,0.529,0.11155778894472361,0
49,1,1,3,1,2,0,38,3,3,2,0.43714345314214714,0,15898.0,1.049,0.20921843687374747,54,1.077,0.0,0
41,1,2,5,1,3,0,33,5,3,3,0.1984932446935549,1452,6552.0,0.929,0.031720584025193246,32,0.524,0.18190954773869344,1
58,1,4,2,1,0,3,45,4,2,3,1.0000000000000002,0,34516.0,0.849,0.8605782994560549,100,0.724,0.0,0
29,0,1,5,1,4,0,18,3,3,3,0.013806885001073237,1146,749.0,0.685,0.21774978528485542,72,0.714,0.6080402010050251,0
59,0,1,2,2,1,0,36,1,2,3,0.06263131958993523,941,2569.0,0.717,0.2463784712281706,77,0.75,0.2693467336683417,0
49,1,1,2,1,1,0,36,4,2,3,0.08222155712156531,1889,2269.0,0.872,0.8767248783280848,130,0.831,0.45628140703517583,0
26,0,0,5,2,4,0,20,4,3,4,0.0,0,1438.3,0.764,0.1260234755224735,39,0.5,0.0,0
51,0,1,2,2,4,0,45,2,2,3,0.153598950350236,2178,4341.0,0.739,0.2275980532493558,71,0.732,0.335678391959799,0
49,1,3,3,1,2,0,39,4,1,4,0.23658537322728004,629,8635.0,0.659,0.20480961923847693,79,0.58,0.06834170854271357,0
34,0,3,2,2,4,0,19,6,1,2,0.18419358056938664,0,7531.0,1.007,0.1891210993415402,71,0.578,0.0,0
40,0,2,4,0,4,0,27,6,3,1,0.21330685023444798,2023,6471.0,0.871,0.22651016318350983,77,0.974,0.23919597989949745,0
53,0,4,2,2,4,0,34,6,2,2,0.15970578365484905,1115,5606.0,0.79,0.1825365015745777,51,0.759,0.16683417085427135,0
55,0,0,2,2,4,0,44,6,1,3,0.5067976310323874,1841,16361.0,0.76,0.17297452046951042,68,0.7,0.10150753768844221,0
35,0,1,2,1,4,0,36,3,1,2,0.02175786103628729,1299,859.0,0.733,0.2528485542513599,73,0.973,0.6050251256281406,0
52,1,0,3,1,0,3,41,3,3,1,1.0000000000000002,1043,33473.0,0.562,0.05490981963927856,38,0.357,0.030150753768844216,0
42,1,3,3,2,3,3,32,3,3,3,1.0000000000000002,1396,33120.0,0.688,0.18425422273117661,62,0.938,0.04020100502512563,0
60,1,0,0,1,3,0,50,1,4,2,0.8404665378789941,0,29239.0,1.057,0.4373890638419696,65,0.585,0.0,1
44,0,3,2,2,1,0,38,3,1,0,0.3117115156132379,788,10961.0,0.688,0.0371027769825365,27,0.929,0.06733668341708543,0
48,1,3,2,1,3,0,37,5,2,4,0.19746536186010516,2434,5536.0,0.406,0.041969653592900086,27,0.35,0.30653266331658285,1
42,1,4,0,2,1,0,36,3,3,2,0.03215761676295511,1488,1014.0,0.56,0.18511308330947607,75,0.875,0.5979899497487436,0
44,0,5,3,2,4,0,30,3,3,1,0.03841560930778138,1726,983.0,0.698,0.25914686515888924,89,0.78,0.6402010050251256,0
53,0,1,5,2,4,0,39,4,3,4,0.010118599539871279,1539,234.0,0.893,0.20366447180074432,74,0.762,0.8723618090452261,0
43,0,3,3,2,4,0,36,5,3,3,0.026443797482896332,1325,988.0,0.723,0.2562839965645577,76,0.81,0.5758793969849245,0
52,0,2,2,1,4,0,45,2,2,1,0.05301759191237602,0,3192.0,0.646,0.20961923847695388,80,0.739,0.0,0
42,0,4,2,2,4,0,32,3,1,2,0.04709214969601878,1992,1004.0,0.948,0.22519324363011736,87,0.74,0.6683417085427136,0
46,1,3,2,1,0,0,42,3,3,4,0.23546679484970237,938,8289.0,0.735,0.1957056971085027,74,0.721,0.10251256281407034,0
58,0,4,3,2,4,0,39,3,1,3,0.03980627431774277,1483,1272.0,0.806,0.22124248496993984,75,0.63,0.5407035175879397,0
51,1,3,2,2,3,1,36,4,3,3,1.0000000000000002,2201,32315.0,0.978,0.46286859433152017,63,0.75,0.064321608040201,1
43,0,2,2,2,1,3,39,3,1,2,0.5165322861021171,1736,16788.0,0.762,0.22708273690237615,64,0.882,0.09447236180904522,0
26,1,1,3,2,1,0,13,6,2,4,0.0010490451270795814,0,1473.0,0.813,0.08983681649012311,39,0.857,0.0,0
38,0,4,2,1,4,0,28,4,1,2,0.16393824238081853,1598,5263.0,2.103,0.09722301746349842,39,0.95,0.23417085427135678,0
38,0,2,0,2,4,0,21,4,1,2,0.1650870526064388,0,6899.0,0.771,0.18997995991983965,71,0.69,0.0,0
41,1,4,1,1,3,0,29,3,3,3,0.9664124168246281,0,33405.0,0.535,0.046664758087603786,34,0.619,0.0,0
44,1,3,2,2,3,3,38,3,3,1,1.0000000000000002,657,33859.0,0.641,0.23383910678499856,76,0.689,0.01909547738693467,0
52,1,2,2,1,3,0,41,2,5,1,0.9619078714662749,928,32328.0,0.694,0.4160320641282565,97,0.59,0.028140703517587937,0
53,0,2,0,2,4,0,49,2,2,4,0.26473122375497693,0,10195.0,0.629,0.11216719152590897,54,0.385,0.0,1
40,1,4,1,2,4,0,24,3,2,4,0.5250576672501414,1192,17614.0,0.745,0.1495562553678786,62,0.824,0.06331658291457286,0
54,0,1,2,2,4,0,49,3,2,2,0.04509684772520461,2266,664.0,0.734,0.24174062410535355,72,1.323,0.7768844221105528,0
53,1,4,2,2,1,0,36,4,5,3,0.026050783458342032,0,2300.0,0.655,0.22885771543086172,79,0.756,0.0,0
43,0,3,2,1,4,0,36,4,4,2,0.1334645395538384,1190,4663.0,0.936,0.17549384483252217,80,0.667,0.20402010050251257,0
41,1,3,3,1,3,0,33,2,1,1,0.374261209213458,609,13209.0,0.787,0.7259662181505869,101,0.656,0.04422110552763819,0
51,0,1,1,2,4,0,45,5,3,1,0.01553010033950366,1411,541.0,0.642,0.11004866876610363,44,0.63,0.7266331658291456,1
39,0,1,0,1,4,0,22,3,1,2,0.05368269256931408,2257,957.0,1.279,0.11371314056684799,42,0.75,0.7055276381909547,0
50,1,3,2,2,2,0,42,4,2,3,0.40340471072656203,1020,13762.0,0.683,0.15322072716862295,54,0.8,0.06934673366834171,0
45,1,2,2,2,1,0,40,6,4,3,0.169259047636323,0,7037.0,0.583,0.20435156026338389,71,0.69,0.0,0
61,1,0,2,1,2,0,56,6,2,3,0.2563570018471659,850,9068.0,0.688,0.11193816203836245,40,0.29,0.08643216080402008,1
42,0,3,3,2,4,3,31,5,2,3,0.3628638025013831,2517,10924.0,0.734,0.07809905525336387,49,0.633,0.18793969849246228,0
40,1,4,2,1,3,0,36,3,3,2,0.021969483972585767,1465,700.0,0.622,0.1799026624677927,64,0.73,0.6804020100502512,0
59,1,0,2,2,1,0,48,4,2,2,0.0060373000541150135,0,1638.0,0.533,0.05760091611795019,44,0.63,0.0,0
52,1,0,2,2,2,0,46,4,2,4,0.28353543323749836,1142,9675.0,0.722,0.19232751216719152,60,0.818,0.1065326633165829,0
42,0,2,3,1,4,0,30,6,1,1,0.050961826245476564,0,3124.0,0.879,0.2551388491268251,79,0.795,0.0,0
39,1,3,3,2,3,0,13,2,1,3,0.21820440961735552,0,8656.0,0.893,0.43091898081878044,89,0.935,0.0,1
50,0,1,2,2,4,0,40,4,1,2,0.026625188571152168,1026,1293.0,0.521,0.20435156026338389,74,0.721,0.44422110552763816,0
41,1,2,3,1,3,0,24,4,1,3,0.2396690217276292,1104,8262.0,0.572,0.0442599484683653,39,0.625,0.11859296482412059,0
45,1,3,2,1,3,3,36,6,2,3,1.0000000000000002,0,34516.0,0.534,0.1717721156598912,68,0.659,0.0,0
54,1,1,2,2,3,0,36,6,2,2,0.8638055245679114,1232,28779.0,0.944,0.06561694818207844,41,0.783,0.04120603015075377,0
45,1,2,3,1,3,3,37,3,2,2,1.0000000000000002,1495,33021.0,0.52,0.1555682794159748,70,0.707,0.04321608040201004,0
53,0,1,3,1,4,0,48,5,3,3,0.018069575575085338,1716,320.0,0.69,0.20790151732035497,75,0.744,0.8472361809045225,0
40,0,2,2,2,4,0,27,4,2,3,0.09068647457350423,1513,2925.0,0.807,0.1926710563985113,75,0.829,0.342713567839196,0
49,0,3,4,2,4,0,35,5,1,2,0.023450844526675084,915,1299.0,0.533,0.09241339822502147,51,0.545,0.41507537688442203,1
51,0,2,5,1,4,0,45,6,3,2,0.17312872418578076,2037,5128.0,0.83,0.1730890352132837,78,0.902,0.2854271356783919,0
46,1,3,0,1,1,0,34,5,1,2,0.005221040156963758,0,1611.0,0.731,0.2241053535642714,78,0.857,0.0,0
45,0,3,3,2,1,0,36,4,2,2,0.014320826417798097,1281,631.0,0.693,0.2585742914400229,79,0.717,0.6733668341708543,0
53,0,3,2,1,4,0,42,3,1,1,0.02919489565477649,1109,1295.0,0.639,0.22839965645576868,72,0.636,0.46331658291457284,0
65,1,0,2,2,4,0,48,1,4,3,0.0070349510395220985,0,1671.0,0.725,0.12430575436587461,51,0.889,0.0,1
38,1,2,5,1,1,0,31,4,3,3,0.14141551558905247,1698,4418.0,0.937,0.06080732894360148,32,1.0,0.2793969849246231,0
54,1,4,2,2,3,0,36,4,2,3,0.8836073850358399,1046,29620.0,0.801,0.18202118522759803,66,0.886,0.034170854271356785,0
46,1,3,2,1,2,0,34,1,2,4,0.1055605438104826,159,4771.0,0.592,0.39404523332379043,60,0.579,0.0321608040201005,1
41,1,2,5,2,3,0,34,6,2,2,0.022906671261907575,1619,577.0,0.656,0.0864586315488119,65,0.711,0.7407035175879396,0
57,1,1,0,2,1,0,48,3,1,2,0.06350804318317174,0,3539.0,0.781,0.0461494417406241,23,0.211,0.0,0
34,0,2,2,0,4,0,25,2,3,4,0.33057618879184464,0,12373.0,0.71,0.11062124248496995,40,0.429,0.0,1
48,0,3,2,0,1,0,39,6,2,3,0.020457891570453822,1141,974.0,0.616,0.03967935871743487,20,0.538,0.5417085427135678,0
54,0,2,4,1,4,0,48,3,6,3,0.0060373000541150135,0,1638.0,0.163,0.06710563985113083,36,0.125,0.0,1
62,1,0,5,2,1,0,50,3,2,2,0.1786611523775837,1466,5882.0,1.236,0.14520469510449469,61,0.694,0.20100502512562812,0
40,1,4,2,1,3,0,36,2,1,1,1.0000000000000002,2330,32186.0,0.693,0.40681362725450904,75,0.667,0.06834170854271357,0
50,1,0,2,0,2,0,36,3,3,2,0.12109971370439906,2499,2945.0,0.468,0.22782708273690236,80,0.667,0.46130653266331656,0
60,0,0,2,1,4,0,36,4,3,1,0.07224504726749442,0,3828.0,0.599,0.2255940452333238,58,0.812,0.0,0
57,0,3,5,1,1,0,49,4,2,3,0.18561447742739068,1628,5950.0,0.721,0.04551961064987117,29,1.231,0.21608040201005022,0
47,1,3,2,0,2,3,35,4,2,5,0.8577893868074262,2031,27781.0,0.767,0.10621242484969941,50,0.515,0.06834170854271357,0
34,0,2,2,0,4,0,30,3,1,2,0.08977951913222504,1510,2898.0,0.73,0.22702547953048954,77,0.833,0.34472361809045227,0
46,0,3,5,2,4,0,33,5,3,4,0.5610033345728391,0,19995.0,0.65,0.07724019467506442,34,0.7,0.0,0
38,1,3,3,2,2,3,33,6,1,2,1.0000000000000002,1793,32723.0,0.767,0.2292012596621815,78,0.472,0.05226130653266331,0
45,0,3,2,1,4,0,36,5,2,3,0.5137509560821943,484,17948.0,0.557,0.10134554823933582,45,0.552,0.026130653266331655,1
46,1,2,5,0,3,0,36,6,3,3,1.0000000000000002,1597,32919.0,0.858,0.06286859433152019,51,1.217,0.046231155778894466,0
35,1,2,4,1,1,0,21,3,1,3,0.02472058214446591,775,1481.0,0.879,0.06979673632980246,33,0.435,0.3457286432160803,0
52,1,0,2,2,0,0,41,6,3,2,0.05888257043264799,1794,1592.0,0.671,0.06905239049527627,40,1.105,0.5326633165829145,0
46,1,2,2,2,3,0,34,1,3,2,0.07263806129204872,1411,2430.0,0.785,0.453134841110793,81,0.688,0.3688442211055276,0
38,1,3,2,2,3,0,30,5,1,3,0.06662192353156357,724,2918.0,0.68,0.2282851417119954,79,0.837,0.19999999999999998,0
51,0,2,2,1,1,0,36,2,2,1,0.4039488839913295,1020,13780.0,0.896,0.47328943601488693,94,0.593,0.06934673366834171,0
60,1,1,5,1,1,0,47,6,1,5,0.06943348539952901,1175,2560.0,1.036,0.43876324076724876,66,0.65,0.3165829145728643,1
44,0,5,2,1,4,0,36,4,2,3,0.1315901649751948,0,5791.0,0.645,0.23051817921557397,67,0.861,0.0,0
41,0,4,5,1,4,0,33,5,2,3,0.04382711010741377,821,2067.0,0.931,0.23950758660177499,77,1.026,0.2854271356783919,0
50,1,4,2,1,3,0,38,5,1,3,0.09561426580445437,2517,2084.0,0.775,0.25914686515888924,80,0.778,0.549748743718593,0
55,0,1,3,2,1,0,47,2,3,1,0.027350752924175513,1780,563.0,0.792,0.2655024334383052,78,0.773,0.7638190954773869,0
32,1,2,3,2,1,0,20,6,3,4,0.02408571333557049,1638,597.0,0.912,0.1359862582307472,56,0.806,0.7366834170854271,0
53,1,3,3,2,3,3,33,2,2,3,1.0000000000000002,0,34516.0,0.534,0.3338677354709419,74,1.114,0.0,1
44,1,1,5,1,1,0,34,5,2,3,0.28825160153215007,0,10973.0,0.792,0.5756083595762954,75,0.786,0.0,1
48,0,4,3,1,4,0,38,5,1,1,0.019702095369387836,793,1297.0,0.64,0.23412539364443172,78,0.733,0.3809045226130653,0
45,1,3,2,0,2,0,35,6,3,2,0.10964184329623888,1362,3703.0,0.68,0.17320354995705695,75,0.471,0.27035175879396983,0
42,0,3,2,2,4,0,36,6,3,3,0.04228528585723918,834,2003.0,0.427,0.1924992842828514,69,0.408,0.29547738693467335,0
37,1,1,3,2,1,0,25,3,2,3,0.03536219265547485,1799,809.0,0.732,0.11651875178929287,72,0.636,0.693467336683417,0
41,0,4,5,2,4,1,36,3,3,3,0.439834087617942,0,15987.0,0.598,0.4180933295161752,73,0.78,0.0,1
41,1,3,1,2,2,0,30,4,1,3,0.36773113003624797,0,13602.0,0.699,0.17474949899799597,69,0.683,0.0,0
49,1,1,2,2,0,0,36,3,4,3,0.20248384863518323,2517,5619.0,0.674,0.09441740624105353,40,0.429,0.31055276381909547,1
55,1,3,5,2,0,0,48,5,2,2,0.04987347971594156,1743,1345.0,0.766,0.19330088748926422,68,0.659,0.5668341708542712,0
42,0,4,2,0,4,0,36,5,3,2,0.48666322023598985,1525,16011.0,0.859,0.05044374463212138,28,0.474,0.08743718592964823,0
47,0,3,3,1,4,0,40,4,2,4,0.08515404638170129,1681,2574.0,0.65,0.16736329802462066,72,0.5,0.3969849246231156,0
34,0,3,5,2,1,0,20,1,2,3,0.21947414723514638,874,7824.0,0.708,0.8676209561981105,94,0.709,0.10050251256281406,0
47,1,4,2,2,0,0,35,3,4,3,0.16859394697938493,0,7015.0,0.456,0.07265960492413398,51,0.645,0.0,1
55,0,2,2,1,4,0,41,1,1,1,0.06508009928138897,1760,1831.0,0.507,0.7305468079015173,121,0.754,0.4924623115577889,0
55,0,0,2,2,1,0,35,5,1,3,0.06943348539952901,1978,1757.0,0.675,0.06979673632980246,41,0.577,0.5326633165829145,0
41,0,5,2,1,1,0,30,5,2,3,0.004525707651983062,0,1588.0,0.634,0.11628972230174635,61,0.649,0.0,1
35,0,3,3,1,4,0,36,2,3,0,0.10132808508451316,1189,3601.0,0.698,0.22983109075293442,81,0.929,0.24924623115577887,0
55,0,2,0,1,4,0,45,5,2,4,0.01244645183915448,942,908.0,0.757,0.20635556827941595,78,0.625,0.5115577889447236,0
48,0,4,0,1,4,0,36,2,3,2,0.13781792567197843,0,5997.0,0.406,0.05307758373890638,42,0.5,0.0,1
49,1,2,2,2,4,0,42,4,2,2,0.10265828639838925,0,4834.0,0.998,0.07706842255940452,35,1.059,0.0,0
36,0,4,5,1,4,0,36,5,3,0,0.08433778648455004,1886,2342.0,1.076,0.21906670483824792,74,0.682,0.4482412060301507,0
48,1,3,3,1,2,0,36,1,2,5,0.21140224380776176,0,8431.0,0.222,0.26676209561981107,57,0.357,0.0,1
41,1,2,5,1,1,0,30,5,3,3,0.2923026691698637,1222,9885.0,0.538,0.055883194961351274,33,0.941,0.11055276381909547,0
35,0,2,2,1,4,0,25,2,3,3,0.057461673574643955,2014,1325.0,0.688,0.24019467506441453,83,0.694,0.6060301507537688,0
26,1,0,0,2,1,0,36,5,2,3,0.03684355320956415,1611,1046.0,0.599,0.1041511594617807,41,0.464,0.6090452261306532,0
33,1,3,0,1,3,3,22,6,2,2,1.0000000000000002,917,33599.0,0.764,0.7828227884340109,114,0.781,0.027135678391959798,0
32,0,1,2,2,4,0,28,6,3,3,0.02992046000779982,1027,1401.0,0.824,0.14182651016318348,84,0.867,0.4251256281407035,0
47,1,1,2,2,1,0,36,5,3,0,0.1532966318698096,2033,4476.0,0.83,0.05032922988834812,37,0.37,0.31356783919597986,0
40,0,1,3,2,4,0,36,4,3,2,0.0,544,894.3,0.543,0.10100200400801602,40,0.739,0.3798994974874372,1
62,0,0,4,2,1,0,53,1,2,3,0.08155645646462725,0,4136.0,0.64,0.41276839393071857,97,0.59,0.0,0
55,1,2,5,0,2,0,49,4,5,3,0.26267545808807746,1873,8254.0,0.573,0.06395648439736616,53,0.472,0.185929648241206,0
37,0,1,2,2,4,3,19,4,3,3,0.3354737481747522,2049,10486.0,0.683,0.1576295448038935,74,0.609,0.16381909547738693,0
44,1,3,3,1,2,0,36,6,2,3,0.03738772647433166,0,2675.0,0.7,0.2072144288577154,79,0.717,0.0,0
46,0,3,2,1,4,0,36,3,3,3,0.026111247154427315,1593,709.0,0.671,0.12361866590323504,49,0.324,0.6954773869346732,1
65,1,0,2,2,4,0,56,3,3,2,0.05997091696218299,0,3422.0,0.929,0.08262238763240767,59,0.686,0.0,0
40,0,5,3,2,4,0,22,3,1,2,0.011720887486131149,944,882.0,0.686,0.22891497280274833,65,0.667,0.5195979899497487,0
32,1,2,2,2,0,1,22,2,2,3,1.0000000000000002,1692,32824.0,0.983,0.3982822788434011,64,0.73,0.04924623115577889,1
42,0,5,2,1,4,0,18,6,1,1,0.0077302835445027945,1074,620.0,0.78,0.19049527626681934,70,0.75,0.6371859296482412,0
48,0,5,2,1,4,0,40,4,3,2,0.04298061836221987,2517,343.0,0.38,0.058058975093043225,45,0.364,0.8844221105527638,1
41,0,3,3,1,4,0,24,3,1,1,0.06012207620239619,1419,2008.0,0.685,0.2111651875178929,74,0.805,0.4160804020100502,0
39,1,2,2,1,0,0,34,2,2,2,1.0000000000000002,1082,33434.0,0.629,0.4188376753507014,92,0.533,0.03115577889447236,0
40,0,3,2,1,4,0,28,6,1,2,0.5738518699909607,1657,18763.0,1.038,0.07294589178356714,41,0.864,0.0814070351758794,0
46,0,4,2,0,1,0,39,3,1,1,0.031401820561889136,1480,997.0,0.826,0.2638419696535929,77,0.974,0.5999999999999999,0
34,1,2,2,1,0,0,28,4,3,3,0.36114058716295266,1853,11531.0,0.807,0.07838534211279702,33,0.833,0.13869346733668342,0
39,1,1,5,2,3,0,36,1,1,3,0.998246552813527,846,33612.0,0.817,0.44322931577440594,94,0.88,0.025125628140703515,0
44,1,1,2,1,2,0,33,6,2,3,0.10673958588414553,1187,3782.0,0.714,0.1916976810764386,82,0.783,0.2402010050251256,0
44,0,3,2,2,4,0,33,5,3,1,0.20030715557611323,2417,5647.0,0.644,0.2222731176638992,67,0.861,0.3015075376884422,0
26,0,0,2,2,4,0,13,4,1,2,0.08938650510767074,1240,3155.0,0.662,0.09974234182651016,46,0.438,0.2834170854271356,0
32,1,1,2,2,1,0,24,6,2,3,0.2606499242692207,2322,7738.0,0.894,0.0947036931004867,63,1.032,0.2321608040201005,0
36,1,2,3,1,3,0,26,4,2,4,0.4396829283777288,1691,14291.0,0.808,0.06624677927283137,40,0.739,0.1065326633165829,0
44,1,4,2,2,3,0,34,4,1,2,0.6087091907841234,1585,19988.0,0.621,0.04889779559118236,36,2.273,0.07336683417085427,0
45,0,1,2,1,4,0,40,5,3,2,0.03188553013057136,1655,838.0,0.907,0.22576581734898368,76,0.9,0.6673366834170854,0
39,1,5,2,2,2,0,36,1,3,3,0.7019442101476221,633,24024.0,0.358,0.0815344975665617,46,0.394,0.026130653266331655,1
43,0,3,2,2,1,0,33,4,3,3,0.030101851096055655,1169,1265.0,0.689,0.24099627827082734,76,0.81,0.48241206030150746,0
38,1,2,3,1,0,0,29,4,1,2,0.04171088074442903,1656,1162.0,1.404,0.13661608932150013,45,0.957,0.5909547738693467,0
45,1,3,2,1,3,0,38,3,1,2,0.681265626086457,0,23973.0,0.779,0.1734898368164901,71,0.511,0.0,0
39,1,2,5,2,3,0,36,6,2,4,0.1953793643451631,1184,6717.0,0.863,0.17961637560835955,66,0.784,0.1507537688442211,0
50,1,2,2,2,0,0,37,6,3,4,0.4203043137823972,1016,14325.0,0.709,0.13661608932150013,65,0.548,0.06633165829145729,0
51,1,3,2,1,3,0,36,3,3,3,0.11160691341901041,0,5130.0,0.407,0.05176066418551388,31,0.292,0.0,1
43,1,0,3,2,3,0,36,2,2,2,0.29653512789583314,0,11247.0,0.63,0.2498711709132551,85,0.977,0.0,0
45,0,4,2,1,4,0,33,1,3,2,0.009362803338805306,1103,645.0,0.739,0.10334955625536789,41,0.708,0.6341708542713568,1
36,1,4,2,0,0,0,29,3,2,2,0.0064303140786693205,770,881.0,0.736,0.11371314056684799,54,0.385,0.46834170854271356,0
56,1,2,0,2,0,0,50,2,2,3,0.4664381138954643,0,16867.0,0.885,0.0070999141139421705,14,0.4,0.0,1
57,1,2,5,2,3,0,53,5,2,4,1.0000000000000002,2099,32417.0,0.629,0.04025193243630118,26,0.857,0.06130653266331658,0
49,1,3,2,1,0,0,44,5,2,2,0.6101300876421275,2008,19612.0,0.691,0.04408817635270541,33,0.5,0.09346733668341707,0
52,0,3,2,1,4,0,39,4,3,3,0.01701146089359297,909,1092.0,0.772,0.2123103349556255,63,0.8,0.45628140703517583,0
39,0,3,5,0,4,0,36,4,3,3,0.041438794112045284,0,2809.0,0.854,0.11085027197251647,40,0.538,0.0,1
35,1,1,2,1,1,0,25,5,4,4,0.13189248345562118,1176,4625.0,1.12,0.1406813627254509,52,0.857,0.20402010050251257,0
55,0,2,0,1,4,0,41,6,2,2,0.18667259210888304,0,7613.0,0.68,0.21402805611222442,69,0.725,0.0,0
37,1,2,2,1,4,0,36,3,3,4,0.018220734815298532,1687,354.0,0.677,0.05868880618379617,45,0.552,0.8311557788944722,0
41,0,4,3,0,1,0,37,3,2,3,0.09709562635854369,204,4446.0,0.685,0.08496993987975952,54,0.8,0.04422110552763819,1
53,0,1,3,2,4,0,47,6,2,3,0.05864071564830687,2134,1244.0,0.541,0.22525050100200397,83,0.93,0.6351758793969848,0
38,0,3,2,1,4,0,36,3,2,3,0.026050783458342032,0,2300.0,0.703,0.1127970226166619,47,0.119,0.0,1
50,1,1,4,2,2,0,36,4,3,2,0.0265647248750669,0,2317.0,0.734,0.0964214142570856,41,0.519,0.0,1
57,0,0,5,1,4,0,51,2,3,3,0.16801954186657478,2092,4904.0,0.794,0.8294875465216146,120,0.765,0.300502512562814,0
44,0,1,5,0,4,0,37,1,2,3,0.1256344909107949,1235,4359.0,0.549,0.2685370741482966,75,0.829,0.22211055276381908,0
59,0,1,5,1,4,0,54,5,3,0,0.04388757380349904,2001,889.0,1.334,0.07615230460921843,36,1.0,0.6954773869346732,0
56,1,1,2,1,3,0,50,3,6,3,0.21917182875472,0,8688.0,0.426,0.10483824792442027,41,0.464,0.0,1
49,0,2,4,2,4,0,36,3,1,3,0.05972906217784187,1473,1941.0,0.597,0.0728886344116805,49,1.13,0.4331658291457286,0
47,1,1,0,1,2,3,42,6,4,2,0.7859887477061586,0,27437.0,0.872,0.23647294589178355,79,0.681,0.0,0
48,0,2,2,1,4,0,37,4,4,2,0.0422248221611539,1860,975.0,0.571,0.23126252505010017,81,0.884,0.6592964824120603,0
47,0,4,2,1,4,0,36,3,3,3,0.01797888003095742,228,1805.0,0.904,0.11691955339249928,43,0.72,0.11256281407035175,1
57,0,1,2,2,4,0,44,4,3,2,0.034031991341598726,1258,1306.0,1.156,0.12270254795304895,43,0.87,0.493467336683417,0
53,1,0,2,2,2,0,42,1,2,0,0.3618963833640187,1168,12241.0,0.625,0.20045805897509303,82,0.745,0.08743718592964823,0
42,1,1,3,0,3,0,38,4,2,1,0.3176671896776378,1172,10774.0,0.614,0.2480389350128829,77,0.878,0.09849246231155778,0
41,1,2,0,1,3,0,24,3,2,4,0.3894375969308628,0,14320.0,0.754,0.20309189808187803,77,0.791,0.0,0
53,1,1,2,1,3,0,40,4,3,3,0.0830680488667592,0,4186.0,0.888,0.23246492985971942,69,0.816,0.0,0
47,0,3,5,1,4,0,36,5,1,1,0.0,0,1438.3,0.647,0.22404809619238478,86,0.83,0.0,0
46,1,3,2,1,2,0,29,3,2,2,0.060182539898481456,0,3429.0,0.637,0.23252218723160603,85,0.771,0.0,0
35,0,4,5,2,4,0,24,4,2,2,0.0554059079077445,1367,1904.0,0.704,0.1107357572287432,92,1.0,0.42010050251256276,0
44,1,3,1,2,0,0,35,4,1,5,0.3806098973024122,1435,12593.0,0.57,0.18053249355854564,73,0.738,0.10251256281407034,0
49,1,4,2,1,3,0,29,2,2,2,0.8541011013462242,2517,27173.0,0.769,0.4070999141139422,86,0.564,0.08542713567839195,0
61,1,0,4,2,1,3,42,4,3,2,0.4383829589118953,0,15939.0,0.791,0.19765244775264815,68,0.943,0.0,0
63,1,2,3,1,1,0,36,2,2,2,0.1078883961097658,930,4077.0,0.885,0.029773833381047807,28,1.154,0.18693467336683414,0
67,0,0,2,1,4,0,56,4,3,3,0.27422402404036555,2388,8121.0,0.777,0.047809905525336385,34,1.429,0.22814070351758792,0
45,1,3,2,1,1,0,35,5,4,2,0.06093833609954744,1200,2254.0,0.597,0.044832522187231605,30,0.304,0.34874371859296477,0
46,0,3,2,0,4,0,36,3,2,2,0.028801881630222174,1625,766.0,0.662,0.40761523046092185,101,0.603,0.6834170854271356,0
46,1,2,2,1,2,0,36,4,2,2,0.015137086314949352,685,1254.0,0.421,0.21740624105353562,84,0.68,0.3547738693467336,0
28,1,0,5,0,4,0,36,3,3,3,0.4633846972431578,1535,15231.0,1.042,0.1467506441454337,77,0.878,0.09246231155778893,0
51,1,3,2,1,3,0,36,4,1,0,0.05984998957001244,0,3418.0,2.594,0.07769825365015745,20,2.333,0.0,0
35,1,4,3,1,1,0,27,6,2,3,0.11750212378732502,1318,4007.0,1.045,0.07351846550243343,43,0.593,0.24924623115577887,0
43,0,3,2,1,4,0,27,1,2,2,0.06356850687925703,1042,2499.0,0.774,0.8005153163469797,123,0.708,0.29547738693467335,0
41,1,4,2,1,2,0,26,5,2,2,0.12681353298445783,1395,4238.0,0.542,0.1812195820211852,75,0.63,0.24924623115577887,0
40,1,3,2,0,0,0,30,3,2,1,1.0000000000000002,0,34516.0,0.643,0.1834526195247638,80,0.86,0.0,0
59,1,0,5,1,2,0,48,2,6,2,0.35473143537791324,0,13172.0,0.876,0.11840824506155166,47,0.621,0.0,1
43,0,3,2,1,4,0,30,5,2,2,0.02952744598324552,1452,963.0,0.609,0.19696535929000858,68,0.619,0.6040201005025125,0
34,1,1,2,2,4,0,28,1,6,3,0.037206335386075824,1649,1020.0,0.63,0.21666189521900941,74,0.609,0.6211055276381909,0
35,0,1,2,2,4,0,30,2,2,2,0.006369850382584044,0,1649.0,0.683,0.11560263383910678,54,0.588,0.0,1
41,0,4,2,1,1,0,33,6,3,2,0.1448619462659133,1173,5057.0,0.607,0.18545662754079587,77,0.54,0.18894472361809045,0
58,0,1,2,1,1,0,48,3,3,2,0.3320877811939766,1910,10513.0,0.405,0.03882049813913542,38,0.357,0.15477386934673365,0
48,1,2,2,1,0,0,37,3,1,2,0.22727396403014724,1279,7677.0,0.864,0.24529058116232463,73,1.212,0.1437185929648241,0
37,0,3,2,1,4,0,24,3,2,2,0.2764914126435635,1550,9034.0,0.692,0.05937589464643572,33,0.32,0.14673366834170853,0
57,0,3,5,2,4,0,48,1,1,2,0.1734612745142498,1493,5683.0,0.665,0.2595476667620956,83,0.93,0.20904522613065324,0
41,0,3,0,2,1,0,22,5,0,2,0.03442500536615304,1582,995.0,0.697,0.24070999141139418,75,0.596,0.6170854271356784,0
45,0,2,3,1,1,0,36,4,1,3,0.1502129833694604,1884,4523.0,0.678,0.0655596908101918,47,0.469,0.29547738693467335,0
65,1,1,2,1,4,0,50,6,2,4,0.0927724720884463,1574,2933.0,0.744,0.0723160606928142,38,0.652,0.35075376884422105,0
34,1,2,2,1,2,0,36,5,1,3,0.04004812910208389,1913,850.0,0.598,0.20647008302318923,69,0.568,0.6954773869346732,0
40,0,3,0,2,4,0,33,5,3,1,0.1743984618035716,2002,5205.0,0.828,0.18866304036644715,70,0.707,0.2793969849246231,0
43,1,2,2,2,3,0,36,2,2,1,0.9973093655242052,1613,32814.0,0.704,0.7452046951044947,112,0.672,0.04723618090452261,0
43,1,2,4,2,2,0,36,2,3,3,0.4797098951861829,0,17306.0,0.4,0.32493558545662754,65,0.806,0.0,1
53,0,2,2,2,4,0,38,4,2,3,0.028318172061539963,1353,1022.0,0.804,0.2559404523332379,76,0.617,0.5728643216080401,0
58,1,0,2,1,3,0,49,6,2,2,0.33607838513560495,1696,10859.0,0.519,0.043572860005725744,24,0.714,0.135678391959799,0
44,0,2,2,0,4,3,25,2,2,2,0.3537035525444635,0,13138.0,0.546,0.19186945319209847,77,0.791,0.0,0
48,1,2,5,2,1,3,40,2,3,2,0.4950072102957582,0,17812.0,0.75,0.449413111938162,106,0.606,0.0,0
56,0,2,2,1,4,0,36,5,3,3,0.01785795263878686,974,1055.0,0.624,0.20841683366733466,73,0.553,0.48241206030150746,0
50,1,1,2,1,2,3,37,1,1,1,0.1446805551776575,777,5447.0,0.743,0.7427998854852562,112,0.623,0.12562814070351758,0
35,0,0,1,1,4,0,27,2,3,2,0.07369617597354108,0,3876.0,0.848,0.41122244488977955,73,0.825,0.0,1
50,1,0,5,1,2,0,36,4,3,3,0.02707866629179175,707,1627.0,0.561,0.04901231033495562,30,0.5,0.3045226130653266,0
51,0,1,3,2,4,0,45,3,3,3,0.044734065548692935,2049,869.0,0.501,0.18826223876324075,61,0.605,0.7055276381909547,0
44,0,5,2,2,4,0,37,1,2,4,0.001593218391847083,0,1491.0,0.551,0.08245061551674777,46,0.484,0.0,1
58,0,2,5,0,4,3,46,6,1,4,0.30974644549046637,653,11031.0,0.622,0.2502147151445749,61,0.743,0.056281407035175875,0
37,1,2,2,2,1,0,28,4,4,3,0.0288925771743501,0,2394.0,1.059,0.13026052104208416,85,0.667,0.0,0
41,0,4,3,2,1,0,30,5,3,3,0.09050508348524838,1335,3097.0,0.714,0.20692814199828227,79,0.756,0.3025125628140703,0
40,0,3,2,1,1,0,20,5,2,2,0.14537588768263818,1508,4739.0,1.01,0.2649871170913255,68,0.447,0.24221105527638187,0
41,0,2,2,2,1,0,25,4,2,2,0.040199288342297086,2228,540.0,0.864,0.2623532779845405,86,0.87,0.8090452261306532,0
45,1,2,2,1,2,2,31,2,2,1,1.0000000000000002,1308,33208.0,0.746,0.4719725164614944,105,0.78,0.03819095477386934,0
44,1,4,5,1,1,3,40,1,1,2,0.5028674907868443,1378,16694.0,0.73,0.4391067849985686,98,0.75,0.07638190954773869,0
56,0,0,3,1,4,0,48,4,1,2,0.08358199028348406,1965,2238.0,0.441,0.05124534783853421,32,0.778,0.47035175879396984,0
45,1,0,2,2,1,0,37,4,5,2,0.2670288442062175,1746,8525.0,0.661,0.18127683939307185,72,0.6,0.1708542713567839,0
35,0,3,2,2,4,0,22,1,2,1,0.013655725760860042,666,1224.0,0.691,0.054566275407958775,36,0.5,0.3537688442211055,1
53,1,3,2,2,3,0,45,2,1,2,0.6900026301707798,1984,22278.0,0.805,0.44151159461780703,105,0.75,0.08241206030150754,0
57,1,2,2,2,3,0,36,3,3,2,0.05105252178960449,2517,610.0,0.589,0.053821929573432584,30,1.143,0.8090452261306532,0
53,1,0,2,2,2,0,35,3,1,3,0.492256112123878,596,17125.0,0.694,0.7946750644145434,83,0.844,0.034170854271356785,0
50,0,2,5,1,1,0,41,2,1,2,0.2874353416349988,1912,9034.0,0.362,0.1098196392785571,58,0.45,0.1758793969849246,0
34,1,2,2,2,3,0,29,3,1,3,0.36147313749142174,1678,11717.0,1.006,0.12138562839965646,69,0.865,0.12562814070351758,0
54,0,1,3,1,4,0,44,3,3,3,0.07584263718456846,1746,2201.0,0.478,0.03320927569424563,21,0.4,0.44422110552763816,0
64,0,1,5,1,1,0,52,6,2,2,0.1076465413254247,2299,2700.0,0.716,0.061322645290581165,48,0.5,0.4623115577889447,0
50,1,3,0,2,1,0,36,3,2,2,0.049299074603131425,1881,1188.0,1.111,0.13621528771829372,58,1.522,0.6160804020100502,0
65,0,0,2,1,4,0,49,4,2,2,0.056191935956853116,2297,1000.0,0.744,0.07809905525336387,56,0.556,0.7005025125628139,0
38,1,2,3,1,1,0,36,3,3,1,0.041196939327704164,1980,821.0,0.882,0.06126538791869453,45,0.406,0.7105527638190954,0
44,0,3,0,2,4,0,32,1,2,1,0.19613516054622906,1051,6875.0,0.729,0.4092184368737475,87,0.554,0.13366834170854272,0
41,1,1,2,1,3,0,30,3,3,2,1.0000000000000002,2109,32407.0,0.703,0.3608359576295448,87,0.706,0.06130653266331658,0
43,1,1,3,1,1,0,25,6,3,3,0.005372199397176952,0,1616.0,0.794,0.2537074148296593,78,0.814,0.0,0
53,0,1,0,1,1,0,47,3,3,4,0.030857647297121628,1733,726.0,1.216,0.10186086458631548,62,0.632,0.708542713567839,0
53,1,1,3,1,0,0,36,6,3,2,0.0566454136774927,1844,1468.0,0.986,0.06928141998282279,32,0.882,0.5597989949748744,0
30,1,0,2,0,3,0,23,6,1,2,0.7662171190862727,1285,25498.0,0.59,0.11251073575722874,46,0.769,0.04824120603015075,0
51,1,3,2,2,2,3,45,3,2,4,0.8906514056297747,0,30899.0,0.502,0.054451760664185514,20,0.333,0.0,0
47,0,1,2,2,4,0,36,2,3,3,0.17225200059254425,2345,4791.0,0.699,0.4121958202118523,86,0.654,0.33065326633165826,0
55,1,2,2,1,0,0,41,4,3,2,0.4081208790212137,0,14938.0,0.49,0.034583452619524765,31,0.632,0.0,0
44,1,2,1,1,1,0,36,5,3,4,0.0,0,1438.3,0.602,0.08989407386200973,54,0.588,0.0,1
50,1,2,5,1,0,0,36,4,3,4,0.6793912515078134,2100,21811.0,0.988,0.2427712567993129,89,0.712,0.08844221105527637,0
48,0,1,2,1,4,0,38,6,2,3,0.0003234807740562437,749,700.0,0.943,0.20091611795018607,50,0.852,0.5195979899497487,0
50,0,2,3,1,4,0,36,5,1,2,0.23933647139916017,1626,7729.0,0.701,0.04008016032064128,28,0.867,0.17487437185929647,0
49,1,4,5,1,2,0,44,1,3,2,0.33063665248792995,2263,10112.0,1.044,0.7998854852562267,106,0.582,0.18391959798994972,0
56,0,1,2,1,4,0,49,5,1,0,0.11060926243360333,1152,3945.0,0.94,0.08714572001145147,45,0.607,0.22713567839195978,0
44,1,2,2,2,0,0,33,4,1,3,0.35863134377541367,0,13301.0,1.058,0.048955052963069,50,0.515,0.0,0
59,1,1,2,2,2,0,48,3,1,2,0.17684724149502537,0,7288.0,0.64,0.8212424849699399,120,0.714,0.0,0
40,0,4,2,2,4,0,36,6,3,4,0.18588656405977444,0,7587.0,0.82,0.15041511594617804,59,0.844,0.0,0
46,0,4,3,2,4,0,40,3,2,2,0.06402198459989661,2172,1384.0,0.402,0.03956484397366161,41,0.708,0.6140703517587939,0
38,0,2,3,2,4,0,28,5,1,3,0.009241875946634746,0,1744.0,0.702,0.24511880904666475,86,0.686,0.0,0
47,1,2,2,0,3,0,41,3,2,3,0.09516078808381478,0,4586.0,0.812,0.11445748640137417,43,0.433,0.0,1
45,1,1,2,1,4,0,33,4,3,4,0.017253315677934082,1795,214.0,0.645,0.15127397652447752,55,0.719,0.8974874371859296,0
51,0,3,5,1,4,0,45,3,3,3,0.024176408879698415,1300,938.0,1.071,0.22776982536501575,79,0.756,0.5839195979899496,0
48,0,1,3,1,1,3,28,3,1,2,0.43155056125425895,1387,14326.0,0.904,0.24305754365874602,61,0.605,0.08844221105527637,0
48,0,3,0,1,4,0,36,5,3,0,0.014320826417798097,1163,749.0,0.871,0.243687374749499,81,0.723,0.6110552763819095,0
48,1,4,2,2,2,0,30,4,3,3,0.1896655450651043,1387,6325.0,0.861,0.06109361580303464,39,0.56,0.1809045226130653,0
49,0,3,0,1,1,0,44,6,2,3,0.03445523721419567,1590,988.0,0.657,0.23778986544517602,89,0.618,0.6201005025125628,0
55,1,2,2,2,3,0,46,3,1,4,1.0000000000000002,1718,32798.0,0.51,0.2685370741482966,74,0.423,0.05025125628140703,0
37,0,2,2,2,4,0,24,5,2,3,0.21179525783231604,1945,6499.0,0.703,0.11262525050100201,74,0.609,0.23115577889447236,0
48,1,3,2,1,3,0,41,5,2,2,0.13331338031362522,950,4898.0,0.726,0.0819352991697681,51,0.545,0.1628140703517588,0
57,1,1,2,1,3,0,47,5,3,1,0.39826529655931336,1976,12636.0,1.768,0.07426281133695964,24,3.0,0.135678391959799,0
52,1,2,3,2,0,0,44,4,2,2,0.1565616714584146,2517,4100.0,0.459,0.17549384483252217,68,0.659,0.38190954773869346,0
50,0,4,2,2,4,0,36,6,2,0,0.050992058093519206,1928,1197.0,0.412,0.06304036644718007,46,0.533,0.6201005025125628,0
55,0,2,2,2,4,0,49,2,1,2,0.004374548411769867,234,1349.0,0.639,0.11514457486401374,36,0.385,0.1487437185929648,1
65,0,0,2,1,1,0,56,3,2,4,0.1810494683729522,1303,6124.0,0.61,0.061036358431148005,42,0.909,0.1758793969849246,0
51,0,0,1,2,4,0,38,2,2,2,0.08143552907245669,2517,1615.0,0.786,0.760950472373318,129,0.697,0.6120603015075377,0
44,1,2,2,1,3,0,37,2,3,0,0.4348156008428639,1334,14487.0,0.81,0.48079015173203554,103,0.635,0.08442211055276382,0
56,1,2,2,1,2,0,44,3,1,2,0.01828119851138381,1928,115.0,0.791,0.10197537933008875,57,0.839,0.9487437185929647,0
53,0,4,2,1,4,0,39,2,3,2,0.02952744598324552,1643,772.0,0.964,0.2595476667620956,78,0.733,0.6834170854271356,0
46,1,3,2,1,3,0,31,5,2,4,0.751705832025806,2376,23927.0,0.583,0.1749785284855425,67,0.914,0.09045226130653265,0
39,0,3,2,1,4,0,26,2,2,3,0.08881209999486062,855,3521.0,0.839,0.1335241912396221,52,0.733,0.19597989949748743,1
47,0,2,1,1,4,0,35,3,2,2,0.12412289850866295,1184,4360.0,0.85,0.0461494417406241,38,0.652,0.21507537688442208,0
40,1,3,2,1,2,0,30,4,2,3,0.1497292738007782,0,6391.0,0.632,0.10266246779272832,44,0.419,0.0,1
33,1,1,2,1,2,0,36,1,3,4,0.2263367767408254,168,8757.0,0.447,0.012081305468079017,10,0.429,0.01909547738693467,1
45,0,3,2,2,1,0,39,4,4,0,0.009876744755530166,1694,71.0,0.76,0.2446607500715717,72,0.532,0.9648241206030149,0
27,0,0,2,1,4,0,36,1,1,2,0.09401197785819451,1450,3098.0,0.844,0.7901517320354996,131,0.638,0.32060301507537686,0
50,0,3,2,1,1,0,39,5,3,2,0.3377411367779501,1123,11487.0,0.853,0.21007729745204692,67,0.595,0.08944723618090451,0
58,1,1,2,1,2,0,48,2,3,2,0.5830423517959229,2221,18503.0,0.769,0.7835671342685371,109,0.703,0.10753768844221104,0
44,1,4,2,2,3,0,36,6,2,3,0.13419010390686173,1160,4717.0,0.446,0.17377612367592327,83,0.729,0.1979899497487437,0
49,1,2,5,1,2,0,42,3,3,2,0.07088461410557567,0,3783.0,0.59,0.2206126538791869,82,0.783,0.0,0
47,0,3,2,1,1,0,36,4,3,6,0.1325273522645166,0,5822.0,0.655,0.15516747781276838,38,0.652,0.0,1
41,0,3,3,1,4,0,31,3,3,3,0.07599379642478166,0,3952.0,1.002,0.44151159461780703,82,0.952,0.0,1
48,0,2,2,1,1,0,43,3,2,4,0.24550376839985852,1514,8045.0,0.716,0.20234755224735182,70,0.556,0.1587939698492462,0
50,1,1,5,1,1,0,36,5,1,4,0.0191276902565777,1035,1036.0,0.754,0.20395075866017748,74,0.947,0.5025125628140703,0
41,0,3,2,1,1,0,29,5,1,3,0.016437055780782826,1068,914.0,0.881,0.14474663612940164,58,0.871,0.5417085427135678,0
55,1,3,2,2,0,0,42,3,3,2,0.9129322776371998,2517,29119.0,0.718,0.2119095333524191,68,1.061,0.08040201005025126,0
52,0,3,2,1,1,0,36,6,4,2,0.051536231358286715,2268,875.0,0.801,0.22255940452333237,84,0.68,0.7256281407035174,0
58,1,4,3,1,1,0,47,6,3,4,0.19241664323698446,1885,5918.0,0.531,0.03830518179215574,25,0.316,0.24321608040201,0
43,1,3,2,2,2,0,34,6,2,0,0.372840312355454,2517,11254.0,0.501,0.056112224448897796,42,0.75,0.18391959798994972,0
30,1,2,0,0,1,0,22,3,3,4,0.051536231358286715,1075,2068.0,0.643,0.11336959633552819,57,0.629,0.3437185929648241,0
49,0,4,0,2,1,0,30,5,3,3,0.04010859279816916,1211,1554.0,0.736,0.23469796736329798,58,0.706,0.4402010050251256,0
59,0,1,0,2,4,0,48,5,2,0,0.03515056971917637,1888,713.0,0.773,0.2501574577726882,62,0.771,0.7296482412060301,0
63,0,0,3,1,4,0,53,5,3,2,0.025174059865105507,1278,993.0,0.375,0.05840251932436301,33,0.65,0.5658291457286431,0
49,1,3,2,2,2,0,45,1,1,1,0.020669514506752286,1101,1021.0,0.711,0.3935871743486974,103,0.515,0.521608040201005,0
55,0,3,0,2,4,0,36,3,3,3,0.03750865386650221,2277,402.0,0.736,0.2526767821357,85,0.735,0.8542713567839195,0
51,0,1,3,2,4,0,41,3,3,2,0.24979669082191328,0,9701.0,1.024,0.5081019181219582,62,0.824,0.0,1
61,1,1,2,2,1,0,47,3,2,2,0.316730002388316,1631,10284.0,0.748,0.08164901231033496,63,0.537,0.13768844221105528,0
37,0,4,5,1,4,0,36,4,1,4,0.03236923969925359,1144,1365.0,0.692,0.07294589178356714,38,0.583,0.4582914572864321,0
43,1,4,2,1,0,0,39,3,3,3,0.4063976636827833,848,14033.0,0.762,0.0502719725164615,23,1.091,0.057286432160804014,0
39,1,2,0,2,3,0,24,4,3,2,0.07928906786142931,1775,2286.0,0.686,0.06137990266246779,40,0.667,0.43919597989949744,0
51,1,4,2,1,2,3,33,1,3,3,0.7320551307980906,2059,23594.0,0.702,0.4451760664185514,103,0.746,0.08040201005025126,0
57,1,3,2,0,3,3,36,6,3,4,1.0000000000000002,1384,33132.0,0.887,0.2413398225021471,69,0.605,0.04020100502512563,0
44,1,3,3,2,4,0,38,6,1,2,0.020336964178283255,1047,1064.0,0.971,0.24620669911251072,82,0.952,0.49849246231155775,0
46,1,4,3,2,3,0,36,6,1,2,0.0,0,1438.3,0.746,0.2250787288863441,71,0.821,0.0,0
52,1,3,0,1,3,0,39,3,3,2,0.5113324082387832,1509,16843.0,0.898,0.05290581162324649,29,1.071,0.08241206030150754,0
64,0,0,2,1,1,0,55,6,3,2,0.04403873304371223,2517,378.0,0.322,0.05788720297738334,37,0.609,0.8733668341708541,0
49,1,2,3,2,0,0,42,3,2,4,0.5957397279738313,1190,19954.0,0.5,0.2499284282851417,66,0.784,0.056281407035175875,0
31,1,2,2,2,4,0,19,1,2,3,0.1340087128186059,1829,4042.0,0.81,0.8654451760664186,117,0.746,0.31356783919597986,0
36,0,2,3,1,1,0,36,4,3,2,0.012385988143069203,0,1848.0,0.906,0.12854279988548525,33,0.435,0.0,1
35,0,2,2,2,4,0,27,4,3,0,0.05567799454012825,1806,1474.0,0.963,0.11474377326080733,78,0.95,0.5537688442211055,0
44,1,3,2,2,3,1,36,2,3,3,1.0000000000000002,2517,31999.0,0.703,0.4070999141139422,87,0.582,0.07336683417085427,0
48,0,3,2,2,4,0,36,2,1,3,0.012537147383282397,1314,539.0,0.925,0.27489264242771255,79,0.612,0.7125628140703517,0
63,1,1,5,1,3,0,36,5,2,3,0.6993442712159552,1955,22616.0,1.174,0.06962496421414258,28,1.0,0.08040201005025126,0
45,1,3,3,2,4,0,29,4,1,2,0.0401388246462118,1985,781.0,0.796,0.22616661895219006,70,0.75,0.7216080402010049,0
38,0,0,3,2,4,0,30,4,2,1,0.0,1003,435.3,0.629,0.2128256513026052,84,0.714,0.7005025125628139,0
56,0,1,2,2,1,0,37,2,4,3,0.027229825532004946,0,2339.0,0.493,0.05794446034926996,45,0.607,0.0,1
43,1,2,3,0,3,0,33,4,3,2,0.04972232047572837,1898,1185.0,1.042,0.05256226739192671,30,2.0,0.6190954773869346,0
42,0,1,1,2,4,0,35,5,1,3,0.038899318876463605,2444,281.0,0.959,0.25393644431720586,85,0.809,0.9015075376884422,0
41,1,5,3,1,2,0,33,5,3,3,0.6448967128911623,2517,20253.0,0.994,0.0774119667907243,38,0.652,0.11155778894472361,0
37,1,2,0,0,1,0,24,3,3,4,0.20200013906650102,2098,6022.0,0.826,0.15064414543372456,54,0.688,0.25929648241206027,0
64,0,0,3,1,4,0,56,6,2,2,0.022241570604969514,1397,777.0,0.62,0.07014028056112225,39,0.5,0.6462311557788945,0
47,0,3,0,1,4,0,38,5,2,2,0.0044350121078551435,1304,281.0,0.727,0.236243916404237,80,0.6,0.8271356783919597,0
54,0,2,1,1,4,0,46,3,3,3,0.0566454136774927,1624,1688.0,0.573,0.08262238763240767,55,0.667,0.4924623115577889,0
51,0,5,4,1,4,0,44,5,1,1,0.06078717685933425,1598,1851.0,0.971,0.06578872029773833,42,0.556,0.4653266331658291,0
38,1,1,2,2,3,0,27,6,2,5,0.7537918295407481,1365,25007.0,1.394,0.10083023189235614,56,1.0,0.05226130653266331,0
49,0,3,0,1,4,0,37,2,3,0,0.04978278417181365,966,2119.0,0.777,0.24248496993987975,79,0.646,0.314572864321608,0
50,1,3,2,1,0,0,38,5,2,4,1.0000000000000002,1662,32854.0,0.504,0.18757515030060118,76,0.9,0.04824120603015075,0
39,0,2,2,2,4,0,31,5,3,3,0.208197667915242,2048,6277.0,0.92,0.8039507586601775,91,0.655,0.2472361809045226,0
56,1,0,1,2,3,0,47,2,1,2,0.1743077662594437,0,7204.0,0.803,0.77366160893215,113,0.766,0.0,0
60,1,1,3,1,1,0,47,3,1,3,0.2529408030183477,1007,8798.0,0.8,0.8079587746922416,95,0.9,0.10351758793969848,0
62,0,1,2,1,4,0,56,6,0,0,0.0,0,1438.3,0.813,0.0813627254509018,44,1.095,0.0,0
32,0,1,3,2,4,3,13,4,1,2,0.26887298693681844,948,9384.0,0.843,0.13650157457772685,67,0.763,0.09246231155778893,0
56,0,1,2,2,4,0,47,5,2,3,0.019581167977217283,1792,294.0,0.859,0.3002576581734898,84,0.909,0.8633165829145728,0
44,0,4,3,2,1,0,36,3,2,2,0.018643980687895474,0,2055.0,0.975,0.4090466647580876,80,0.633,0.0,0
27,0,1,2,2,4,0,13,6,2,4,0.027229825532004946,2080,259.0,1.067,0.10100200400801602,45,0.452,0.893467336683417,0
51,0,2,2,2,4,0,45,3,6,1,0.05477103909884908,0,3250.0,0.601,0.24174062410535355,84,0.75,0.0,0
37,0,1,2,1,4,0,31,5,2,2,0.02958790967933079,1929,488.0,0.886,0.0711709132550816,42,0.556,0.8020100502512563,0
52,0,5,2,2,1,0,41,4,2,3,0.04827119176968169,1960,1075.0,0.566,0.20463784712281705,79,0.927,0.6492462311557788,0
53,0,2,2,1,1,0,38,3,2,1,0.016648678717081304,1003,986.0,0.677,0.25994846836530205,70,0.75,0.5065326633165829,0
52,0,3,3,1,4,0,43,4,3,2,0.10156993986885426,0,4798.0,0.583,0.19679358717434867,72,0.636,0.0,0
37,0,2,3,1,4,0,27,6,6,2,0.05168739059849991,0,3148.0,0.498,0.04987117091325509,31,0.722,0.0,0
41,1,4,3,1,4,0,30,3,2,2,0.005311735701091676,700,914.0,0.842,0.2154594904093902,87,0.812,0.43618090452261304,0
45,0,4,2,1,4,0,34,3,2,1,0.0,0,1438.3,0.685,0.09292871457200115,35,0.346,0.0,1
58,1,1,3,1,3,0,50,1,1,3,1.0000000000000002,1341,33175.0,0.812,0.7705697108502719,127,0.789,0.03919597989949748,0
46,1,0,2,2,0,0,36,6,2,1,0.03790166789105651,1631,1061.0,0.99,0.23412539364443172,83,0.694,0.6090452261306532,0
56,0,5,1,2,4,0,49,3,3,2,0.08143552907245669,1559,2573.0,0.827,0.8159748067563699,108,0.688,0.378894472361809,0
39,1,2,2,1,2,0,36,6,3,3,0.016437055780782826,1751,231.0,0.843,0.2166046378471228,62,0.676,0.8874371859296482,0
44,1,5,5,1,2,0,36,3,3,2,0.2178718592888865,1454,7191.0,0.708,0.05181792155740052,25,1.778,0.16884422110552763,0
44,0,5,4,1,4,0,33,3,3,2,0.23081109025113597,2466,6607.0,0.446,0.35860292012596623,60,1.069,0.2733668341708543,1
35,1,2,3,1,3,0,22,3,1,4,0.04790840959317003,1435,1588.0,0.62,0.07958774692241626,34,0.619,0.4773869346733668,0
50,0,3,5,1,4,0,34,2,2,2,0.07925883601338668,2336,1724.0,0.943,0.265845977669625,87,0.706,0.5778894472361809,0
42,0,3,2,2,4,0,36,6,1,1,0.14622237942783206,0,6275.0,0.79,0.21631835098768964,75,0.786,0.0,0
46,1,4,2,1,2,0,36,3,3,3,0.05501289388319019,0,3258.0,0.784,0.1511022044088176,67,0.489,0.0,0
60,0,1,2,1,1,0,48,3,3,4,0.11862070216490267,2057,3305.0,0.763,0.21042084168336672,83,0.766,0.385929648241206,0
55,1,3,2,1,3,0,47,4,2,3,0.060394162834779934,2016,1420.0,0.901,0.03246492985971944,33,0.833,0.5899497487437185,0
49,0,4,2,2,4,0,36,1,1,3,0.03620868440066873,1257,1379.0,0.661,0.37824219868308046,82,0.608,0.47939698492462307,0
53,0,4,2,2,4,1,41,5,1,2,1.0000000000000002,2374,32142.0,0.81,0.22101345548239335,77,0.604,0.06934673366834171,0
40,1,1,2,1,2,0,27,1,3,3,0.0253252191053187,1372,904.0,0.564,0.20778700257658173,67,0.718,0.6060301507537688,0
38,1,3,0,1,2,0,36,5,2,2,0.14135505189296718,1461,4653.0,0.772,0.11898081878041798,36,0.385,0.2402010050251256,1
43,1,2,3,1,0,3,23,3,3,2,1.0000000000000002,1153,33363.0,0.89,0.22651016318350983,71,0.69,0.033165829145728645,0
58,1,0,5,1,3,0,38,6,3,3,0.07094507780166096,1935,1850.0,1.558,0.07409103922129974,49,1.45,0.5135678391959798,0
35,1,2,2,2,0,0,27,6,2,2,0.36933341798250785,1048,12607.0,0.509,0.10609791010592613,59,0.595,0.07738693467336683,0
42,1,3,4,1,3,0,30,6,2,3,0.3769820755372955,0,13908.0,0.719,0.21694818207844258,81,0.976,0.0,0
47,1,2,2,2,2,0,34,3,3,2,0.018432357751597003,1599,449.0,0.613,0.24763813340967647,88,0.872,0.7849246231155779,0
34,0,4,5,2,4,0,21,6,3,2,0.22875532458423656,1994,7011.0,0.919,0.26870884626395647,89,0.712,0.22211055276381908,0
60,0,1,0,2,1,0,50,5,1,3,0.0,0,1438.3,0.578,0.2071571714858288,84,0.714,0.0,0
32,0,1,2,1,4,0,20,3,1,4,0.12270200165065892,1735,3762.0,0.664,0.901002004008016,124,0.771,0.3175879396984924,0
39,0,2,2,1,4,0,26,3,1,2,0.09349803644146965,1214,3317.0,0.813,0.05061551674778128,40,0.333,0.2693467336683417,0
41,1,4,4,1,3,0,36,1,2,2,0.6140904597357132,1573,20178.0,0.878,0.4467220154594904,102,0.569,0.07236180904522611,0
44,1,5,2,1,2,0,34,5,3,2,0.040894620847277775,1979,812.0,0.807,0.23401087890065844,70,0.628,0.7125628140703517,0
45,0,3,3,1,4,0,34,4,2,1,0.10936975666385512,0,5056.0,0.905,0.2231892356140853,78,0.696,0.0,0
52,1,2,4,2,3,0,40,6,1,3,0.21938345169101844,1407,7288.0,0.634,0.0858860578299456,58,0.706,0.1628140703517588,0
42,1,5,3,1,2,0,36,1,2,3,0.012930161407836704,0,1866.0,0.798,0.1318637274549098,42,0.355,0.0,1
33,1,2,3,2,2,0,23,4,2,1,0.029073968262605936,0,2400.0,1.064,0.12293157744059548,70,0.892,0.0,0
38,1,1,2,1,2,0,31,6,3,3,0.02922512750281913,1553,852.0,1.156,0.11296879473232178,40,0.667,0.6492462311557788,0
43,0,3,0,1,4,3,34,4,2,2,0.3000117904207366,1871,9491.0,0.859,0.4190667048382479,88,0.63,0.1658291457286432,0
34,1,3,4,2,1,0,28,2,3,2,0.06970557203191274,0,3744.0,0.796,0.4392785571142285,69,0.769,0.0,1
37,0,2,5,1,4,3,29,5,2,6,0.325436774624596,0,12203.0,0.9,0.46206699112510735,94,0.843,0.0,1
38,0,2,0,1,4,0,32,2,2,6,0.17977973075516135,1817,5568.0,1.029,0.25994846836530205,50,0.389,0.2472361809045226,1
49,0,1,2,1,1,0,38,5,2,2,0.12221829208197671,0,5481.0,0.784,0.16318350987689664,73,0.78,0.0,0
45,1,2,2,2,2,0,30,3,1,3,0.6160252980104421,0,21815.0,0.807,0.19318637274549097,72,1.118,0.0,0
36,0,1,1,1,4,0,36,3,2,2,0.1059535578350369,1204,3739.0,0.417,0.20005725737188662,82,0.783,0.24522613065326632,0
40,0,2,3,1,4,0,28,1,3,3,0.03917140550884735,1661,1073.0,0.726,0.25485256226739195,90,0.698,0.6110552763819095,0
51,1,3,2,1,2,0,32,3,1,4,0.1721613050484163,0,7133.0,0.612,0.12361866590323504,62,0.59,0.0,0
35,0,3,0,2,4,0,25,4,3,2,0.06568473624224175,2517,1094.0,0.537,0.09436014886916691,45,0.552,0.7005025125628139,1
42,0,4,5,2,4,0,24,2,2,2,0.06015230805043883,2209,1219.0,0.671,0.24168336673346694,87,0.642,0.6472361809045226,0
42,0,3,2,1,4,0,36,6,1,2,0.42958549113148736,0,15648.0,0.731,0.7588892069853994,88,0.913,0.0,0
31,0,0,2,2,4,0,21,4,2,3,0.09552357026032646,0,4598.0,0.439,0.3313484111079302,77,0.833,0.0,1
60,1,1,2,1,3,0,50,6,2,2,0.6643055593345366,1078,22334.0,0.79,0.07191525908960779,50,0.786,0.046231155778894466,0
39,0,0,2,1,4,0,36,3,3,3,0.04527823881346043,0,2936.0,0.842,0.24884053821929572,74,0.542,0.0,0
44,1,3,2,1,1,0,35,6,3,1,0.1477944355260493,0,6327.0,0.666,0.17881477240194674,77,0.674,0.0,0
46,1,2,1,2,3,0,34,4,3,2,0.3891352784504364,694,13616.0,0.558,0.04145433724592042,34,0.478,0.04824120603015075,0
49,1,5,2,1,2,3,38,1,1,2,0.8492942375074446,2088,27443.0,0.843,0.8307472087031205,120,0.69,0.07135678391959797,0
34,1,1,2,2,3,0,22,1,2,2,0.06870792104650567,1413,2298.0,0.175,0.1942170054394503,51,0.645,0.38291457286432157,1
38,0,2,2,1,4,0,36,2,3,2,0.028136780973284127,0,2369.0,0.51,0.07981677640996278,48,0.548,0.0,1
55,0,1,0,2,4,0,48,3,5,3,0.02042765972241118,546,1568.0,0.619,0.11726309762381908,42,0.75,0.25929648241206027,1
44,0,3,3,2,4,0,31,5,6,4,0.2667567575738337,1888,8374.0,0.508,0.1730890352132837,65,0.757,0.18492462311557786,0
38,0,2,1,1,4,0,28,5,2,4,0.005311735701091676,0,1614.0,0.609,0.10918980818780417,46,0.438,0.0,1
29,1,1,3,1,2,0,16,3,2,1,0.3342644742530466,2517,9978.0,0.827,0.8012596621815059,106,0.683,0.20201005025125626,0
52,1,2,3,2,1,0,45,3,1,2,0.36561490067326324,1300,12232.0,0.846,0.056742055539650726,29,1.417,0.0964824120603015,0
55,1,1,0,2,3,0,42,5,2,4,0.27987737962433906,1206,9490.0,0.958,0.11216719152590897,38,0.9,0.11356783919597989,0
31,1,0,3,0,4,0,22,3,2,3,0.138271403392618,0,6012.0,0.968,0.13003149155453764,72,0.674,0.0,0
48,0,3,2,0,4,0,36,5,2,1,0.037538885714544855,1871,809.0,0.955,0.2325794446034927,78,0.902,0.7015075376884421,0
54,0,1,2,1,1,0,46,6,4,3,0.005855908965859177,351,1281.0,0.721,0.11462925851703408,43,0.483,0.21608040201005022,1
31,0,1,2,2,4,0,13,1,1,3,0.10250712715817606,0,4829.0,0.836,0.4440881763527054,65,0.857,0.0,1
50,1,3,5,2,0,0,36,1,2,3,0.19746536186010516,2282,5688.0,0.28,0.076839393071858,41,0.206,0.2874371859296482,1
49,0,4,2,2,4,0,35,5,2,2,0.11357198354178194,0,5195.0,1.135,0.1593472659604924,69,0.769,0.0,0
49,1,3,2,1,3,0,37,4,1,4,0.4284366809058671,2048,13562.0,0.657,0.07935871743486973,58,0.526,0.1316582914572864,0
35,1,3,1,1,3,0,30,5,3,4,0.3673683478597363,1528,12062.0,0.728,0.09201259662181506,52,0.486,0.11256281407035175,1
36,0,2,2,1,4,0,27,3,3,4,0.04869443764227865,2198,851.0,1.546,0.11949613512739764,48,1.0,0.7246231155778894,0
32,0,0,0,1,4,0,36,5,3,3,0.15952439256659323,1314,5401.0,0.987,0.06876610363584311,41,0.519,0.19698492462311556,0
45,1,4,2,2,0,0,38,1,1,3,0.22969251187355835,0,9036.0,0.753,0.44809619238476955,79,0.681,0.0,0
50,0,1,0,2,4,0,45,4,2,4,0.10117692584429996,1965,2820.0,0.8,0.17870025765817346,59,0.553,0.41306532663316575,0
31,1,0,2,2,1,0,24,3,1,4,0.32081130187407225,1732,10318.0,0.804,0.08502719725164615,46,0.704,0.14472361809045223,0
50,0,1,1,1,4,0,37,6,4,3,0.082916889626546,0,4181.0,0.912,0.144689378757515,54,0.688,0.0,0
27,0,0,3,1,4,0,22,4,1,2,0.012869697711751428,1384,480.0,0.904,0.06481534497566561,32,0.391,0.7457286432160803,0
62,0,0,3,1,4,0,51,6,3,4,0.0,0,1438.3,0.702,0.052390495276266824,38,0.31,0.0,0
43,0,2,2,1,4,0,37,5,2,3,0.08312851256284448,0,4188.0,0.565,0.16959633552819925,69,0.683,0.0,0
60,1,1,5,1,2,0,48,3,1,3,0.266817221269919,2073,8191.0,0.62,0.06613226452905811,45,0.364,0.20301507537688443,0
34,0,1,0,2,4,0,20,2,2,2,0.05295712821629075,1959,1231.0,0.622,0.21127970226166617,66,0.61,0.6170854271356784,0
49,0,1,0,1,4,0,43,4,3,2,0.0,786,652.3,0.609,0.20406527340395075,64,0.561,0.5487437185929648,0
56,0,1,2,1,4,0,45,4,1,2,0.051203681029817684,2230,902.0,0.78,0.2222731176638992,73,0.659,0.7155778894472361,0
41,0,2,0,1,4,0,31,4,2,3,0.2515501380083863,2038,7721.0,0.622,0.21162324649298594,77,0.638,0.21005025125628138,0
26,1,1,0,0,1,0,21,3,3,2,0.0,0,1438.3,0.745,0.12195820211852275,89,0.712,0.0,0
52,1,3,2,2,3,0,47,1,3,3,0.7247087917237293,0,25410.0,0.559,0.2829659318637275,70,0.591,0.0,0
37,1,2,2,1,3,0,27,4,2,1,0.3405224667978729,2008,10694.0,0.51,0.08371027769825365,40,0.667,0.1587939698492462,0
37,0,3,3,1,4,0,36,6,3,4,0.3177276533737231,1281,10667.0,1.159,0.12951617520755795,51,0.889,0.10753768844221104,0
32,1,0,3,1,2,0,13,3,3,4,0.38907481475435113,1889,12419.0,1.053,0.06464357286000573,39,1.167,0.13266331658291458,0
37,1,3,2,1,3,0,20,3,3,3,0.20623259779247047,2077,6183.0,1.167,0.10266246779272832,47,0.621,0.2522613065326633,0
34,0,1,2,1,4,0,36,2,3,3,0.029104200110648577,496,1905.0,0.647,0.11835098768966505,40,0.379,0.2080402010050251,1
34,1,1,5,1,0,0,36,6,2,1,0.5499687100372759,1251,18379.0,1.399,0.10054394503292298,39,0.696,0.064321608040201,0
42,0,4,0,1,4,0,27,6,2,1,0.01828119851138381,0,2043.0,1.019,0.2672774119667907,77,0.711,0.0,0
43,1,4,1,1,2,0,33,4,3,4,0.019006762864407147,1250,817.0,0.891,0.23103349556255368,65,0.806,0.6080402010050251,0
51,1,3,2,2,3,0,43,4,2,3,0.272682199790191,0,10458.0,0.587,0.1689665044374463,51,0.5,0.0,0
39,0,1,2,2,1,0,36,6,1,3,0.2955072450623834,0,11213.0,0.563,0.0416261093615803,23,0.643,0.0,0
42,0,3,3,2,1,0,29,6,3,2,0.0032257381861495876,751,794.0,0.551,0.22599484683653018,62,0.59,0.4884422110552763,0
48,1,2,1,2,2,0,43,2,1,1,0.2009722562330513,0,8086.0,0.792,0.24305754365874602,78,0.66,0.0,0
39,0,3,3,1,4,0,36,2,3,2,0.011448800853747394,0,1817.0,0.583,0.09653592900085885,44,0.833,0.0,1
42,0,2,2,2,4,0,36,6,1,4,0.03744819017041693,2517,160.0,0.609,0.19358717434869738,76,0.81,0.9447236180904521,0
57,1,3,2,1,0,0,38,2,3,3,0.20590004746400145,1381,6868.0,0.798,0.0084740910392213,11,0.833,0.1678391959798995,1
43,0,3,3,1,4,0,39,5,3,2,0.058398860863965764,2284,1086.0,0.673,0.20349269968508443,70,0.628,0.6814070351758794,0
47,0,4,5,1,1,1,34,2,3,3,0.6815074808707982,0,23981.0,0.196,0.22937303177784138,61,0.605,0.0,1
39,1,3,0,0,1,0,34,3,3,2,0.03218784861099775,2185,318.0,0.5,0.20767248783280845,58,0.758,0.8773869346733667,0
38,1,3,3,2,2,0,25,5,1,4,0.2545733228126502,1305,8554.0,0.722,0.21843687374749496,72,0.674,0.13266331658291458,0
49,0,4,2,1,4,0,36,6,4,2,0.05622216780489576,2200,1098.0,0.678,0.02988834812482107,32,0.6,0.6703517587939698,0
52,1,2,3,2,3,0,43,4,3,3,0.3077209116716096,2517,9100.0,0.457,0.06372745490981964,43,0.483,0.21809045226130652,1
59,1,2,2,2,2,0,50,2,4,2,0.1446805551776575,0,6224.0,0.801,0.4443744632121386,69,1.029,0.0,1
43,1,3,3,2,1,0,33,5,2,3,0.048422351009894886,2517,523.0,0.493,0.061150873174921266,31,0.476,0.8321608040201004,0
45,0,3,2,1,4,0,32,6,1,3,0.044189892283925426,2018,882.0,0.705,0.22542227311766386,79,0.756,0.6994974874371859,0
59,0,1,2,2,4,0,53,5,6,2,0.18328662512810748,2517,4984.0,0.663,0.10020040080160321,49,0.531,0.33768844221105526,1
47,0,3,2,1,4,0,38,3,3,2,0.0,0,1438.3,0.198,0.06624677927283137,38,0.226,0.0,1
40,1,4,3,1,3,0,36,6,1,0,0.02079044189892284,1321,805.0,0.596,0.14096764958488403,72,1.0,0.6241206030150753,0
50,0,2,3,1,4,0,43,6,2,3,0.04500615218107668,1412,1515.0,0.763,0.054050959060979106,26,0.857,0.48442211055276374,0
47,0,5,5,1,1,0,42,2,2,3,0.11275572364463068,2265,2903.0,0.715,0.43979387346120813,80,0.818,0.4402010050251256,0
38,0,2,2,1,4,0,18,5,3,3,0.007488428760161682,1206,480.0,0.767,0.24969939879759515,68,0.511,0.7185929648241205,0
52,1,2,4,1,3,0,36,6,4,1,0.01640682393274019,1448,533.0,0.723,0.2352705410821643,61,0.743,0.7346733668341707,0
45,0,2,2,2,1,0,36,5,3,1,0.025839160522043554,1304,989.0,0.708,0.25863154881190953,94,0.679,0.571859296482412,0
45,0,1,3,1,4,0,35,4,4,4,0.08971905543613978,1247,3159.0,1.037,0.19662181505868878,76,0.854,0.2844221105527638,0
45,1,1,5,2,0,0,39,4,2,2,0.05123391287786031,1510,1623.0,0.609,0.05181792155740052,38,0.462,0.48442211055276374,0
50,0,2,0,0,4,0,36,3,2,3,0.06118019088388855,1817,1645.0,0.717,0.2350415115946178,65,0.711,0.5276381909547738,0
57,0,2,2,1,4,0,49,5,3,1,0.03750865386650221,2011,668.0,0.466,0.06830804466075008,28,0.75,0.7547738693467336,0
44,1,4,2,2,3,0,26,1,2,1,0.312709166598645,2177,9605.0,0.875,0.9204122530775837,110,0.692,0.185929648241206,0
46,1,5,2,2,3,0,33,6,3,3,0.9534127221662934,2517,30458.0,0.658,0.003836243916404237,17,0.7,0.07638190954773869,1
38,1,3,2,1,0,0,33,5,3,4,0.886025932879251,1168,29578.0,0.653,0.056627540795877465,43,0.72,0.03819095477386934,0
43,1,3,5,1,3,0,36,1,3,2,0.09721655375071425,1349,3305.0,0.81,0.2145433724592041,71,0.69,0.29145728643216073,0
54,1,2,0,1,0,0,43,3,2,3,0.12753909733748117,1719,3938.0,0.606,0.08577154308617234,55,0.667,0.30552763819095474,0
45,0,5,5,1,4,0,37,3,1,1,0.031099502081462747,1446,1021.0,0.73,0.25731462925851706,81,0.62,0.5889447236180904,0
48,0,3,2,2,1,0,41,5,3,3,0.01392781239324379,671,1228.0,0.736,0.10901803607214429,45,0.406,0.3547738693467336,1
51,0,0,3,1,1,0,40,6,2,2,0.12128110479265489,1674,3776.0,0.588,0.18276553106212423,77,0.711,0.3085427135678392,0
41,1,4,2,1,2,2,26,1,1,2,1.0000000000000002,1559,32957.0,0.759,0.4785571142284569,104,0.763,0.045226130653266326,0
43,0,4,2,1,4,0,36,6,5,1,0.040501606822723475,2517,261.0,0.796,0.23160606928141994,60,0.714,0.9105527638190954,0
48,1,4,3,2,0,0,39,3,4,4,0.7000093718728932,0,24593.0,0.777,0.08897795591182364,31,0.55,0.0,1
53,1,2,2,0,3,0,48,2,1,2,0.4279529713371849,1590,14004.0,0.679,0.7149155453764672,118,0.616,0.10251256281407034,0
52,1,2,2,1,3,0,41,6,4,3,0.195470059889291,0,7904.0,0.712,0.08955052963068995,32,0.231,0.0,1
41,1,4,2,1,3,3,31,5,2,2,1.0000000000000002,1433,33083.0,0.758,0.117892928714572,57,0.676,0.04221105527638191,0
44,0,3,5,1,4,0,36,6,2,4,0.008304688657312938,0,1713.0,0.678,0.19862582307472085,66,1.062,0.0,0
42,0,3,2,2,4,0,34,3,3,3,0.45872899264459144,2517,14095.0,0.602,0.2385914686515889,94,0.808,0.15276381909547737,0
55,1,0,2,1,1,0,36,3,3,2,0.05014556634832531,827,2270.0,0.511,0.049241339822502145,24,0.263,0.26834170854271355,0
39,1,1,2,2,3,0,36,4,2,1,0.13845279448087383,0,6018.0,0.703,0.21900944746636128,78,0.857,0.0,0
44,1,3,2,1,4,0,39,5,2,4,0.04654797643125127,2134,844.0,0.579,0.05055825937589464,46,0.394,0.7206030150753768,0
41,0,3,2,1,4,0,13,1,3,2,0.14023647351538954,1421,4656.0,0.739,0.684740910392213,97,0.764,0.23517587939698492,0
56,1,1,5,1,0,0,36,3,2,2,0.13914812698585455,1355,4686.0,0.685,0.0696822215860292,49,0.581,0.2251256281407035,0
50,0,1,2,2,4,0,32,6,1,4,0.13536914598052466,983,4933.0,0.761,0.18448325221872314,75,0.974,0.16683417085427135,0
59,1,1,0,2,1,0,48,6,3,3,0.17572866311744773,1603,5648.0,0.591,0.04408817635270541,36,0.8,0.22211055276381908,0
46,0,4,2,2,4,0,42,4,0,3,0.3608987323786116,1633,11743.0,0.98,0.22817062696822213,63,1.172,0.12261306532663316,0
39,0,3,3,2,4,0,33,2,1,2,0.005523358637390154,0,1621.0,0.779,0.3933581448611509,86,0.686,0.0,0
62,0,1,5,1,1,0,43,3,1,1,0.10042112964323399,0,4760.0,0.564,0.05319209848267964,20,0.538,0.0,0
53,0,1,3,1,4,0,36,3,2,2,0.007548892456246965,0,1688.0,0.641,0.22015459490409386,69,0.605,0.0,0
50,1,2,2,2,3,0,36,4,2,1,0.5489105953557836,1187,18408.0,0.875,0.18786143716003434,62,0.824,0.06130653266331658,0
55,1,2,2,2,3,0,36,3,2,1,0.41078128164896593,916,14110.0,0.721,0.15751503006012021,63,0.8,0.06130653266331658,0
52,0,4,2,1,4,0,42,5,3,2,0.011418569005704753,0,1816.0,0.664,0.2534783853421128,78,0.773,0.0,0
40,0,3,2,1,4,0,20,3,1,3,0.01181158303025906,1140,689.0,0.325,0.061837961637560834,49,0.4,0.6261306532663315,0
37,0,2,5,1,4,0,36,6,5,4,0.0,647,791.3,0.889,0.2446607500715717,64,0.684,0.4522613065326633,0
43,0,3,3,0,4,0,38,3,3,3,0.17067994449432702,0,7084.0,0.523,0.10060120240480962,44,0.294,0.0,1
49,1,3,1,2,1,0,37,5,2,3,0.08814699933792255,0,4354.0,0.738,0.12711136558831948,59,0.686,0.0,1
53,1,3,3,1,0,0,36,3,1,3,0.596767610807281,1796,19382.0,1.182,0.076839393071858,59,1.107,0.08542713567839195,0
61,1,0,3,2,1,0,48,3,2,4,0.034273846125939846,1969,603.0,0.644,0.2166046378471228,84,0.787,0.7698492462311557,0
47,1,3,2,2,3,0,36,3,1,2,0.18086807728469637,0,7421.0,0.708,0.218894932722588,75,0.786,0.0,0
43,1,4,2,1,3,0,35,3,2,3,0.056403558893151594,2517,787.0,0.741,0.8036072144288577,120,0.818,0.7658291457286431,0
57,1,2,5,2,2,3,49,4,3,3,0.9294388666684806,0,32182.0,0.52,0.08056112224448898,46,0.704,0.0,1
39,0,2,1,1,4,0,36,5,2,4,0.2001257644878574,791,7267.0,1.787,0.12665330661322644,42,2.0,0.09849246231155778,0
51,0,3,0,1,4,0,36,3,2,3,0.3375899775377369,1449,11156.0,0.703,0.07672487832808474,56,0.647,0.11557788944723618,0
47,0,3,5,1,4,0,32,4,3,2,0.041801576288556956,951,1870.0,0.577,0.05279129687947323,38,1.923,0.33869346733668343,0
48,1,3,0,1,1,0,34,2,2,1,0.014351058265840738,1405,508.0,0.699,0.3856283996564558,80,0.905,0.7376884422110552,0
47,1,4,2,1,1,0,34,2,3,6,0.23102271318743448,2174,6906.0,0.653,0.08977955911823647,46,0.586,0.2402010050251256,1
44,1,3,2,1,2,0,34,5,3,3,0.38584000701378873,0,14201.0,0.574,0.09693673060406528,47,0.679,0.0,1
31,0,0,4,2,4,0,36,3,3,1,0.7553336537909227,0,26423.0,0.671,0.7469224162610936,108,0.77,0.0,0
55,0,4,0,2,4,0,36,5,3,3,0.19202362921243016,753,7037.0,0.968,0.24649298597194388,84,0.826,0.09748743718592964,0
43,0,4,2,1,4,0,35,3,3,0,0.1514524891392086,1464,4984.0,0.615,0.40171772115659893,88,0.63,0.22814070351758792,0
47,0,5,3,2,4,0,33,5,2,2,0.02209041136475632,1330,839.0,0.905,0.1891210993415402,64,1.065,0.6160804020100502,0
49,0,4,2,1,4,0,40,5,1,1,0.20326987668429186,1704,6458.0,0.819,0.21780704265674203,80,0.739,0.21005025125628138,0
42,1,3,1,2,2,0,36,6,1,3,0.30524190013211316,1527,10008.0,0.664,0.18322359003721728,67,0.718,0.13266331658291458,0
64,0,0,3,2,4,0,56,6,6,1,0.035392424503517476,1115,1494.0,0.753,0.2299456054967077,59,0.903,0.42914572864321604,0
53,0,1,2,1,4,0,39,5,2,4,0.03481801939070734,1564,1026.0,0.386,0.03767535070140281,40,0.6,0.6070351758793969,0
44,0,3,3,2,4,0,33,3,3,3,0.11862070216490267,1984,3378.0,0.664,0.19015173203549957,87,0.642,0.371859296482412,0
34,1,0,2,1,1,0,17,4,1,4,0.036269148096754016,2092,546.0,0.591,0.07661036358431147,43,0.344,0.7969849246231155,0
34,1,3,5,1,2,0,24,3,1,4,0.20342103592450506,1740,6427.0,1.455,0.09224162610936158,51,0.7,0.21407035175879394,0
41,0,4,2,2,4,0,24,3,3,1,0.019067226560492416,1393,676.0,0.875,0.25376467220154597,70,0.75,0.6763819095477387,0
51,1,3,3,2,0,0,36,5,1,4,0.5835562932126478,2504,18237.0,0.8,0.07374749498997996,51,1.04,0.121608040201005,0
48,1,2,1,2,0,0,41,5,2,1,0.5656288073233628,1084,19064.0,0.79,0.19415974806756367,74,0.542,0.054271356783919596,0
47,1,5,4,1,1,0,36,4,3,2,0.1392085906819398,0,6043.0,0.627,0.21334096764958488,78,0.529,0.0,0
40,0,4,2,1,1,0,30,5,2,2,0.02199971582062841,1465,701.0,0.857,0.2614944174062411,82,0.673,0.6793969849246231,0
45,0,3,3,1,4,0,33,1,2,3,0.08270526669024753,2507,1667.0,0.832,0.42227311766389924,86,0.755,0.6040201005025125,0
55,1,2,0,0,0,0,45,6,2,1,0.7645845992919702,1052,25677.0,1.034,0.20669911251073575,69,0.816,0.03919597989949748,0
62,0,0,2,1,4,0,52,6,1,1,0.037629581258672766,1707,976.0,1.254,0.06023475522473519,33,0.941,0.6391959798994974,0
46,0,4,3,1,4,0,36,3,3,4,0.0,981,457.3,0.663,0.03343830518179215,33,0.65,0.685427135678392,0
55,1,3,0,1,2,0,36,5,4,4,0.024599654752295357,1737,515.0,0.685,0.043572860005725744,27,0.5,0.7748743718592964,0
65,0,0,2,1,4,0,53,5,3,5,0.08231225266569323,2491,1670.0,0.41,0.03853421127970226,30,0.579,0.6020100502512562,0
44,1,5,2,1,2,3,38,3,2,2,0.9699193111975742,928,32593.0,0.732,0.20526767821356998,66,0.535,0.028140703517587937,0
45,0,5,2,2,4,0,36,4,2,0,0.03750865386650221,1558,1121.0,0.997,0.24196965359290004,73,0.553,0.5849246231155778,0
52,1,3,0,1,0,0,47,3,2,4,0.14864092727124317,0,6355.0,0.711,0.19919839679358717,74,0.947,0.0,0
39,1,2,3,2,0,0,22,5,2,2,0.7462943312261735,0,26124.0,0.735,0.21007729745204692,92,0.586,0.0,0
53,1,4,2,2,0,0,48,3,3,4,1.0000000000000002,278,34238.0,0.817,0.14308617234468937,49,0.4,0.008040201005025125,1
26,0,0,4,2,4,0,13,5,3,2,0.04425035598001071,1668,1234.0,0.621,0.08920698539937016,34,0.478,0.5778894472361809,0
50,0,1,1,1,4,0,40,3,3,1,0.03185529828252872,1410,1082.0,0.835,0.22009733753220725,75,0.974,0.5688442211055276,0
57,0,2,2,1,1,0,47,5,2,2,0.09806304549590814,1010,3672.0,0.638,0.21711995419410246,83,0.694,0.21708542713567838,0
47,1,2,5,1,3,0,41,1,2,1,0.3602940954177588,1497,11859.0,0.753,0.48285141711995416,105,0.694,0.11256281407035175,0
41,0,3,2,1,4,0,36,1,1,1,0.10589309413895165,1040,3901.0,0.765,0.4065845977669625,91,0.596,0.21105527638190952,0
43,1,3,1,2,1,0,35,2,6,3,0.10676981773218816,1588,3382.0,0.669,0.22364729458917834,83,0.804,0.32160804020100503,0
48,0,1,2,2,4,0,38,3,2,2,0.6520616608772678,1239,21768.0,0.713,0.1640423704551961,63,0.465,0.054271356783919596,0
48,1,1,2,1,3,0,44,6,1,3,0.04467360185260765,0,2916.0,0.792,0.2179215574005153,72,0.714,0.0,0
46,1,4,4,1,1,0,36,1,2,2,0.02360200376688828,1180,1039.0,0.768,0.4669911251073576,91,0.625,0.5346733668341709,0
53,1,2,2,2,2,0,45,5,1,2,0.6384875611061229,818,21740.0,0.987,0.19038076152304606,70,0.591,0.03618090452261306,0
42,1,3,3,1,3,0,36,2,3,3,0.5060418348313214,841,17336.0,0.888,0.4570283423990839,94,0.679,0.046231155778894466,0
60,1,1,5,1,4,0,36,1,3,4,0.05676634106966325,0,3316.0,0.372,0.06607500715717149,19,0.188,0.0,1
60,0,0,3,1,4,0,36,1,1,3,0.08188900679309627,2262,1885.0,0.565,0.8069853993701689,111,0.79,0.5477386934673367,0
61,1,0,5,2,3,0,48,6,2,2,0.6137579094072442,0,21740.0,0.676,0.07014028056112225,54,0.543,0.0,0
38,0,3,5,1,1,0,36,5,5,3,0.11653470464996057,1030,4263.0,0.863,0.22026910964786714,62,0.879,0.19597989949748743,0
39,1,1,0,1,1,0,32,1,1,3,0.10386756032009484,2317,2557.0,0.854,0.4148869166905239,98,0.782,0.4773869346733668,0
48,0,5,3,2,1,0,42,5,1,2,0.031039038385377464,1128,1337.0,0.613,0.2004008016032064,86,0.483,0.4603015075376884,0
47,1,3,2,1,0,0,36,1,3,4,0.07599379642478166,0,3952.0,0.809,0.0879473232178643,37,0.233,0.0,1
54,1,2,2,1,2,0,43,6,3,1,0.1446805551776575,1892,4332.0,0.983,0.09487546521614658,58,0.657,0.30552763819095474,0
36,0,2,5,1,4,0,30,2,1,2,0.10979300253645208,0,5070.0,0.536,0.23555682794159746,85,0.771,0.0,0
53,1,4,3,1,3,0,46,4,2,3,0.4173113608261759,1170,14072.0,0.496,0.07706842255940452,57,0.5,0.07738693467336683,0
57,0,3,0,2,4,0,42,1,1,2,0.018885835472236587,953,1110.0,0.868,0.21608932150014312,81,0.761,0.464321608040201,0
44,0,0,0,1,4,0,40,5,4,2,0.1832261614320222,1083,6416.0,0.716,0.11153736043515604,45,0.667,0.14472361809045223,1
45,0,4,2,1,1,0,34,4,4,2,0.08482149605323225,1066,3178.0,0.606,0.19959919839679358,89,0.854,0.2522613065326633,0
44,1,3,2,1,2,0,32,2,1,1,0.561184725661095,0,20001.0,0.742,0.4330947609504724,96,0.6,0.0,0
43,0,5,5,2,4,0,39,3,2,4,0.05208040462305421,2424,737.0,0.617,0.216261093615803,66,0.784,0.7708542713567839,0
45,0,2,0,0,1,0,27,6,3,2,0.04422012413196807,2384,517.0,0.717,0.18923561408531347,78,0.592,0.8261306532663315,0
43,1,4,2,0,3,0,36,5,1,1,0.5366062332024294,1622,17566.0,0.75,0.21482965931863726,52,0.926,0.08542713567839195,0
49,0,4,2,1,4,0,43,2,2,2,0.04727354078427461,1446,1556.0,0.815,0.24740910392212997,74,0.947,0.48442211055276374,0
41,0,2,5,1,4,0,32,2,5,3,0.13419010390686173,1713,4164.0,0.791,0.8345834526195247,91,0.978,0.2924623115577889,0
32,1,2,3,0,2,0,26,6,1,4,0.024206640727741056,1338,901.0,0.567,0.11085027197251647,60,0.579,0.601005025125628,0
46,1,3,2,0,4,0,36,5,1,3,0.08388430876391045,997,3216.0,0.668,0.04202691096478672,30,0.667,0.2381909547738693,0
39,0,2,5,1,4,3,34,3,3,3,0.391432898901677,2517,11869.0,0.735,0.7355854566275408,114,0.869,0.1758793969849246,0
63,1,1,2,2,2,3,53,5,4,4,0.7274901217436521,1450,24052.0,0.797,0.2171772115659891,81,0.688,0.057286432160804014,0
39,1,3,1,1,2,0,29,3,1,3,0.06344757948708649,2517,1020.0,1.021,0.06155167477812769,43,0.344,0.7155778894472361,0
52,1,2,3,2,3,0,44,3,2,4,0.8086324018900952,1308,26878.0,0.679,0.1330088748926424,64,0.73,0.046231155778894466,0
42,0,2,1,1,4,0,30,4,3,5,0.4047953757365234,1513,13315.0,0.748,0.8612653879186946,113,0.614,0.10251256281407034,0
46,1,2,3,0,0,0,34,3,2,4,0.06713586494828844,1381,2278.0,0.669,0.9002004008016032,112,0.623,0.378894472361809,0
57,0,4,3,1,4,0,47,5,3,4,0.052987360064333376,2517,674.0,0.719,0.05559690810191813,35,0.591,0.792964824120603,0
38,0,3,5,1,4,0,23,6,2,2,0.1271763151609695,0,5645.0,1.05,0.05708559977097051,32,0.455,0.0,0
43,1,3,2,1,0,0,36,3,2,2,0.6490082442249613,1132,21774.0,0.942,0.15310621242484967,64,0.73,0.04924623115577889,0
37,0,2,3,1,4,0,36,3,2,1,0.03475755569462206,1782,806.0,0.546,0.20778700257658173,83,0.766,0.6924623115577888,0
50,0,1,4,1,4,0,43,3,1,3,0.05833839716788048,844,2524.0,0.838,0.08542799885485255,59,0.686,0.2522613065326633,0
46,0,3,0,2,4,0,42,3,2,4,0.18676328765301095,1251,6365.0,0.581,0.08451188090466648,52,0.405,0.16482412060301507,0
46,1,3,3,1,2,0,35,4,3,3,0.40095593103510824,1635,13066.0,0.618,0.16948182078442597,69,0.533,0.11155778894472361,0
34,1,2,5,2,0,0,13,6,3,2,0.08860047705856214,2049,2320.0,0.865,0.15625536787861435,80,0.6,0.4713567839195979,0
44,0,4,0,1,4,0,36,6,3,2,0.0,0,1438.3,0.651,0.2133982250214715,89,0.648,0.0,0
47,0,2,3,2,4,0,39,5,3,2,0.004283852867641949,620,960.0,0.746,0.22066991125107357,70,0.522,0.39396984924623113,0
43,1,3,3,1,2,0,35,2,3,2,0.06888931213476149,1882,1835.0,0.796,0.23687374749498993,91,0.82,0.5085427135678392,0
48,1,4,2,2,3,0,36,4,1,4,0.0029536515537658334,1017,519.0,0.589,0.1881477240194675,71,0.449,0.6653266331658291,0
40,0,3,3,1,4,0,31,5,2,4,0.09969556529021065,945,3791.0,0.835,0.19450329229888347,73,0.659,0.20100502512562812,0
61,1,0,3,2,1,0,49,6,1,4,0.020669514506752286,975,1147.0,0.807,0.26876610363584313,85,0.667,0.46130653266331656,0
49,1,1,1,1,2,0,36,4,6,3,0.6868887498223879,1196,22963.0,0.712,0.03326653306613227,24,1.0,0.05025125628140703,0
56,1,4,2,0,2,0,36,6,3,3,0.1446805551776575,0,6224.0,0.92,0.48376753507014025,68,0.581,0.0,1
32,0,2,5,2,4,0,25,3,2,1,0.05304782376041866,1533,1660.0,0.936,0.22267391926710564,75,0.786,0.48241206030150746,0
39,0,3,2,0,4,0,25,3,1,1,0.12261130610653101,1356,4138.0,0.463,0.17383338104780988,81,0.884,0.24824120603015074,0
46,0,4,4,1,4,0,37,5,3,2,0.07058229562514928,1972,1801.0,0.783,0.05714285714285715,25,1.083,0.5256281407035176,0
47,0,3,2,2,4,0,36,4,1,4,0.04110624378357625,1963,835.0,0.805,0.21328371027769824,64,0.561,0.7055276381909547,0
38,0,3,2,2,4,0,32,5,1,0,0.7711146784691801,727,26218.0,0.687,0.06006298310907529,40,0.6,0.027135678391959798,0
52,1,2,2,2,1,0,41,1,2,2,0.23761325606072978,1898,7400.0,0.655,0.4521614657887203,87,0.776,0.20502512562814068,0
52,1,3,2,1,3,0,46,4,2,3,0.41032780392832635,2517,12494.0,0.713,0.07391926710563985,36,0.385,0.16884422110552763,1
57,1,3,2,2,0,0,52,6,4,3,1.0000000000000002,1000,33516.0,0.694,0.07139994274262812,37,0.542,0.02914572864321608,1
41,1,3,5,1,2,0,30,3,1,2,0.015469636643418383,1618,332.0,0.75,0.16186659032350414,47,0.88,0.8341708542713566,0
51,1,1,2,1,0,0,39,2,3,2,1.0000000000000002,2452,32064.0,0.707,0.3768107643859147,82,0.608,0.07135678391959797,0
32,1,0,3,2,2,0,36,1,1,1,0.1446805551776575,1965,4259.0,0.739,0.7500715717148583,124,0.699,0.3175879396984924,0
44,1,1,0,2,1,0,40,6,1,2,0.08572845149451142,1680,2594.0,0.78,0.2456341253936444,60,0.765,0.3949748743718593,0
50,0,2,2,2,4,0,44,1,1,1,0.04010859279816916,0,2765.0,0.465,0.19925565416547378,59,0.513,0.0,0
38,0,2,1,1,4,0,33,4,3,3,0.18416334872134402,1336,6194.0,0.749,0.8124248496993988,115,0.855,0.1778894472361809,0
39,1,1,2,1,2,0,31,4,1,1,0.03318549959640483,913,1623.0,1.059,0.0698539937016891,35,1.333,0.3618090452261306,0
42,1,3,3,2,1,0,35,4,3,3,0.05525474866753131,1900,1366.0,1.568,0.09464643572860006,56,0.75,0.5849246231155778,0
41,1,5,2,1,3,0,37,1,3,2,0.33677371764058567,2517,10061.0,0.875,0.4484397366160893,82,0.64,0.20100502512562812,0
43,1,4,5,1,0,3,36,1,2,1,1.0000000000000002,1816,32700.0,0.995,0.8414543372459204,113,0.712,0.05326633165829145,0
42,0,2,2,2,4,0,36,5,3,4,0.007790747240588078,0,1696.0,0.666,0.22141425708559972,70,0.628,0.0,0
43,1,5,2,1,2,0,35,4,3,0,0.6090719729606351,986,20599.0,0.631,0.18660177497852848,70,0.75,0.046231155778894466,0
37,0,3,2,2,4,0,24,2,3,2,0.01861374883985284,0,2054.0,0.87,0.11663326653306612,43,0.593,0.0,1
31,1,1,0,2,1,0,36,3,1,2,0.29236313286594895,2045,9064.0,0.625,0.7705697108502719,92,0.84,0.18492462311557786,0
53,0,2,2,2,4,0,36,6,2,1,0.0031652744900643112,1041,502.0,0.92,0.21654738047523617,84,0.647,0.6783919597989949,0
49,0,0,2,1,4,0,30,3,2,0,0.005009417220665287,1112,492.0,0.618,0.21316919553392497,68,0.744,0.6964824120603014,0
26,1,0,2,2,4,0,21,4,3,2,0.0044350121078551435,1535,50.0,0.462,0.10128829086744918,49,0.485,0.97286432160804,0
51,0,2,2,1,4,0,36,3,1,3,0.05041765298070907,1304,1802.0,0.604,0.047981677640996284,38,0.407,0.42211055276381904,0
63,0,1,3,1,4,0,56,6,1,3,0.04887582873053448,1685,1370.0,0.541,0.0501002004008016,40,0.481,0.5547738693467337,0
45,0,3,2,0,4,0,36,2,3,2,0.33157383977725174,1980,10426.0,0.791,0.43418265101631837,90,0.5,0.16080402010050251,0
53,0,2,2,2,4,0,49,4,2,3,0.14014577797126163,0,6074.0,0.697,0.21603206412825648,77,0.674,0.0,0
52,0,3,2,1,4,0,39,3,3,2,0.0826750348422049,1771,2402.0,0.711,0.11588892069853994,47,0.516,0.4261306532663316,1
53,1,3,0,2,0,0,36,6,2,0,1.0000000000000002,1901,32615.0,0.914,0.055367878614371605,43,1.15,0.055276381909547735,0
36,0,4,0,1,4,0,18,4,3,2,0.07520776837567306,1760,2166.0,0.874,0.24964214142570854,92,0.704,0.450251256281407,0
44,0,3,2,2,4,0,37,3,2,1,0.09869791430480357,1555,3148.0,0.932,0.20595476667620954,89,0.648,0.33266331658291454,0
42,1,4,2,1,2,0,36,3,2,2,0.16037088431178712,1737,5006.0,0.598,0.08038935012882908,30,0.579,0.25929648241206027,1
35,1,3,2,2,3,0,25,3,2,3,0.15332686371785223,2055,4455.0,1.042,0.09779559118236474,49,0.531,0.3175879396984924,0
46,0,4,2,1,4,0,39,4,3,3,0.05498266203514756,0,3257.0,0.757,0.20108789006584596,85,0.848,0.0,0
46,1,5,3,1,1,0,37,6,2,1,0.028318172061539963,1196,1179.0,0.641,0.20366447180074432,66,0.833,0.5065326633165829,0
65,1,0,2,2,4,0,56,6,1,3,0.0386574640921225,0,2717.0,0.736,0.15001431434297163,59,0.475,0.0,0
32,0,1,4,1,4,0,20,5,2,3,0.024055481487527862,1865,369.0,0.732,0.09075293444030919,59,0.439,0.8391959798994973,0
60,0,0,0,2,4,0,48,5,1,3,0.0,0,1438.3,0.653,0.20463784712281705,83,0.729,0.0,0
56,0,2,2,2,1,0,37,2,2,3,0.046094498710611685,0,2963.0,0.902,0.13678786143716,47,0.382,0.0,1
45,0,4,2,1,4,0,38,6,3,2,0.12530194058232588,0,5583.0,0.748,0.15957629544803892,71,0.821,0.0,0
39,1,3,3,1,3,0,27,1,3,1,0.5354574229768092,1093,18057.0,0.716,0.44643572860005726,85,0.545,0.057286432160804014,0
44,0,4,2,1,4,0,39,1,1,1,0.040289983886425,1779,992.0,0.841,0.44305754365874606,73,0.698,0.6452261306532663,0
54,1,3,4,2,2,0,35,6,3,0,0.350982686220626,1954,11094.0,1.139,0.036644718007443455,24,0.846,0.1507537688442211,0
39,0,1,5,2,4,0,35,5,3,0,0.018855603624193952,1302,760.0,0.631,0.18637274549098196,63,0.75,0.6341708542713568,0
44,1,3,2,1,3,0,33,3,3,3,1.0000000000000002,0,34516.0,0.483,0.033781849413111936,27,0.35,0.0,0
34,1,4,2,1,1,0,26,3,2,4,0.12400197111649239,1240,4300.0,0.843,0.056913827655310625,31,0.824,0.2251256281407035,0
54,0,0,1,2,4,0,36,4,3,2,0.03838537745973874,0,2708.0,0.673,0.10254795304895505,45,0.552,0.0,1
42,1,1,5,1,3,0,36,6,1,2,0.23607143181055515,710,8537.0,0.735,0.03778986544517607,30,0.5,0.07738693467336683,0
38,0,2,3,2,4,0,20,4,3,3,0.029678605223458714,676,1744.0,0.782,0.1855138849126825,76,0.81,0.2804020100502513,0
62,0,0,2,2,4,0,53,5,2,2,0.035604047439815954,801,1815.0,0.719,0.2361866590323504,68,0.511,0.307537688442211,0
59,0,2,5,2,4,0,54,5,1,2,0.23900392107069116,1334,8010.0,0.375,0.20750071571714856,60,0.818,0.1437185929648241,0
38,1,2,3,1,2,0,26,4,1,3,0.1323157293282181,1698,4117.0,0.896,0.06149441740624105,42,0.448,0.29346733668341707,0
38,0,4,2,1,4,0,30,5,1,2,0.05156646320632934,2216,928.0,0.741,0.23973661608932148,75,0.562,0.708542713567839,0
54,0,1,5,2,1,0,43,1,3,2,0.24447588556640884,2517,7008.0,0.669,0.2447180074434583,79,0.881,0.26532663316582916,0
45,0,3,3,1,1,0,30,5,2,2,0.33003201552707717,0,12355.0,0.912,0.029430289149728023,28,0.273,0.0,1
56,0,3,2,2,4,0,36,4,2,2,0.04225505400919654,1362,1474.0,0.661,0.20967649584884052,90,0.731,0.48241206030150746,0
35,0,1,3,1,4,0,36,2,3,2,0.09135157523044227,0,4460.0,0.916,0.2830231892356141,79,0.756,0.0,0
57,0,1,2,2,1,0,48,5,1,0,0.2876469645712973,1945,9008.0,0.886,0.042771256799312915,29,0.526,0.17889447236180903,0
38,1,2,5,2,3,0,33,1,4,4,0.9522941437887157,2089,30849.0,0.72,0.03475522473518465,26,0.238,0.06331658291457286,1
56,1,2,2,1,1,0,45,5,2,1,0.0,0,1438.3,0.913,0.2171772115659891,77,0.571,0.0,0
57,0,1,5,2,4,0,46,2,3,3,0.2325040737415238,0,9129.0,0.733,0.4124248496993988,81,0.884,0.0,1
58,0,1,4,2,4,0,36,6,2,4,0.0,0,1438.3,0.657,0.24002290294875464,89,0.745,0.0,0
37,1,4,4,1,1,0,27,5,1,4,0.16387777868473324,1766,5093.0,1.186,0.14400229029487546,56,0.697,0.25829145728643216,0
65,1,1,5,1,1,0,56,3,3,2,0.03112973392950539,2021,447.0,0.906,0.07254509018036072,46,0.586,0.8231155778894471,0
28,1,1,2,1,1,0,15,5,2,4,0.2371597783400902,2288,6995.0,0.928,0.7600343544231319,110,0.719,0.2472361809045226,0
37,0,2,3,1,1,0,26,3,2,3,0.04558055729388683,2517,429.0,0.841,0.2707701116518752,89,0.78,0.8582914572864321,0
60,0,1,5,1,4,3,54,2,2,3,0.3514059320932229,1731,11331.0,0.936,0.7488691669052391,108,0.565,0.13366834170854272,0
28,1,0,3,2,4,0,36,6,3,4,0.025899624218128837,1015,1280.0,1.04,0.1623819066704838,82,0.708,0.44422110552763816,0
44,0,4,2,0,4,0,30,4,3,2,0.01066277280463878,1314,477.0,0.725,0.2621815058688806,79,0.756,0.7376884422110552,0
57,0,4,1,1,4,0,47,4,3,3,0.1785704568334558,1814,5531.0,0.472,0.049241339822502145,30,0.25,0.24824120603015074,0
42,0,3,5,2,4,0,38,4,1,4,0.00301411524985111,868,670.0,0.828,0.26899513312338963,61,0.694,0.5668341708542712,0
40,0,2,2,1,4,0,29,5,2,2,0.5267506507405292,2105,16757.0,0.832,0.22439164042370455,86,0.686,0.11256281407035175,0
54,1,1,0,1,3,0,48,6,1,5,0.3244088917911463,1935,10234.0,0.435,0.061208130546807904,38,0.652,0.15979899497487435,0
43,1,3,0,0,3,0,32,6,3,2,0.17654492301459898,0,7278.0,0.618,0.09103922129974235,43,0.593,0.0,1
64,1,1,5,2,4,0,51,6,3,1,0.034243614277897204,1210,1361.0,0.972,0.17847122817062694,59,0.686,0.4733668341708542,0
43,1,3,1,1,3,0,27,4,2,2,0.0676498063650133,673,3003.0,0.629,0.808531348411108,105,0.78,0.18391959798994972,0
36,0,1,2,1,4,0,22,5,2,3,0.0,790,648.3,0.615,0.19633552819925565,59,0.735,0.5517587939698493,0
35,0,1,5,2,4,3,27,4,3,2,1.0000000000000002,0,34516.0,0.682,0.11634697967363299,62,0.722,0.0,0
38,0,3,3,2,4,0,36,1,3,2,0.11553705366455347,1706,3554.0,0.359,0.0922988834812482,57,0.676,0.3256281407035176,1
30,0,0,3,2,4,0,36,5,1,1,0.0029536515537658334,801,735.0,0.944,0.19318637274549097,74,0.897,0.5236180904522613,0
50,1,2,0,1,3,0,39,6,4,2,0.06553357700202855,1862,1744.0,0.689,0.17394789579158315,92,0.804,0.5185929648241205,0
44,1,3,2,1,3,0,38,3,1,4,0.08343083104327087,1782,2416.0,1.526,0.08708846263956484,36,1.0,0.4261306532663316,0
40,0,3,2,0,4,0,36,6,1,0,0.027501912164388707,1061,1287.0,1.062,0.07849985685657028,27,1.25,0.45427135678391956,0
45,1,2,2,1,0,0,41,4,3,1,0.4539221288058118,1660,14793.0,0.629,0.8148869166905239,108,0.742,0.10150753768844221,0
47,0,4,2,1,4,0,33,6,3,1,0.2804215528891066,2407,8307.0,0.378,0.21746349842542226,71,0.543,0.22613065326633164,0
55,0,3,0,2,4,0,42,5,2,1,0.0,0,1438.3,0.612,0.23647294589178355,87,0.891,0.0,0
53,0,1,3,1,1,0,44,3,3,3,0.011418569005704753,0,1816.0,0.884,0.11130833094760952,44,0.692,0.0,1
49,0,3,2,1,4,0,36,3,1,2,0.030706488056908433,2060,394.0,0.804,0.1859146865158889,75,0.596,0.8432160804020099,0
51,1,1,3,1,3,0,41,6,1,2,0.14836884063885944,578,5768.0,0.55,0.18935012882908672,85,0.604,0.09145728643216079,0
27,1,0,2,1,1,0,36,3,2,4,0.3033675255534696,829,10644.0,0.707,0.09258517034068137,41,0.519,0.07236180904522611,0
53,1,3,5,0,2,0,33,4,2,2,0.36504049556045315,1495,12018.0,0.505,0.17022616661895218,68,0.511,0.11155778894472361,0
37,0,3,5,2,4,0,29,4,4,2,0.16928927948436562,1801,5237.0,0.751,0.10357858574291441,57,0.966,0.257286432160804,0
65,0,0,0,2,4,3,56,3,4,3,0.2855911989043978,1758,9127.0,0.8,0.10083023189235614,39,0.773,0.1628140703517588,1
41,0,3,5,1,4,0,29,5,3,3,0.04787817774512739,1142,1880.0,0.403,0.037446321213856285,21,0.615,0.3798994974874372,0
48,1,3,2,2,3,0,44,5,1,3,0.4642311889883517,1527,15267.0,0.912,0.2009733753220727,76,0.689,0.09145728643216079,0
45,1,2,2,1,3,0,36,5,2,3,0.5339155987266346,2517,16582.0,0.628,0.2466075007157171,77,0.75,0.13266331658291458,0
53,1,2,0,2,3,0,42,4,2,2,0.004132693627428755,0,1575.0,1.32,0.2124821070712854,77,0.974,0.0,0
42,1,3,2,2,2,0,38,5,1,1,0.14752234889366553,1397,4921.0,0.517,0.20818780417978813,86,0.755,0.22211055276381908,0
42,0,3,2,1,4,0,32,3,1,2,0.17324965157795133,902,6267.0,0.834,0.0519896936730604,35,0.591,0.12663316582914572,0
51,1,2,5,1,0,0,40,1,3,1,0.2885841518606191,1429,9555.0,0.751,0.41912396221013454,85,0.635,0.13065326633165827,0
42,1,3,3,2,1,0,37,3,3,3,0.024448495512082162,1045,1202.0,0.952,0.04408817635270541,31,0.55,0.4673366834170854,0
47,0,4,2,1,4,0,34,6,2,4,0.029799532615629266,0,2424.0,0.662,0.19238476953907813,66,0.65,0.0,0
38,1,4,3,2,3,1,36,6,1,3,1.0000000000000002,1140,33376.0,0.815,0.052390495276266824,45,0.957,0.033165829145728645,0
41,0,2,0,1,4,0,36,5,5,1,0.0,0,1438.3,0.686,0.23103349556255368,84,0.714,0.0,0
39,0,1,2,2,4,0,28,3,2,1,0.0,0,1438.3,0.799,0.20858860578299454,82,0.64,0.0,0
44,1,3,2,1,0,0,32,4,2,2,1.0000000000000002,1344,33172.0,0.523,0.24420269109647866,92,0.673,0.03919597989949748,0
44,1,1,0,0,3,3,39,2,3,2,1.0000000000000002,2361,32155.0,0.529,0.07575150300601202,36,0.385,0.06834170854271357,1
56,1,3,3,1,2,0,36,5,1,3,0.23543656300165974,1233,7993.0,1.521,0.06275407958774692,29,1.636,0.13467336683417086,0
49,1,3,2,1,2,0,36,6,3,3,0.18177503272597553,1542,5909.0,0.684,0.2536501574577727,97,0.565,0.2080402010050251,0
31,0,1,0,0,4,0,27,4,6,3,0.06677308277177676,1480,2167.0,0.76,0.09968508445462353,60,0.364,0.40804020100502514,0
49,0,5,3,1,4,3,36,6,2,2,1.0000000000000002,2019,32497.0,0.614,0.18837675350701402,72,0.532,0.05829145728643216,0
32,1,0,2,2,1,0,21,6,1,3,0.005311735701091676,925,689.0,0.598,0.12190094474663614,63,0.75,0.5758793969849245,0
38,1,3,2,1,2,0,28,3,1,2,0.09697469896637315,1680,2966.0,1.238,0.09756656169481821,35,0.667,0.3638190954773869,0
56,0,2,1,1,4,0,51,4,6,5,0.0,0,1438.3,0.699,0.09728027483538505,40,0.6,0.0,1
50,1,3,5,2,3,0,35,1,2,1,0.5309226457704134,2389,16611.0,0.81,0.4084740910392213,74,0.721,0.12663316582914572,0
43,1,3,2,1,0,0,33,3,1,3,1.0000000000000002,2129,32387.0,0.587,0.05342112797022616,38,0.583,0.06231155778894472,0
57,0,3,5,1,4,0,47,5,3,3,0.03255063078750942,1922,593.0,1.181,0.09739478957915833,58,0.611,0.7678391959798995,0
54,1,4,2,1,2,0,49,3,1,2,0.11580914029693723,1099,4170.0,1.178,0.09533352419123962,63,0.969,0.21005025125628138,0
43,1,3,2,2,3,0,33,3,3,2,0.4508384803054626,1541,14810.0,0.763,0.16862296020612652,82,0.673,0.09447236180904522,0
30,0,1,2,2,4,0,18,4,2,1,0.0,0,1438.3,0.6,0.21711995419410246,68,0.619,0.0,0
45,0,3,5,1,4,0,36,4,4,3,0.1453154239865529,0,6245.0,0.554,0.11399942742628112,50,0.667,0.0,0
37,0,3,2,2,1,0,25,2,2,3,0.2550570323813324,1239,8636.0,0.939,0.4803893501288291,105,0.694,0.12562814070351758,0
56,1,4,2,2,3,0,36,5,3,2,0.019339313192876177,1696,382.0,0.562,0.2205553965073003,82,0.783,0.8201005025125627,0
49,0,3,5,2,4,0,36,4,2,3,0.07306130716464568,211,3644.0,0.485,0.0683653020326367,34,0.308,0.055276381909547735,1
65,0,0,2,0,4,0,50,3,3,3,0.18286337925551052,1953,5534.0,0.891,0.20269109647867162,63,0.658,0.2623115577889447,0
49,0,1,2,0,1,0,40,3,2,3,0.0,0,1438.3,0.675,0.1921557400515316,77,0.75,0.0,0
54,1,4,2,1,0,0,36,2,3,5,0.18881905331991042,0,7684.0,0.61,0.4086458631548812,68,0.789,0.0,1
56,0,4,2,1,4,0,46,5,3,2,0.0856377559503835,1150,3121.0,1.064,0.08714572001145147,50,0.724,0.27035175879396983,0
41,1,3,5,2,3,0,28,1,3,3,0.17243339168080007,1917,5225.0,0.727,0.42152877182937304,83,0.729,0.2693467336683417,0
44,0,3,2,2,4,0,37,3,2,3,0.013958044241286431,0,1900.0,0.864,0.10123103349556255,45,0.452,0.0,1
53,0,2,0,2,4,0,48,2,2,2,0.20620236594442784,1182,7077.0,0.822,0.425250501002004,88,0.544,0.1437185929648241,0
47,0,3,2,0,4,0,41,1,1,3,0.25723372544040246,2496,7451.0,0.802,0.8042370455196106,110,0.774,0.2522613065326633,0
47,0,3,1,1,4,0,36,4,3,4,0.0,772,666.3,1.451,0.0984826796450043,40,0.905,0.5396984924623115,0
49,1,1,2,2,2,0,40,6,3,3,0.1524501401246157,1569,4912.0,0.692,0.8821643286573146,119,0.803,0.24321608040201,0
49,1,2,2,1,2,0,32,2,2,2,0.007518660608204324,1107,580.0,1.715,0.06527340395075866,17,2.4,0.6592964824120603,0
32,1,3,2,1,2,0,36,1,1,1,0.053954779201697826,1413,1810.0,1.009,0.7511022044088176,103,0.635,0.4402010050251256,0
39,0,2,1,0,4,0,32,1,2,2,0.06396152090381133,747,2807.0,0.621,0.2646435728600057,90,0.765,0.21105527638190952,0
56,0,1,0,2,4,0,43,3,2,2,0.04255737248962293,0,2846.0,0.747,0.0911537360435156,44,0.419,0.0,1
53,0,1,0,1,1,0,35,4,3,3,0.06489870819313315,0,3585.0,0.782,0.2448325221872316,81,0.653,0.0,0
40,0,1,2,1,4,0,26,2,3,1,0.05836862901592312,756,2613.0,0.446,0.2273690237618093,96,0.714,0.2251256281407035,0
51,1,2,3,1,2,0,46,5,3,2,0.08116344244007292,1760,2363.0,0.869,0.1097623819066705,40,0.429,0.42914572864321604,1
48,0,1,5,1,4,0,38,5,2,2,0.0,0,1438.3,0.574,0.09395934726596049,38,0.462,0.0,1
38,0,3,3,1,4,0,36,5,3,3,0.0468805267597203,2387,602.0,0.437,0.09235614085313484,67,0.558,0.8030150753768844,1
41,1,4,5,2,3,0,30,3,3,4,0.39427469261768505,0,14480.0,0.703,0.06218150586888062,43,0.654,0.0,0
44,1,1,3,1,3,1,36,2,2,3,1.0000000000000002,0,34516.0,0.596,0.07792728313770397,34,0.214,0.0,1
55,1,4,4,2,2,0,36,3,2,1,0.10761630947738207,1626,3372.0,0.695,0.2175207557973089,61,0.694,0.3266331658291457,0
33,0,2,3,1,4,0,27,3,2,3,0.17373336114663354,0,7185.0,1.504,0.12304609218436872,45,0.8,0.0,0
47,1,4,2,1,3,0,34,6,3,3,0.5060720666793641,0,18178.0,0.922,0.07483538505582593,37,0.682,0.0,0
32,1,1,3,0,2,0,13,3,3,3,0.3379225278662059,0,12616.0,1.054,0.048439736616089316,29,0.611,0.0,1
44,0,4,0,2,4,0,31,3,3,2,0.05410593844191102,0,3228.0,0.747,0.22868594331520184,70,0.667,0.0,0
55,1,2,1,1,2,0,36,3,4,3,0.4531361007567032,1682,14745.0,0.631,0.06006298310907529,36,1.118,0.10251256281407034,0
60,1,2,3,1,4,0,41,5,2,4,0.04742470002448781,1664,1343.0,0.34,0.05410821643286573,31,0.632,0.5557788944723618,0
34,1,3,4,1,2,3,23,4,3,0,0.7942420422217991,0,27710.0,0.777,0.1994846836530203,73,0.659,0.0,0
40,0,4,5,1,4,0,27,5,3,1,0.10126762138842788,1088,3700.0,0.808,0.22376180933295162,78,0.95,0.22814070351758792,0
52,0,2,5,1,4,0,43,3,3,3,0.16502658891035352,640,6257.0,1.052,0.12888634411680502,57,0.839,0.09346733668341707,0
47,0,1,1,0,4,0,37,6,3,3,0.03835514561169611,1367,1340.0,0.794,0.23567134268537074,73,0.78,0.507537688442211,0
33,0,2,2,2,4,0,19,3,2,3,0.11193946374747943,1737,3404.0,0.985,0.30512453478385343,82,0.783,0.33969849246231154,0
27,0,2,0,0,4,0,14,4,3,3,0.03357851362095914,2130,419.0,0.693,0.1188090466647581,61,0.794,0.8402010050251255,0
60,0,1,2,2,1,0,42,3,2,1,0.05731051433443076,1151,2183.0,0.752,0.2439736616089321,101,0.629,0.3467336683417085,0
41,0,3,3,1,4,0,36,6,2,3,0.027834462492857738,1509,850.0,1.1,0.2692241626109362,78,0.814,0.6432160804020101,0
37,1,3,5,2,1,0,19,3,3,4,0.022604352781481186,1185,1001.0,0.998,0.11932436301173775,67,0.861,0.5447236180904522,0
52,0,1,3,2,1,0,42,1,3,1,0.059789525873927156,1970,1446.0,0.804,0.44225594045233324,75,0.596,0.5798994974874371,0
43,0,4,2,1,4,0,32,6,3,1,0.035845902224157074,1117,1507.0,0.826,0.19461780704265672,67,0.595,0.4281407035175879,0
40,1,3,2,1,0,3,30,6,3,2,1.0000000000000002,964,33552.0,0.521,0.1369596335528199,71,0.775,0.028140703517587937,0
63,1,1,2,1,1,0,53,4,1,2,0.14177829776556414,1895,4233.0,0.583,0.06699112510735757,42,0.355,0.31055276381909547,0
57,1,1,2,1,3,0,36,3,3,3,0.10250712715817606,2418,2411.0,0.601,0.0233610077297452,21,0.4,0.5035175879396985,1
53,0,1,2,1,4,0,43,2,2,2,0.06622890950700927,2517,1112.0,0.735,0.7829945605496708,102,0.759,0.6974874371859295,0
46,1,2,2,1,2,0,34,4,2,0,0.24223872881125355,1280,8171.0,0.681,0.15167477812768393,79,0.975,0.135678391959799,0
49,0,2,3,0,1,0,33,4,2,1,0.17512402615659495,2517,4714.0,0.865,0.19364443172058401,67,0.763,0.34974874371859294,0
37,0,4,3,0,1,0,22,5,1,3,0.034001759493556084,1638,925.0,0.681,0.08783280847409104,46,0.917,0.6422110552763819,0
48,1,3,2,1,3,0,38,3,3,3,0.9088509781514434,0,31501.0,0.698,0.18391067849985684,75,0.786,0.0,0
43,0,0,3,1,4,0,35,1,1,0,0.2104952883664826,1085,7316.0,0.696,0.4103635843114801,98,0.508,0.12964824120603013,0
32,1,0,2,1,1,0,27,3,3,2,0.10208388128557913,1591,3224.0,1.409,0.11285427998854854,36,0.714,0.3316582914572864,0
53,1,3,0,2,2,0,36,5,1,1,0.5593405829304939,2018,17922.0,0.42,0.23841969653592895,75,0.786,0.10150753768844221,0
28,1,0,3,1,4,0,21,5,3,5,0.7309970161165982,1209,24409.0,1.228,0.09315774405954766,49,1.882,0.04723618090452261,0
49,0,3,2,2,4,0,44,3,3,2,0.08844931781834894,1507,2857.0,1.05,0.049355854566275406,38,1.375,0.3467336683417085,0
61,0,0,2,1,4,0,51,4,2,1,0.024539191056210087,1041,1209.0,0.678,0.046321213856284,28,0.867,0.4653266331658291,0
52,0,2,2,1,4,0,40,2,1,3,0.039443492141231114,1705,1038.0,0.605,0.3700543945032923,97,0.54,0.6251256281407035,0
44,1,3,2,1,2,0,37,3,2,3,0.1446805551776575,0,6224.0,0.738,0.05342112797022616,34,0.889,0.0,0
55,1,2,5,2,2,0,36,2,1,1,0.48678414762816036,1337,16203.0,0.734,0.7852275980532494,96,0.6,0.07638190954773869,0
39,1,1,5,1,3,0,26,6,2,3,0.4414363755642019,1220,14820.0,0.862,0.07975951903807615,49,0.4,0.07638190954773869,0
38,0,3,3,1,4,0,31,4,3,2,0.012567379231325039,0,1854.0,0.885,0.2699685084454624,89,0.712,0.0,0
51,0,3,4,0,4,2,34,3,1,2,1.0000000000000002,1578,32938.0,0.725,0.08010306326939594,40,0.481,0.046231155778894466,0
44,1,2,5,2,1,0,28,3,1,2,0.308023230152036,0,11627.0,0.638,0.15654165473804751,67,0.396,0.0,0
40,0,4,5,2,4,0,32,3,1,3,0.04890606057857711,2038,1018.0,0.675,0.24070999141139418,73,0.659,0.6703517587939698,0
39,1,2,5,1,4,0,34,4,2,4,0.0684358344141219,1118,2584.0,1.04,0.11766389922702548,64,0.778,0.30351758793969846,0
48,0,3,3,2,1,0,36,5,3,2,0.07354501673332789,2055,1816.0,0.824,0.2834239908388205,58,0.933,0.5336683417085427,0
41,1,1,5,2,3,0,31,6,2,4,0.02919489565477649,1887,517.0,0.592,0.22668193529916977,75,0.744,0.7889447236180904,0
45,1,2,0,1,3,0,36,6,1,3,0.9125997273087307,0,31625.0,0.559,0.2274835385055826,77,0.674,0.0,0
41,0,4,2,1,1,0,36,3,2,3,0.05262457788782172,1229,1950.0,0.781,0.21797881477240194,82,1.05,0.3889447236180904,0
40,0,5,2,1,4,0,36,2,2,3,0.0929236313286595,1172,3340.0,0.706,0.7949613512739765,98,0.815,0.26130653266331655,0
48,0,2,2,2,4,0,40,3,3,4,0.198735099477896,0,8012.0,0.596,0.1210993415402233,63,0.8,0.0,0
50,1,2,2,1,2,0,45,2,1,0,0.017616097854445747,1578,443.0,0.761,0.27300314915545376,71,0.919,0.7849246231155779,0
53,0,2,2,2,4,0,41,5,1,3,0.026927507051578557,2290,39.0,0.533,0.2335528199255654,76,0.767,0.9879396984924622,0
44,0,3,2,1,4,0,35,3,3,2,0.012597611079367674,0,1855.0,0.988,0.11531634697967362,27,0.929,0.0,1
61,1,0,3,1,2,0,36,4,3,3,0.23380404320735723,1567,7605.0,1.451,0.07477812768393931,42,0.75,0.17185929648241205,0
41,1,4,3,1,4,0,32,2,3,3,0.19138876040353472,0,7769.0,0.943,0.4339536215287718,74,0.762,0.0,1
57,0,2,0,2,4,0,49,4,2,2,0.012658074775452957,1528,329.0,0.698,0.2376753507014028,71,0.868,0.8271356783919597,0
26,1,0,2,2,4,0,13,5,2,4,0.031159965777548017,2410,59.0,0.544,0.02845691382765531,20,0.176,0.9809045226130653,1
52,1,3,2,2,3,0,42,6,3,3,0.03908070996471944,1692,1039.0,0.62,0.039507586601774974,22,0.692,0.6231155778894472,0
50,0,1,5,1,4,0,36,5,2,1,0.022362497997140067,1731,447.0,0.683,0.21442885771543085,71,0.69,0.7989949748743719,0
60,1,0,2,1,4,0,36,6,2,2,0.016255664692526997,1311,665.0,0.995,0.05542513598625823,43,0.536,0.6663316582914572,0
39,0,4,0,1,4,0,31,4,3,3,0.013595262064774766,1292,596.0,0.772,0.056513026052104204,33,1.357,0.6874371859296482,0
42,0,4,5,1,4,0,31,2,2,2,0.029376286743032325,1769,641.0,0.759,0.03933581448611509,30,1.143,0.7376884422110552,0
43,0,2,2,0,4,0,30,4,2,4,0.02759260770851662,2127,224.0,0.703,0.21460062983109074,71,0.821,0.9095477386934673,0
47,0,4,3,1,4,0,40,4,2,2,0.09225853067172146,1989,2501.0,0.604,0.2184941311193816,70,0.795,0.44522613065326627,0
47,0,3,2,2,4,0,39,6,2,1,0.04464337000456501,2422,493.0,0.576,0.2008016032064128,83,0.766,0.8351758793969848,0
48,1,3,4,1,1,0,36,3,2,4,0.04582241207822794,931,2023.0,0.575,0.10896077870025765,29,0.381,0.3165829145728643,1
57,1,1,2,2,2,0,43,3,3,1,0.5336435120942509,0,19090.0,0.53,0.23945032922988832,88,0.517,0.0,0
40,0,1,2,1,4,0,36,1,2,2,0.1542338191591314,0,6540.0,0.723,0.42307472087031206,88,0.6,0.0,0
48,0,2,5,1,4,0,42,3,2,2,0.018643980687895474,0,2055.0,1.064,0.17898654451760662,63,0.75,0.0,0
47,1,1,2,1,3,0,37,6,3,3,0.31089525571608667,1667,10055.0,0.566,0.055367878614371605,35,0.25,0.14271356783919595,0
65,0,0,3,2,4,0,56,3,6,3,0.1347040453235866,477,5417.0,1.015,0.06218150586888062,32,0.455,0.0814070351758794,1
48,1,3,3,1,4,0,38,4,3,3,0.22533912575541834,889,8003.0,0.67,0.2502147151445749,89,0.745,0.10050251256281406,0
52,1,3,2,2,2,0,36,4,2,2,0.23274592852586487,1729,7408.0,0.974,0.2345261952476381,77,0.75,0.1899497487437186,0
38,0,2,2,1,4,0,33,5,2,3,0.023874090399272026,1717,511.0,1.625,0.10329229888348125,61,0.848,0.7748743718592964,0
29,1,0,2,1,4,0,15,3,1,5,0.09860721876067563,0,4700.0,0.617,0.8126538791869453,96,0.655,0.0,0
42,0,3,1,1,1,0,36,4,4,3,0.08173784755288308,688,3454.0,0.717,0.22799885485256224,81,0.976,0.16683417085427135,0
45,1,5,3,1,3,0,25,1,3,3,0.7304830746998734,1384,24217.0,0.745,0.7080446607500716,100,0.852,0.054271356783919596,0
48,0,5,2,1,4,0,36,5,3,0,0.16575215326337686,1023,5898.0,0.816,0.2334955625536788,79,0.927,0.1487437185929648,0
50,0,4,3,1,4,0,36,1,3,2,0.06371966611947022,0,3546.0,0.791,0.11943887775551103,47,0.469,0.0,1
49,0,5,2,0,4,0,36,4,1,4,0.23359242027105878,0,9165.0,0.597,0.07535070140280561,56,0.647,0.0,0
50,0,2,2,2,4,0,38,5,4,2,0.18017274477971565,1581,5817.0,0.428,0.21649012310334953,73,0.921,0.21507537688442208,0
49,0,4,2,1,4,0,38,5,2,4,0.009634889971189053,0,1757.0,0.89,0.11606069281419983,45,0.406,0.0,1
54,0,2,3,1,4,0,47,2,3,3,0.016890533501422417,0,1997.0,0.825,0.2537074148296593,82,0.783,0.0,0
70,1,0,3,1,4,0,56,3,2,3,0.054831502794934366,1495,1757.0,0.581,0.039908388204981396,15,0.875,0.4623115577889447,0
47,1,1,3,1,2,0,36,4,4,3,0.5850074219186945,0,20789.0,0.82,0.20469510449470368,67,0.718,0.0,0
59,0,0,1,2,4,0,36,3,1,2,0.0,0,1438.3,0.691,0.07867162897223018,47,0.382,0.0,0
53,0,1,2,2,4,0,44,1,3,2,0.12403220296453504,2517,3024.0,0.879,0.4961351273976524,73,0.825,0.45628140703517583,1
43,1,3,4,1,2,1,37,6,1,2,1.0000000000000002,1580,32936.0,0.707,0.2072144288577154,86,0.755,0.046231155778894466,0
54,0,3,1,2,4,0,42,6,1,0,0.2363435184429389,1999,7257.0,0.812,0.05244775264815345,37,0.762,0.21708542713567838,0
40,1,2,3,0,2,0,25,6,4,2,0.04654797643125127,0,2978.0,0.49,0.1917549384483252,95,0.583,0.0,0
42,0,2,3,1,4,0,30,5,3,2,0.013897580545201155,725,1173.0,0.664,0.2588605782994561,64,1.065,0.38391959798994973,0
46,1,2,2,1,1,0,38,4,3,3,0.03079718360103636,1051,1406.0,0.982,0.15608359576295447,71,0.919,0.43015075376884415,0
49,0,3,2,2,4,0,36,4,5,1,0.02559730573770245,1931,354.0,0.69,0.2527340395075866,78,0.66,0.8492462311557788,0
57,0,2,2,2,4,0,50,6,5,2,0.0,876,562.3,0.693,0.24534783853421124,62,0.676,0.6120603015075377,0
49,1,1,3,1,2,0,36,2,3,2,0.031039038385377464,1334,1131.0,0.95,0.2448325221872316,83,0.766,0.543718592964824,0
44,0,2,4,1,4,3,36,6,3,2,0.27637048525139296,1023,9557.0,0.907,0.23996564557686798,81,0.8,0.09748743718592964,0
59,0,2,5,1,4,0,51,5,5,4,0.0,0,1438.3,0.656,0.09252791296879473,44,0.63,0.0,1
53,1,1,2,1,1,0,48,4,1,3,0.03276225372380789,1704,818.0,0.988,0.2385914686515889,73,0.698,0.6793969849246231,0
37,0,3,2,2,4,0,21,4,2,2,0.01045114986834031,577,1207.0,0.542,0.10409390208989407,47,0.516,0.3246231155778894,1
50,1,2,3,1,2,0,32,3,1,3,0.2809959580019167,783,9950.0,0.732,0.19352991697681074,66,0.65,0.07336683417085427,0
52,1,1,3,2,0,0,38,3,1,2,0.5523570260326444,1924,17785.0,0.468,0.14142570855997708,64,0.641,0.09849246231155778,0
42,0,3,1,2,4,0,18,5,3,4,0.21856719179386722,0,8668.0,0.275,0.04992842828514171,38,0.31,0.0,1
47,1,1,3,1,2,0,29,3,2,2,0.059124425216989095,0,3394.0,0.454,0.14801030632693957,69,0.816,0.0,0
32,1,0,3,1,1,0,24,5,2,0,0.06943348539952901,1176,2559.0,1.184,0.05920412253077584,41,0.708,0.3165829145728643,0
38,1,2,2,1,0,0,36,6,2,3,0.07085438225753302,0,3782.0,0.717,0.8271972516461494,117,0.721,0.0,0
32,1,0,0,1,4,0,36,3,3,4,0.07103577334578887,1325,2463.0,0.607,0.1972516461494417,65,0.477,0.3517587939698492,0
43,0,3,3,1,4,3,31,3,3,4,0.36791252112450384,1190,12418.0,0.553,0.14818207844259948,76,0.767,0.08743718592964823,0
43,1,2,2,1,1,0,34,3,2,1,0.0894167369557134,0,4396.0,0.592,0.24282851417119952,78,1.053,0.0,0
36,1,1,2,2,3,0,27,3,2,4,0.07021951344863761,1710,2051.0,0.627,0.15516747781276838,65,0.585,0.457286432160804,0
49,1,2,3,0,1,0,36,2,1,1,0.05652448628532215,2150,1158.0,0.879,0.8296020612653879,101,0.656,0.6532663316582914,0
57,0,2,5,1,4,0,43,2,1,2,0.02795538988502829,1876,487.0,0.795,0.25502433438305183,85,0.667,0.7979899497487437,0
46,1,3,4,1,0,0,36,6,1,2,0.0,845,593.3,0.642,0.17755511022044088,67,0.763,0.5899497487437185,0
37,0,3,3,1,4,0,19,5,1,3,0.08161692016071251,0,4138.0,1.168,0.10821643286573147,50,0.613,0.0,0
49,1,2,3,1,3,0,40,4,2,0,0.36434516305547243,1672,11818.0,0.799,0.21042084168336672,75,0.415,0.12462311557788944,0
33,1,3,2,1,2,0,15,5,1,3,0.6639125453099822,0,23399.0,1.051,0.5053535642714,74,0.85,0.0,1
44,1,4,1,1,0,0,39,4,3,2,0.19607469685014378,2517,5407.0,0.663,0.10667048382479245,37,0.682,0.3195979899497487,1
44,0,3,2,2,4,0,34,2,3,3,0.7431804508777817,0,26021.0,1.04,0.47912968794732325,60,0.538,0.0,1
41,1,4,2,1,0,0,34,1,3,3,1.0000000000000002,2517,31999.0,0.434,0.08708846263956484,41,1.05,0.07336683417085427,0
29,1,0,3,2,1,0,36,6,3,1,0.13754583903959466,660,5328.0,1.041,0.5543086172344689,68,1.0,0.11055276381909547,1
39,1,2,2,2,3,1,33,1,3,2,1.0000000000000002,0,34516.0,0.724,0.49521900944746633,113,0.766,0.0,0
36,1,2,2,2,1,0,36,2,2,1,0.1609755212726399,1660,5103.0,0.573,0.25433724592041224,76,0.9,0.24623115577889446,0
55,0,1,0,1,4,0,36,4,2,4,0.014804535986480322,1125,803.0,0.911,0.09504723733180646,30,0.667,0.5869346733668341,0
45,0,5,4,1,4,0,36,5,2,3,0.036873785057606794,694,1964.0,0.722,0.2430002862868594,92,0.769,0.2623115577889447,0
52,0,1,0,1,4,0,43,3,3,1,0.2718659398930397,2163,8268.0,0.64,0.23292298883481247,69,0.865,0.2080402010050251,0
58,0,1,2,2,1,0,53,3,3,1,0.1669311953370398,1536,5424.0,0.437,0.14783853421127968,79,0.549,0.22211055276381908,0
48,1,2,2,1,3,0,28,5,2,3,0.32150663437905297,0,12073.0,0.541,0.10707128542799886,52,0.793,0.0,1
44,0,2,4,1,4,0,30,5,2,3,0.014683608594309769,1471,453.0,1.485,0.17125679931291152,58,1.0,0.7688442211055276,0
60,1,0,5,1,1,0,54,3,3,3,0.3505896721960717,1285,11750.0,0.761,0.8047523618665903,97,0.98,0.09949748743718592,0
34,1,1,0,1,2,0,23,3,2,2,0.12309501567521322,1604,3906.0,0.551,0.08388204981391353,53,0.262,0.2924623115577889,0
46,0,5,5,2,4,0,38,6,1,4,0.03515056971917637,1604,997.0,0.853,0.24649298597194388,80,0.702,0.6201005025125628,0
34,1,1,3,1,2,0,27,3,1,2,0.2002769237280706,2149,5914.0,0.722,0.08657314629258517,49,0.69,0.26834170854271355,0
45,1,3,3,1,3,0,36,4,3,2,0.07275898868421929,0,3845.0,0.595,0.09413111938162039,39,0.393,0.0,1
47,0,3,5,1,4,3,27,5,3,4,0.38989107465150236,938,13397.0,0.445,0.17635270541082163,75,0.531,0.06532663316582914,0
47,0,1,5,2,4,0,32,6,2,2,0.005976836358029737,1135,501.0,0.754,0.25914686515888924,85,0.809,0.6974874371859295,0
42,0,3,2,1,4,0,36,2,3,3,0.12294385643500003,2517,2988.0,0.729,0.09974234182651016,42,0.448,0.4592964824120603,1
44,0,4,2,1,4,0,36,4,1,0,0.008425616049483498,0,1717.0,0.619,0.05370741482965932,29,0.381,0.0,0
47,1,4,2,1,2,0,30,4,2,3,0.02475081399250855,896,1361.0,0.68,0.23406813627254505,94,0.516,0.39899497487437185,0
46,0,3,0,1,4,0,39,3,2,3,0.0,0,1438.3,0.786,0.2198683080446607,79,0.795,0.0,0
52,0,2,0,0,4,0,45,4,2,3,0.0,0,1438.3,0.744,0.24088176352705407,80,0.818,0.0,0
46,1,5,5,2,1,0,40,6,2,2,0.17820767465694412,875,6458.0,0.807,0.177841397079874,48,1.286,0.11959798994974873,0
44,0,3,0,2,4,0,40,2,1,3,0.05534544421165922,0,3269.0,0.797,0.2572001145147438,85,0.771,0.0,0
59,0,0,4,2,4,0,48,4,2,2,0.0481200325294685,1251,1779.0,0.694,0.24013741769252792,71,0.775,0.41507537688442203,0
56,0,1,2,1,4,0,36,6,3,2,0.6842888108907209,1084,22989.0,0.847,0.04643572860005726,37,1.176,0.045226130653266326,0
47,0,3,2,1,4,0,36,6,2,3,0.015560332187546301,1089,864.0,0.859,0.23509876896650442,70,0.707,0.5608040201005026,0
44,0,2,2,1,1,0,36,1,1,1,0.011962742270472254,0,1834.0,0.618,0.27895791583166335,87,0.611,0.0,0
57,0,3,2,1,4,0,47,4,2,3,0.14839907248690207,1594,4753.0,0.896,0.07105639851130834,37,0.762,0.2522613065326633,0
53,1,1,3,2,3,0,38,6,2,2,0.20302802189995076,996,7158.0,0.594,0.048611508731749214,26,1.0,0.12261306532663316,0
49,0,2,3,1,4,0,36,6,2,3,0.4312784746218752,0,15704.0,0.924,0.21316919553392497,91,0.685,0.0,0
50,0,2,2,1,4,0,40,5,3,3,0.03152274795405969,1287,1194.0,0.465,0.07414829659318638,51,0.821,0.521608040201005,0
49,1,2,2,1,3,0,36,3,1,1,1.0000000000000002,2435,32081.0,0.732,0.07300314915545376,34,0.619,0.07135678391959797,0
52,0,2,2,1,4,0,37,1,3,3,0.029890228159757178,2362,65.0,0.67,0.23664471800744344,85,0.771,0.9778894472361808,0
43,1,3,2,2,1,0,35,5,3,2,0.14032716905951745,787,5293.0,0.975,0.2482679645004294,56,0.647,0.12964824120603013,1
35,0,0,2,2,4,0,25,5,3,4,0.026050783458342032,0,2300.0,0.877,0.05468079015173204,34,0.478,0.0,1
55,1,2,0,1,0,0,37,5,2,3,0.9433152849200519,1551,31090.0,0.488,0.045634125393644434,30,0.304,0.04824120603015075,0
26,1,0,0,2,4,0,13,6,3,2,0.027471680316346066,0,2347.0,0.863,0.11823647294589178,56,0.333,0.0,0
54,0,1,2,1,4,0,41,3,2,4,0.09733748114288479,588,4070.0,0.856,0.047008302318923556,30,1.5,0.12663316582914572,0
65,1,2,2,1,4,0,56,4,2,4,0.026594956723109527,1010,1308.0,0.81,0.04156885198969368,35,0.591,0.4381909547738693,0
47,1,4,2,1,2,0,39,5,2,2,0.011388337157662118,740,1075.0,1.124,0.0802175780131692,67,0.718,0.41005025125628136,0
42,1,3,3,2,3,0,29,3,1,1,0.14939672347230917,1238,5142.0,0.903,0.2054967077011165,66,0.61,0.19497487437185929,0
44,1,3,2,1,2,0,24,1,1,3,0.4112952230656908,0,15043.0,0.649,0.3838534211279702,83,0.694,0.0,0
38,0,1,2,2,4,0,36,3,2,3,0.07031020899276552,0,3764.0,0.583,0.05966218150586888,57,0.357,0.0,0
26,0,0,2,2,1,0,16,6,2,4,0.005251272005006399,835,777.0,0.588,0.09264242771256799,40,0.379,0.5206030150753769,0
60,1,1,2,2,4,0,48,5,3,3,0.07684028816997554,930,3050.0,0.72,0.22439164042370455,82,0.608,0.23517587939698492,0
42,0,5,1,1,4,0,23,4,2,2,0.700281458505277,1660,22942.0,0.588,0.04620669911251074,44,0.76,0.06733668341708543,0
51,1,2,2,2,3,0,31,5,3,2,0.0,327,1111.3,0.528,0.07174348697394789,40,0.481,0.22814070351758792,1
39,1,3,0,1,3,0,36,4,2,3,0.9664426486726708,1692,31714.0,1.242,0.05720011451474377,30,0.875,0.05125628140703517,0
48,0,5,4,1,4,0,40,3,3,3,0.0,665,773.3,0.75,0.20440881763527052,84,0.615,0.464321608040201,0
37,1,1,2,1,3,0,21,6,2,0,0.11130459493858402,0,5120.0,0.867,0.06584597766962497,32,0.778,0.0,0
36,0,4,2,2,4,0,26,3,2,3,0.0,0,1438.3,0.827,0.24941311193816204,85,0.771,0.0,0
39,0,4,5,2,1,0,34,4,2,2,0.266817221269919,803,9461.0,0.802,0.19885485256226737,74,0.721,0.07839195979899496,0
52,1,4,2,1,1,0,33,5,2,1,0.1311366872545552,874,4902.0,0.894,0.20034354423131975,72,0.636,0.15175879396984923,0
45,0,3,4,1,4,0,38,5,2,1,0.04367595086720057,1732,1151.0,0.638,0.2017177211565989,85,0.635,0.6040201005025125,0
36,0,3,0,2,4,0,36,6,1,0,0.11925557097379808,737,4646.0,0.956,0.13764672201545947,80,0.633,0.13768844221105528,0
55,0,0,2,1,4,0,36,6,2,4,0.06580566363441231,1699,1916.0,0.576,0.08227884340108789,40,0.538,0.47236180904522607,0
48,1,1,2,0,3,0,36,3,1,0,0.05117344918177504,2517,614.0,0.602,0.05204695104494704,40,0.481,0.808040201005025,0
47,1,4,5,1,4,0,36,3,3,3,0.5270832010689982,0,18873.0,0.636,0.08537074148296593,38,0.52,0.0,1
50,1,2,2,2,0,0,42,2,1,2,0.917346127451425,0,31782.0,1.056,0.24448897795591182,53,0.395,0.0,1
49,1,1,2,1,0,0,39,3,2,3,1.0000000000000002,0,34516.0,0.507,0.03298024620669911,31,0.938,0.0,0
61,0,0,2,2,4,0,36,5,3,3,0.023239221590376606,2020,187.0,0.693,0.21860864586315487,84,0.647,0.9195979899497487,0
38,1,0,3,2,3,0,29,3,3,2,0.13739467979938147,1885,4098.0,0.601,0.20675636988262236,65,0.711,0.3165829145728643,0
47,0,3,2,1,4,0,36,5,2,2,0.16968229350891992,0,7051.0,0.527,0.05273403950758661,37,0.194,0.0,0
52,1,3,2,2,2,0,44,4,2,4,0.05697796400596173,2310,1013.0,0.749,0.061208130546807904,47,0.808,0.6984924623115577,0
44,0,4,4,1,4,0,36,3,1,1,0.1777239650882619,1540,5777.0,0.616,0.20440881763527052,76,0.81,0.21105527638190952,0
50,0,3,3,1,4,0,33,3,3,4,0.021213687771519794,0,2140.0,0.765,0.1365588319496135,50,0.316,0.0,1
51,1,1,3,2,2,0,36,6,4,4,0.025476378345531896,1751,530.0,0.761,0.2124821070712854,76,0.854,0.771859296482412,0
55,1,3,2,1,3,0,48,5,2,4,0.4465153260353652,1278,14930.0,0.543,0.07512167191525909,56,0.436,0.0793969849246231,0
37,0,3,2,2,4,0,36,5,2,4,0.06792189299739704,1396,2289.0,0.974,0.14234182651016317,85,0.809,0.3809045226130653,0
52,0,1,2,2,4,0,36,1,3,3,0.15653143961037197,831,5785.0,0.707,0.4886916690523905,85,0.735,0.12663316582914572,0
42,0,2,4,0,4,0,26,5,2,3,0.020609050810667016,1527,593.0,0.744,0.24111079301460062,86,0.72,0.7236180904522612,0
51,0,1,2,1,4,0,39,4,3,3,0.01704169274163561,1248,754.0,0.502,0.060406527340395075,40,0.905,0.6261306532663315,0
50,0,3,3,1,4,0,40,6,2,4,0.044099196739797515,1506,1391.0,0.618,0.0964214142570856,46,0.484,0.5226130653266331,1
51,1,4,3,2,0,0,46,6,3,3,1.0000000000000002,2274,32242.0,0.788,0.07243057543658746,47,0.679,0.06633165829145729,0
44,0,5,2,2,4,0,24,4,3,3,0.017071924589678246,1224,779.0,0.646,0.07019753793300887,42,0.355,0.6140703517587939,0
44,1,3,0,1,3,0,35,6,1,2,0.14882231835949902,1292,5069.0,1.027,0.059604924133982246,38,0.52,0.20402010050251257,0
49,0,2,2,1,4,0,29,6,3,3,0.03270179002772262,1473,1047.0,0.515,0.08766103635843114,36,0.241,0.5879396984924622,1
42,0,2,5,1,4,0,28,1,2,3,0.03430407797398247,1742,831.0,0.693,0.23584311480103062,88,0.76,0.6804020100502512,0
44,0,1,2,0,4,3,34,1,1,3,0.3573616061576228,866,12393.0,0.81,0.48485542513598623,102,0.672,0.06532663316582914,0
54,0,2,3,2,4,0,44,4,3,4,0.07073345486536248,0,3778.0,0.739,0.10518179215574004,45,0.452,0.0,1
37,1,3,2,0,1,0,36,5,2,0,0.13751560719155204,1405,4582.0,0.952,0.19931291153736042,72,0.674,0.23618090452261303,0
36,1,1,2,2,2,0,24,3,2,1,0.5642079104653589,1299,18802.0,0.858,0.813169195533925,115,0.855,0.06532663316582914,0
36,1,3,2,0,1,0,28,4,2,3,0.22845300610381017,1547,7448.0,0.923,0.10695677068422559,61,0.794,0.17286432160804016,0
49,0,1,5,1,1,0,39,2,3,3,0.20021646003198532,2517,5544.0,0.352,0.0397366160893215,31,0.409,0.31356783919597986,1
41,0,2,2,1,1,0,32,3,2,2,0.2460177098165834,0,9576.0,0.817,0.10489550529630691,49,0.4,0.0,1
52,0,2,3,2,4,0,42,6,2,2,0.0,869,569.3,0.821,0.23670197537933005,77,0.878,0.6070351758793969,0
54,1,1,2,2,2,0,48,4,5,4,0.10017927485889286,1230,3522.0,0.883,0.8673346693386773,103,0.717,0.26030150753768844,0
49,1,0,2,1,2,0,39,6,2,4,0.2641870504902094,1748,8429.0,0.622,0.17331806470083022,64,0.939,0.17286432160804016,0
43,1,5,3,1,0,0,37,4,3,4,0.29206081438552256,0,11099.0,0.89,0.19753793300887487,77,0.75,0.0,0
57,0,3,0,2,1,0,36,3,1,3,0.20393497734122992,1508,6676.0,0.789,0.20635556827941595,71,0.821,0.18492462311557786,0
46,0,1,3,1,4,0,42,5,4,1,0.0,0,1438.3,0.637,0.07517892928714572,44,0.63,0.0,1
40,1,4,5,2,0,0,34,3,1,3,0.495188601384014,1451,16367.0,0.632,0.19713713140566846,74,0.451,0.0814070351758794,0
47,0,1,5,2,4,0,36,5,2,3,0.0,735,703.3,0.762,0.21127970226166617,87,0.673,0.5135678391959798,0
47,1,5,3,1,3,0,37,2,2,2,0.2409992230415053,0,9410.0,0.586,0.09436014886916691,41,0.864,0.0,1
47,0,4,2,1,4,0,37,3,1,3,0.03049486512060997,1973,474.0,0.476,0.24357286000572573,75,0.562,0.8100502512562814,0
52,1,3,2,2,3,0,46,5,1,2,0.039201637356889994,1942,793.0,0.582,0.18288004580589748,66,0.692,0.7135678391959798,0
53,0,1,3,2,4,0,41,6,2,2,0.2193229879949332,796,7897.0,0.864,0.24191239622101343,69,0.533,0.09246231155778893,0
43,0,3,2,1,4,3,33,3,1,3,1.0000000000000002,1858,32658.0,0.622,0.20996278270827368,67,0.523,0.054271356783919596,0
34,1,2,3,2,2,0,36,2,3,2,0.25034086408668077,2517,7202.0,0.906,0.4954480389350129,51,0.7,0.26030150753768844,1
58,1,1,2,1,3,0,42,4,3,1,0.33202731749789133,2517,9904.0,0.73,0.07918694531920985,49,0.69,0.20402010050251257,0
44,1,2,2,0,0,0,36,5,2,0,0.6825655955522906,0,24016.0,0.748,0.18110506727741194,62,0.722,0.0,0
53,1,3,3,2,2,0,45,4,1,0,0.42762042100871583,0,15583.0,0.873,0.1951331233896364,69,1.091,0.0,0
48,0,3,3,1,1,0,38,3,2,2,0.021546238099988825,0,2151.0,0.763,0.23326653306613224,86,0.72,0.0,0
48,1,3,2,2,2,0,40,6,3,3,0.0918352847991245,0,4476.0,0.683,0.1614657887202977,67,0.634,0.0,0
56,0,5,2,2,4,0,36,6,3,5,0.09763979962331118,2517,2151.0,1.062,0.44666475808760375,63,0.853,0.5417085427135678,1
47,1,3,5,2,3,0,36,5,3,2,0.7442990292553594,1664,24394.0,0.916,0.16942456341253934,58,0.611,0.064321608040201,0
56,0,4,5,1,4,0,36,4,1,5,0.06692424201198996,1351,2301.0,0.836,0.05903235041511595,39,0.625,0.371859296482412,0
46,0,4,1,0,4,0,41,4,1,1,0.2193229879949332,1378,7315.0,0.799,0.060921843687374744,45,0.452,0.15979899497487435,0
42,0,4,0,2,1,0,36,3,1,2,0.03436454167006776,2136,439.0,0.722,0.27122817062696825,83,0.886,0.8341708542713566,0
57,1,3,2,2,0,0,36,2,2,1,0.4785610849605626,1197,16071.0,0.637,0.20309189808187803,90,0.698,0.06934673366834171,0
48,0,1,2,1,1,0,36,4,4,1,0.1762426045341726,0,7268.0,0.691,0.21007729745204692,80,0.905,0.0,0
33,1,2,1,2,0,0,23,5,1,1,0.40739531466819034,1102,13812.0,0.823,0.2260521042084168,87,0.673,0.0743718592964824,0
46,0,3,0,0,4,0,38,1,1,3,0.01014883138791392,1115,659.0,0.686,0.16856570283423988,60,0.667,0.6321608040201004,0
47,0,3,2,2,4,0,35,4,3,6,0.029134431958691205,628,1774.0,0.689,0.08016032064128256,48,0.6,0.2623115577889447,1
31,1,0,2,0,2,0,25,6,1,2,0.2187183510340804,0,8673.0,0.876,0.11033495562553679,58,0.933,0.0,0
44,1,2,5,0,2,0,38,2,1,2,0.45694531361007573,0,16553.0,0.488,0.24431720584025193,82,0.907,0.0,0
51,0,3,3,2,4,1,39,1,1,2,1.0000000000000002,1873,32643.0,0.629,0.4107071285427999,104,0.677,0.054271356783919596,0
36,1,2,0,1,1,0,36,4,3,1,0.07372640782158374,1495,2382.0,0.783,0.08084740910392213,42,0.75,0.3879396984924623,0
35,1,0,2,1,0,0,36,5,2,1,0.05253388234369379,1510,1666.0,0.885,0.08840538219295735,48,0.92,0.4773869346733668,0
45,0,2,2,0,4,0,36,6,6,3,0.04125740302378945,0,2803.0,0.565,0.16129401660463782,71,0.732,0.0,0
48,1,3,3,1,1,0,43,2,2,3,0.0095139625790185,1434,319.0,0.805,0.23235041511594615,77,1.026,0.822110552763819,0
35,1,3,0,1,3,3,29,2,2,2,1.0000000000000002,0,34516.0,0.758,0.7052390495276267,106,0.738,0.0,0
65,0,0,2,2,4,0,55,5,2,1,0.14855023172711526,1386,4966.0,0.5,0.18202118522759803,77,0.604,0.21909547738693466,0
39,0,1,2,1,4,0,34,6,3,5,0.151754807619635,1802,4656.0,0.923,0.10220440881763528,49,0.581,0.2804020100502513,0
50,1,4,3,1,3,0,41,6,3,3,0.6581684941818808,1308,21901.0,0.498,0.1717721156598912,71,0.578,0.056281407035175875,0
53,0,2,3,2,4,0,49,1,2,3,0.24910135831693256,1710,7968.0,0.745,0.40950472373318064,90,0.579,0.1778894472361809,0
51,0,1,3,2,4,0,39,4,3,2,0.1212206410965696,0,5448.0,1.011,0.22404809619238478,75,1.083,0.0,0
43,0,3,3,1,4,0,24,2,2,1,0.0013815954555486051,0,1484.0,0.532,0.24666475808760377,81,0.929,0.0,0
37,0,3,2,2,4,0,29,3,2,2,0.20798604497894355,1945,6373.0,1.487,0.18013169195533923,77,1.139,0.23517587939698492,0
47,1,1,2,1,2,0,40,2,2,3,0.31243707996626124,0,11773.0,0.754,0.2615516747781277,58,1.071,0.0,0
53,0,3,3,1,4,0,36,4,2,4,0.29203058253747993,821,10277.0,0.896,0.09310048668766104,46,0.586,0.0743718592964824,0
46,0,5,3,1,4,0,36,5,3,0,0.06420337568815246,0,3562.0,0.753,0.21002004008016031,77,0.75,0.0,0
40,1,4,2,1,3,0,31,1,3,6,0.6670264256583741,0,23502.0,0.839,0.425250501002004,60,0.875,0.0,1
40,0,2,4,1,1,0,25,2,2,4,0.07124739628208734,2517,1278.0,0.563,0.06315488119095333,32,0.778,0.6663316582914572,1
41,1,4,2,1,0,3,36,3,1,4,1.0000000000000002,2205,32311.0,0.897,0.8304036644718007,98,0.922,0.064321608040201,0
62,0,1,2,2,4,0,54,4,2,2,0.014774304138437687,1319,608.0,0.672,0.21007729745204692,77,0.75,0.6874371859296482,0
41,0,3,3,2,4,3,36,6,1,3,0.3051814364360279,1418,10115.0,0.546,0.20085886057829944,63,0.615,0.1236180904522613,0
41,0,3,2,1,4,0,33,6,3,5,0.0,0,1438.3,0.305,0.07346120813054681,51,0.759,0.0,1
47,0,1,5,1,4,0,36,6,3,3,0.024388031815996893,1503,742.0,0.754,0.16112224448897794,54,0.543,0.6723618090452261,0
58,1,0,2,2,1,0,45,3,1,3,0.05994068511414035,2517,904.0,0.992,0.026452905811623243,21,0.4,0.7396984924623115,1
48,0,3,5,2,1,0,36,5,3,3,0.014139435329542267,1259,647.0,0.932,0.23498425422273114,54,0.862,0.664321608040201,0
54,0,3,3,1,4,0,36,2,2,1,0.1270856196168416,541,5101.0,0.742,0.23492699685084453,84,0.68,0.0964824120603015,0
41,0,1,2,0,4,0,30,5,2,4,0.0398969698618707,1675,1083.0,0.882,0.18837675350701402,72,0.636,0.6100502512562813,0
62,0,0,2,1,4,0,51,3,3,3,0.2838075198698821,1274,9552.0,0.602,0.04723733180647008,34,0.619,0.11859296482412059,0
38,1,2,2,2,0,0,36,5,2,1,1.0000000000000002,1229,33287.0,0.427,0.07254509018036072,35,0.296,0.03618090452261306,1
50,0,2,3,1,4,0,41,3,1,1,0.20317918114016395,2277,5882.0,0.749,0.22170054394503289,64,0.684,0.2804020100502513,0
36,1,1,2,2,4,0,25,6,1,2,0.03578543852807179,2489,133.0,0.84,0.1252218723160607,79,0.549,0.9537688442211054,0
43,1,2,2,1,2,0,25,5,3,1,0.18428427611351456,0,7534.0,0.587,0.2379043801889493,79,0.975,0.0,0
50,0,1,1,2,1,0,36,6,3,2,0.11822768814034834,2391,2958.0,0.671,0.0911537360435156,46,0.394,0.4492462311557789,1
55,1,3,5,1,2,0,44,3,2,2,0.026746115963322735,0,2323.0,0.737,0.015688519896936728,15,0.5,0.0,1
46,0,2,3,2,4,0,35,6,3,3,0.02212064321279896,1498,672.0,0.64,0.23126252505010017,79,0.881,0.693467336683417,0
50,1,3,3,2,1,3,44,4,3,4,0.5567104121507844,1513,18340.0,0.802,0.07718293730317778,55,0.41,0.07638190954773869,0
53,1,3,2,1,1,0,41,6,1,2,0.0047373305882815395,870,725.0,0.694,0.06956770684225594,41,0.577,0.5477386934673367,0
51,1,0,1,2,2,0,36,6,2,3,0.054226865834081574,1346,1886.0,0.697,0.26178070426567424,69,0.643,0.4180904522613065,0
48,0,2,2,1,4,0,42,4,2,0,0.27437518328057875,1494,9020.0,0.649,0.25302032636701977,76,0.81,0.14271356783919595,0
48,1,3,0,0,1,0,36,3,3,3,0.3241065733107199,1665,10494.0,0.608,0.05130260521042085,34,0.545,0.13768844221105528,0
62,0,1,0,0,4,0,51,1,3,3,0.07892628568491764,1685,2364.0,0.597,0.1934154022330375,80,0.702,0.4180904522613065,0
42,0,4,5,2,4,0,32,3,3,4,0.0,838,600.3,0.61,0.19352991697681074,75,0.63,0.585929648241206,0
42,0,3,0,1,4,0,28,3,3,2,0.004918721676537369,0,1601.0,0.63,0.10357858574291441,41,0.414,0.0,1
58,1,1,4,2,3,0,41,4,2,1,0.04464337000456501,1494,1421.0,0.861,0.21213856283996563,73,0.825,0.5155778894472361,0
45,0,5,2,0,1,0,33,2,2,3,0.0,0,1438.3,0.739,0.27575150300601203,84,0.787,0.0,0
65,0,0,0,1,4,0,56,6,1,2,0.0,680,758.3,0.512,0.1003721729172631,55,0.571,0.4753768844221105,0
39,1,3,3,2,2,0,26,6,1,4,0.6982256928383775,1475,23059.0,0.528,0.17034068136272543,60,0.935,0.06030150753768843,0
37,1,1,5,2,3,0,36,6,1,2,0.05105252178960449,2378,749.0,0.862,0.10088748926424278,49,0.441,0.7638190954773869,0
51,0,2,3,1,4,0,37,3,2,1,0.024781045840551193,1250,1008.0,0.611,0.21975379330088748,75,0.596,0.5567839195979899,0
40,0,3,2,0,4,0,31,1,3,2,0.21935321984297582,1117,7577.0,0.842,0.5149155453764672,105,0.694,0.128643216080402,0
58,0,3,0,1,4,0,53,4,3,1,0.03188553013057136,1566,927.0,0.767,0.24832522187231607,90,0.607,0.6311557788944723,0
37,0,1,3,2,1,0,27,4,2,2,0.010723236500724057,792,1001.0,0.723,0.10558259375894645,40,0.429,0.44422110552763816,1
30,1,1,2,2,4,0,19,5,2,0,0.22086481224510776,1712,7032.0,0.895,0.11732035499570569,68,0.659,0.19698492462311556,0
55,0,2,2,1,1,0,46,6,1,4,0.044008501195669604,2077,817.0,0.574,0.027884340108789003,25,0.562,0.7216080402010049,0
55,0,1,3,2,4,0,36,5,2,3,0.19782814403661683,897,7085.0,0.778,0.22084168336673346,71,0.511,0.11256281407035175,0
55,1,0,3,1,0,0,49,5,3,3,0.07154971476251373,2233,1572.0,1.095,0.06945319209848268,27,0.929,0.5899497487437185,0
50,1,2,3,2,2,0,40,4,3,3,0.4902608101530639,1720,15935.0,0.706,0.9025479530489551,120,0.739,0.09748743718592964,0
42,0,5,2,1,4,0,38,5,1,2,0.027441448468303424,1373,973.0,0.73,0.2234182651016318,72,0.756,0.5879396984924622,0
58,1,3,2,2,3,0,36,6,2,3,0.05794538314332618,1878,1477.0,0.725,0.23177784139707988,84,0.953,0.5628140703517588,0
46,0,2,4,1,4,0,41,3,1,3,0.033669209165087054,1879,673.0,0.888,0.20744345834526193,79,0.795,0.7396984924623115,0
59,0,0,2,1,4,0,36,4,1,2,0.0,0,1438.3,0.622,0.2075579730890352,62,0.632,0.0,0
46,0,3,5,0,1,0,39,2,3,2,0.051959477230883656,965,2192.0,0.928,0.1586029201259662,58,0.568,0.307537688442211,1
42,0,3,2,1,4,0,23,4,2,3,0.04107601193553361,1943,854.0,0.899,0.2511880904666476,66,0.784,0.6984924623115577,0
41,0,3,2,1,4,0,33,5,3,0,0.4188229532283079,1325,13967.0,1.008,0.26281133695963355,74,0.805,0.08743718592964823,0
51,0,1,3,1,4,0,36,3,4,2,0.012658074775452957,1033,824.0,0.95,0.26447180074434584,90,0.636,0.5587939698492462,0
40,0,4,5,1,4,0,31,5,2,3,0.0,0,1438.3,0.553,0.238877755511022,84,0.714,0.0,0
58,0,0,2,1,4,0,47,5,3,2,0.02399501779144258,786,1446.0,0.435,0.049527626681935305,39,0.345,0.3537688442211055,0
44,1,3,2,2,1,0,29,5,1,4,0.14168760222143623,1329,4796.0,0.646,0.28348124821070714,68,0.7,0.21809045226130652,0
46,1,3,3,2,3,0,39,2,1,3,0.601967488670615,1724,19626.0,0.512,0.248955052963069,78,0.444,0.0814070351758794,0
49,0,3,4,1,1,0,41,6,2,2,0.013020856951964623,758,1111.0,0.91,0.058345261952476385,34,0.478,0.40804020100502514,0
53,1,3,2,1,3,0,49,5,2,1,0.10096530290800149,1869,2909.0,0.743,0.2839393071858002,74,0.805,0.392964824120603,0
46,0,3,3,1,4,0,38,4,2,2,0.010360454324212391,1315,466.0,0.704,0.24305754365874602,83,0.729,0.7417085427135678,0
58,1,2,2,1,0,0,54,6,2,4,0.9142624789510758,1812,29868.0,0.483,0.033839106784998574,25,0.562,0.057286432160804014,0
48,1,2,3,1,1,0,29,3,2,1,0.1429875716872697,2371,3797.0,0.668,0.21603206412825648,80,0.509,0.385929648241206,0
50,0,3,2,2,1,0,36,5,3,3,0.34167127702349315,1173,11567.0,1.04,0.1666762095619811,55,0.719,0.09246231155778893,0
44,0,3,0,2,4,0,24,5,1,4,0.23758302421268715,1668,7629.0,0.521,0.04202691096478672,31,0.632,0.17989949748743717,0
47,0,3,4,1,4,0,29,4,2,2,0.044099196739797515,638,2259.0,1.041,0.226796450042943,75,0.786,0.22110552763819094,0
40,1,4,3,1,1,0,32,1,2,3,0.17769373324021925,1335,5981.0,0.563,0.0755224735184655,50,0.471,0.18291457286432158,1
49,1,3,5,1,3,0,45,2,1,1,0.10096530290800149,1351,3427.0,0.785,0.40423704551961065,74,0.682,0.2844221105527638,0
53,0,4,2,1,1,0,36,3,2,3,0.10020950670693551,2472,2281.0,1.274,0.09802462066991126,49,0.815,0.5226130653266331,0
48,0,2,0,1,4,0,36,4,3,1,0.0,0,1438.3,0.743,0.2509590609791011,82,0.822,0.0,0
37,1,3,0,1,2,0,19,2,3,4,0.050236261892453234,2517,583.0,0.35,0.009390208989407383,12,0.2,0.8160804020100503,1
56,0,3,2,1,1,0,36,2,3,2,0.01311155249609254,661,1211.0,0.756,0.254222731176639,81,0.929,0.3547738693467336,0
57,1,3,0,1,3,0,45,6,3,4,0.38792600452873083,0,14270.0,0.398,0.039622101345548236,37,0.423,0.0,0
39,1,1,2,1,1,0,35,5,3,4,0.15876859636552726,1884,4806.0,0.791,0.06893787575150301,39,0.625,0.2834170854271356,0
34,1,1,3,2,1,0,25,4,1,2,0.010723236500724057,1141,652.0,0.715,0.2727168622960206,88,0.76,0.6391959798994974,0
50,0,3,5,1,4,0,30,4,1,3,0.002076927960529301,0,1507.0,0.648,0.2008016032064128,83,0.729,0.0,0
47,1,3,2,2,3,0,32,2,1,1,0.3093534314659121,1304,10367.0,0.491,0.20830231892356138,71,0.868,0.11256281407035175,0
41,0,3,0,1,1,0,15,5,3,4,0.08687726172013172,2517,1795.0,0.741,0.12384769539078157,56,0.436,0.5869346733668341,1
50,1,0,2,2,3,0,45,3,2,2,0.0210625285313066,1506,629.0,0.883,0.24569138276553107,77,0.711,0.708542713567839,0
51,0,0,2,0,4,0,47,6,4,3,0.04869443764227865,1151,1898.0,0.533,0.2002290294875465,76,0.52,0.3798994974874372,0
56,0,4,3,1,4,0,51,4,2,3,0.0,0,1438.3,0.472,0.047180074434583455,24,0.714,0.0,0
49,1,4,3,2,2,0,30,6,3,3,0.5133277102095974,0,18418.0,0.918,0.5410821643286573,68,0.744,0.0,1
46,1,3,1,1,2,0,31,2,2,2,0.5962536693905562,1198,19963.0,0.783,0.7208130546807902,104,0.625,0.057286432160804014,0
40,0,3,3,1,1,3,34,2,2,2,0.5309226457704134,1568,17432.0,0.688,0.4530775837389064,97,0.865,0.08341708542713568,0
46,0,4,5,1,4,0,30,3,3,1,0.031462284257974406,1759,720.0,0.81,0.2308617234468938,86,0.72,0.7135678391959798,0
35,0,2,0,2,4,0,18,6,2,0,0.036873785057606794,0,2658.0,0.891,0.23687374749498993,83,0.93,0.0,0
42,1,4,3,1,3,0,30,6,1,0,0.8574568364789572,1916,27885.0,0.781,0.026338391067849982,21,0.909,0.064321608040201,0
54,0,0,0,1,4,0,40,3,1,2,0.0060373000541150135,0,1638.0,0.75,0.0775837389063842,51,0.545,0.0,0
53,0,3,2,1,4,0,36,3,3,3,0.04174111259247167,0,2819.0,0.4,0.09149728027483539,39,0.444,0.0,1
47,1,1,2,1,2,0,37,6,3,0,0.018583516991810198,0,2053.0,0.865,0.0431148010306327,28,1.154,0.0,0
42,0,3,3,1,1,0,30,5,3,2,0.0005351037103547146,0,1456.0,0.694,0.1324363011737761,42,0.5,0.0,1
26,0,0,2,2,4,0,13,4,2,4,0.018885835472236587,1390,673.0,0.877,0.11863727454909818,42,0.556,0.6773869346733669,0
47,1,4,2,2,3,0,42,1,1,3,0.17717979182349441,0,7299.0,0.806,0.23750357858574292,83,0.729,0.0,0
53,0,2,3,1,1,0,37,1,4,3,0.11317896951722764,2500,2682.0,0.869,0.25662754079587746,85,0.809,0.48442211055276374,0
53,1,1,2,2,0,0,38,4,3,3,0.013685957608902677,922,969.0,0.812,0.18849126825078727,69,0.533,0.49045226130653263,0
28,1,1,3,2,4,0,36,5,2,3,0.015469636643418383,0,1950.0,0.803,0.08840538219295735,81,0.8,0.0,0
45,0,4,2,1,4,0,41,5,1,2,0.014774304138437687,1337,590.0,0.667,0.26321213856284,81,0.653,0.6974874371859295,0
49,0,2,2,2,1,0,43,1,3,2,0.006188459294328208,526,1117.0,0.829,0.11394217005439451,38,0.583,0.32160804020100503,1
34,0,1,0,1,4,0,30,3,3,3,0.035634279287858596,1010,1607.0,0.659,0.08434010878900658,47,0.679,0.3879396984924623,0
44,0,3,0,1,1,0,34,3,1,2,0.05495243018710492,1013,2243.0,0.988,0.2604637847122817,81,0.841,0.31256281407035175,0
46,1,3,2,1,3,0,36,6,3,1,0.5562569344301448,1290,18548.0,0.59,0.19765244775264815,68,0.581,0.06532663316582914,0
35,0,2,2,2,4,0,36,2,1,2,0.002076927960529301,0,1507.0,0.81,0.23756083595762953,85,0.771,0.0,0
48,0,3,2,1,4,0,40,2,3,1,0.11668586389017377,0,5298.0,0.686,0.24643572860005722,80,0.667,0.0,0
43,1,3,2,2,2,0,33,4,2,3,0.16372661944452005,0,6854.0,0.703,0.23177784139707988,72,0.756,0.0,0
36,0,4,2,1,1,0,36,6,3,3,0.0057349815736886245,969,659.0,0.999,0.07804179788147723,15,2.75,0.5979899497487436,0
45,0,3,2,2,1,3,39,5,2,4,0.6042348772738129,1459,19966.0,1.061,0.1817348983681649,60,0.538,0.06834170854271357,0
44,1,4,2,2,2,0,25,3,3,2,0.2749798202414315,0,10534.0,0.985,0.16753507014028055,72,0.636,0.0,0
46,1,3,3,2,3,1,42,3,2,2,1.0000000000000002,2113,32403.0,0.618,0.0476381334096765,31,1.214,0.06130653266331658,0
51,1,3,5,2,2,0,42,2,4,1,0.014623144898224492,1124,798.0,0.766,0.430518179215574,76,0.434,0.5879396984924622,0
46,1,4,2,2,2,0,39,6,2,3,0.2812378127862578,755,9986.0,1.166,0.04282851417119954,22,1.444,0.07035175879396985,0
56,1,2,1,2,3,0,48,4,3,3,0.09195621219129507,2465,2015.0,0.772,0.16037789865445173,74,0.682,0.5527638190954773,0
53,1,2,5,1,2,0,48,2,5,1,0.030615792512780522,1690,761.0,1.323,0.061036358431148005,26,1.6,0.693467336683417,0
47,1,3,2,1,0,3,42,1,3,1,1.0000000000000002,1161,33355.0,0.74,0.43985113083309474,100,0.695,0.034170854271356785,0
43,0,2,2,1,4,0,30,1,3,2,0.024478727360124804,1853,395.0,0.666,0.41276839393071857,101,0.906,0.8281407035175878,0
31,1,1,2,1,1,0,23,5,1,2,0.36244055662878616,1562,11865.0,0.537,0.7206985399370169,108,0.714,0.11658291457286432,0
50,0,1,2,1,4,0,44,3,1,2,0.03518080156721901,1612,990.0,0.906,0.2864013741769253,85,0.735,0.6231155778894472,0
48,1,2,2,2,1,0,31,6,3,3,0.05510358942731811,1730,1531.0,0.682,0.21253936444317204,65,0.667,0.5336683417085427,0
44,0,2,2,1,4,0,33,5,3,2,0.027169361835919677,698,1639.0,0.836,0.20143143429716573,83,0.886,0.300502512562814,0
62,0,0,2,2,1,0,56,6,1,2,0.09156319816674074,0,4467.0,0.888,0.1990838820498139,74,0.542,0.0,0
53,1,0,5,0,0,0,47,5,2,1,0.7464454904663868,1752,24377.0,0.742,0.25130260521042086,75,0.744,0.06733668341708543,0
58,1,2,2,1,4,0,48,4,1,0,0.04038067943055292,0,2774.0,0.721,0.04168336673346694,33,0.435,0.0,0
40,0,3,2,1,4,0,27,5,3,3,0.0,988,450.3,0.556,0.17354709418837674,72,0.5,0.6904522613065327,0
40,1,2,0,1,1,1,31,1,2,1,0.06943348539952901,1474,2261.0,0.798,0.8307472087031205,130,0.757,0.3969849246231156,0
60,0,2,3,1,4,0,42,3,3,2,0.0,0,1438.3,0.061,0.06286859433152019,42,0.077,0.0,1
40,0,2,2,0,4,0,23,6,2,1,0.5107277712779305,1376,16956.0,0.6,0.20412253077583736,67,0.675,0.07537688442211055,0
37,1,1,2,2,3,0,18,6,2,5,0.11100227645815763,1942,3168.0,0.749,0.14302891497280273,76,0.583,0.38190954773869346,0
60,0,2,3,1,4,0,36,4,3,2,0.06111972718780328,2517,943.0,1.144,0.06996850844546235,34,1.125,0.7306532663316582,0
55,0,2,2,2,4,0,42,4,3,3,0.008637238985781968,0,1724.0,0.936,0.22353277984540507,67,0.811,0.0,0
42,0,2,4,1,4,0,31,3,2,2,0.07167064215468427,1165,2644.0,0.634,0.10168909247065559,46,0.643,0.307537688442211,0
52,1,3,2,2,3,0,42,3,3,3,0.7883166000054418,1834,25680.0,0.769,0.7048955052963068,100,0.786,0.06733668341708543,0
45,0,4,3,0,4,0,36,3,1,4,0.1223694513221899,685,4801.0,0.879,0.139421700543945,70,0.556,0.12562814070351758,0
47,0,4,3,1,4,0,29,6,3,0,0.038506304851909305,2411,301.0,0.844,0.2674491840824506,82,0.907,0.893467336683417,0
46,1,2,2,1,2,0,40,4,2,4,0.19683049305120975,1514,6435.0,0.857,0.16175207557973087,58,0.657,0.19095477386934673,0
48,1,2,5,1,1,0,42,1,3,3,0.05331991039280241,2517,685.0,0.597,0.23733180647008298,88,0.692,0.7899497487437186,0
50,0,2,3,1,4,3,37,1,3,2,0.36114058716295266,0,13384.0,0.696,0.2429430289149728,77,0.674,0.0,0
42,1,1,5,1,3,0,29,4,3,3,0.4857562647947107,1979,15527.0,0.447,0.21007729745204692,73,0.659,0.11356783919597989,0
33,1,2,2,1,1,0,20,4,3,3,0.12753909733748117,1792,3865.0,0.904,0.07924420269109647,46,0.769,0.3185929648241206,0
38,0,3,3,1,4,0,27,4,3,3,0.0,0,1438.3,0.73,0.11153736043515604,45,0.552,0.0,1
48,0,3,0,2,4,0,38,3,3,3,0.1514524891392086,1087,5361.0,0.868,0.2553678786143716,85,0.667,0.16984924623115577,0
48,0,4,4,2,4,0,38,3,3,3,0.07363571227745583,460,3414.0,1.023,0.25141711995419413,51,0.645,0.11959798994974873,1
56,0,2,3,1,1,0,41,5,3,2,0.040289983886425,1446,1325.0,0.686,0.06733466933867735,27,0.227,0.5246231155778894,0
45,1,2,3,1,3,0,34,5,5,2,0.33495980675802733,1539,10979.0,0.645,0.03635843114801031,33,0.833,0.1236180904522613,0
41,0,4,2,2,4,0,26,5,2,2,0.010420918020297668,1282,501.0,0.504,0.1902662467792728,76,0.617,0.722613065326633,0
53,0,2,2,1,4,0,40,6,2,4,0.14316896277552552,1421,4753.0,0.669,0.0866304036644718,52,0.793,0.23115577889447236,0
65,0,0,3,1,4,0,53,4,3,0,0.08696795726425963,717,3598.0,0.808,0.06830804466075008,51,0.5,0.16683417085427135,0
52,0,1,5,1,1,0,47,6,3,3,0.021546238099988825,1338,813.0,0.926,0.16696249642141425,58,1.0,0.6251256281407035,0
52,0,2,0,1,1,0,41,3,1,1,0.05398501104974047,2111,1113.0,0.601,0.18190667048382478,74,0.682,0.6582914572864321,0
45,1,1,2,2,1,0,32,5,1,2,0.15692445363492627,1389,5240.0,0.828,0.19244202691096476,69,0.643,0.21105527638190952,0
37,0,4,2,1,4,0,28,4,3,1,0.011690655638088507,1389,436.0,1.595,0.13444030918980818,54,0.636,0.764824120603015,0
50,1,2,0,2,3,0,44,5,2,4,0.06217784186929564,0,3495.0,0.639,0.09166905239049528,41,0.464,0.0,1
37,1,2,2,2,0,0,25,3,3,0,0.12629959156773296,0,5616.0,0.995,0.05920412253077584,31,0.476,0.0,1
53,0,2,3,1,4,0,36,6,3,2,0.07496591359133192,2517,1401.0,0.47,0.09075293444030919,42,0.448,0.6452261306532663,1
52,0,4,3,2,4,0,36,5,3,3,0.23096224949134916,1194,7884.0,0.745,0.2249069567706842,87,0.812,0.13266331658291458,0
33,0,0,5,2,1,0,15,3,2,6,0.0,0,1438.3,0.835,0.11434297165760092,49,0.69,0.0,1
56,0,2,5,1,1,0,44,6,1,2,0.09071670642154686,1513,2926.0,0.752,0.22914400229029483,95,0.696,0.342713567839196,0
41,0,2,2,2,4,0,29,4,2,3,0.037236567234118466,2079,591.0,0.649,0.1926710563985113,59,0.788,0.7829145728643215,0
37,1,2,5,0,3,0,36,3,3,2,0.025476378345531896,1677,604.0,1.027,0.12625250501002003,58,1.071,0.7386934673366833,0
60,0,2,3,2,4,0,54,1,6,2,0.20263500787539643,1811,6330.0,1.043,0.25840251932436303,53,0.432,0.22311557788944722,1
47,0,5,5,2,4,0,40,5,4,5,0.062389464805594104,0,3502.0,0.531,0.0781563126252505,42,0.4,0.0,1
51,1,3,5,1,3,0,40,3,2,2,0.05174785429458518,0,3150.0,0.75,0.16873747494989977,78,0.857,0.0,0
52,1,3,2,1,0,0,36,1,2,3,0.07263806129204872,2517,1324.0,0.841,0.12310334955625536,51,0.545,0.6582914572864321,1
48,1,4,2,2,3,0,38,5,2,3,0.12409266666062033,1372,4171.0,0.744,0.2711709132550816,79,0.795,0.24924623115577887,0
47,0,3,1,2,4,0,40,6,2,3,0.03019254664018358,0,2437.0,0.664,0.08571428571428572,42,0.448,0.0,1
51,1,2,5,2,0,0,39,3,3,1,0.46646834574350693,0,16868.0,0.938,0.023475522473518463,25,0.471,0.0,1
48,1,5,3,1,1,3,34,5,0,2,0.49032127384914914,2018,15639.0,0.55,0.06596049241339823,39,0.95,0.11457286432160803,0
64,0,0,2,1,4,0,36,3,1,3,0.18767024309429015,1010,6636.0,0.421,0.06510163183509877,47,0.469,0.13266331658291458,0
37,0,2,2,1,4,0,32,6,1,3,0.0,0,1438.3,0.707,0.24065273403950757,89,0.816,0.0,0
49,0,2,3,1,4,0,39,5,3,1,0.046971222303848224,1845,1147.0,0.707,0.2180933295161752,84,0.75,0.6201005025125628,0
50,0,1,3,1,4,0,42,6,1,2,0.17161713178364882,2000,5115.0,0.769,0.17486401374176924,57,0.966,0.28241206030150756,0
58,0,2,2,1,4,0,53,5,3,1,0.1896655450651043,962,6750.0,0.418,0.059776696249642144,34,0.062,0.12562814070351758,0
45,1,5,3,1,2,0,36,6,3,2,0.022241570604969514,877,1297.0,0.644,0.2328084740910392,71,0.449,0.4050251256281407,0
30,0,1,5,2,4,0,24,3,5,4,0.18434473980959984,1272,6264.0,0.683,0.20950472373318063,86,0.911,0.16984924623115577,0
38,0,3,3,2,4,0,26,3,3,3,0.015137086314949352,1484,455.0,0.576,0.2439164042370455,77,0.75,0.7688442211055276,0
39,1,4,3,1,2,0,28,5,3,3,0.1446805551776575,1898,4326.0,1.103,0.14222731176638992,58,0.706,0.30653266331658285,0
59,0,0,2,1,4,0,36,5,3,4,0.12847628462680297,914,4774.0,1.099,0.07409103922129974,53,1.038,0.16180904522613065,0
45,0,3,2,2,4,0,33,6,2,3,0.017464938614232553,972,1044.0,0.685,0.22931577440595477,82,0.745,0.48442211055276374,0
43,0,3,5,1,4,0,30,1,3,4,0.0949491651475163,1506,3073.0,0.443,0.07930146006298311,44,0.375,0.33065326633165826,1
56,0,3,4,2,1,0,36,2,1,1,0.047364236328402524,1660,1345.0,0.88,0.23223590037217287,72,0.756,0.5547738693467337,0
45,1,5,2,1,3,0,40,1,2,0,0.8401037557024824,1151,28076.0,0.73,0.45176066418551386,100,0.852,0.03919597989949748,0
40,1,2,2,1,0,0,33,6,4,1,0.40131871321161994,905,13808.0,0.817,0.20584025193243627,82,0.822,0.06231155778894472,0
47,1,3,3,1,2,0,41,2,3,3,0.0837029176756546,1556,2651.0,0.658,0.8463784712281706,122,0.718,0.371859296482412,0
37,0,2,2,2,4,0,19,6,5,2,0.021576469948031453,1682,470.0,1.051,0.2058975093043229,71,0.972,0.785929648241206,0
43,0,1,5,0,4,0,36,5,2,3,0.019309081344833535,1254,823.0,0.821,0.21162324649298594,75,1.143,0.6070351758793969,0
48,1,4,3,1,3,0,36,1,1,2,0.6072882939261194,1320,20206.0,0.762,0.7965073003149156,105,0.875,0.06130653266331658,0
43,1,2,3,1,2,0,37,1,3,3,0.03512033787113373,2047,553.0,0.749,0.4737474949899799,111,0.682,0.7909547738693467,0
59,0,2,2,2,4,0,45,1,3,3,0.03877839148429305,1885,836.0,0.853,0.11817921557400514,48,0.455,0.6964824120603014,1
51,0,3,5,1,4,0,36,3,3,2,0.06728702418850163,0,3664.0,0.839,0.036530203263670194,31,0.409,0.0,1
43,0,2,4,1,4,0,36,3,3,3,0.565870662107704,1759,18397.0,0.476,0.0476381334096765,28,0.556,0.08743718592964823,0
40,0,3,0,0,4,0,36,5,2,4,0.16124760790502365,0,6772.0,0.483,0.1791010592613799,66,0.65,0.0,0
56,1,1,0,2,3,0,36,3,6,0,0.3117719793093232,0,11751.0,3.397,0.05777268823361008,17,3.25,0.0,0
54,1,1,5,2,0,0,36,5,1,2,1.0000000000000002,0,34516.0,0.452,0.19398797595190378,67,1.094,0.0,0
42,1,1,2,1,1,3,34,3,3,2,0.4195182857332886,1613,13702.0,0.859,0.8129401660463784,100,0.754,0.10552763819095476,0
46,1,5,3,1,0,0,42,1,1,3,0.951931361612204,1540,31386.0,0.862,0.4409390208989407,98,0.556,0.04723618090452261,0
51,1,3,3,1,2,0,31,3,3,3,0.2282716150155543,0,8989.0,0.47,0.08594331520183224,53,1.038,0.0,1
43,0,3,2,1,4,0,36,2,2,2,0.03028324218431149,1002,1438.0,0.061,0.057429144002290294,42,0.105,0.41306532663316575,1
48,0,2,5,1,4,0,35,2,3,3,0.14014577797126163,0,6074.0,0.782,0.2275407958774692,90,0.765,0.0,0
47,0,2,2,1,4,0,34,2,2,2,0.024055481487527862,2024,210.0,0.717,0.102089894073862,37,0.321,0.9105527638190954,1
49,0,1,5,1,4,0,36,2,3,2,0.5564987892144859,2162,17684.0,0.602,0.9377612367592327,122,0.694,0.10954773869346733,0
37,0,4,4,1,4,0,36,3,3,3,0.004465243955897785,0,1586.0,0.497,0.0904093902089894,41,0.414,0.0,1
50,0,3,0,1,4,0,44,2,1,3,0.704302294294948,2296,22439.0,0.808,0.4225594045233324,95,0.557,0.09346733668341707,0
46,1,2,2,1,3,0,36,6,1,2,0.3847214286362111,1525,12639.0,0.543,0.18431148010306325,59,0.686,0.10854271356783919,0
43,1,3,2,0,3,0,36,4,1,0,0.12297408828304268,2129,3377.0,0.705,0.20005725737188662,62,0.55,0.3889447236180904,0
30,0,0,3,2,4,0,20,3,3,4,0.020367196026325897,1109,1003.0,0.693,0.24042370455196102,78,0.733,0.5276381909547738,0
47,0,2,2,2,4,1,37,6,2,1,0.413290525036505,897,14212.0,0.494,0.10220440881763528,43,0.303,0.05929648241206029,1
52,1,2,3,2,3,3,40,3,3,3,1.0000000000000002,2177,32339.0,1.32,0.040309189808187804,23,1.875,0.06331658291457286,0
49,1,1,3,1,3,3,37,4,3,2,1.0000000000000002,2386,32130.0,0.698,0.19433152018322358,65,0.512,0.06934673366834171,0
58,1,2,2,1,1,0,48,2,3,3,0.08001463221445265,2238,1847.0,0.568,0.003778986544517606,15,0.5,0.5507537688442211,1
35,0,4,1,1,4,0,36,3,1,3,0.0,606,832.3,0.692,0.259490409390209,80,0.818,0.4231155778894472,0
37,1,3,4,1,1,0,28,4,1,2,0.06671261907569148,701,2944.0,0.654,0.8605210420841684,120,0.739,0.192964824120603,0
50,0,4,2,1,4,0,45,4,1,4,0.0015025228477191649,755,733.0,0.783,0.22450615516747777,65,0.711,0.5095477386934673,0
50,1,4,2,1,1,0,38,6,3,3,0.04252714064158029,1153,1692.0,0.836,0.18322359003721728,66,0.941,0.40703517587939697,0
53,0,2,2,1,4,0,33,2,3,3,0.04295038651417723,2517,342.0,0.993,0.016432865731462926,30,0.667,0.8844221105527638,1
44,1,4,2,1,0,0,31,4,3,4,1.0000000000000002,1197,33319.0,0.669,0.060921843687374744,43,1.15,0.035175879396984924,0
37,0,3,2,1,4,0,17,3,1,3,0.00089788588686638,1074,394.0,0.697,0.08703120526767821,32,0.524,0.7356783919597989,1
42,1,4,2,2,3,0,32,6,3,5,0.1760007497498315,713,6547.0,0.833,0.21316919553392497,73,0.78,0.09849246231155778,0
38,1,3,3,2,0,0,27,2,4,1,1.0000000000000002,0,34516.0,0.919,0.7587174348697394,106,0.797,0.0,0
49,1,3,0,0,1,0,31,2,3,1,0.022453193541267992,1218,963.0,0.758,0.25576868021757804,89,0.712,0.5608040201005026,0
45,0,4,2,2,4,0,40,3,2,1,0.020306732330240627,844,1266.0,1.109,0.24517606641855136,77,0.604,0.40201005025125625,0
64,1,0,0,2,1,0,53,6,3,2,0.17908439825018066,1907,5455.0,0.693,0.20240480961923846,65,0.711,0.26030150753768844,0
40,1,3,1,1,4,0,36,1,1,3,0.09519101993185744,1771,2816.0,0.647,0.3978814772401947,83,0.694,0.3879396984924623,0
51,0,4,2,2,4,0,34,3,1,2,0.29574909984672454,1279,9942.0,1.116,0.05920412253077584,45,1.647,0.11457286432160803,0
42,0,4,3,2,4,0,19,3,2,0,0.0,0,1438.3,0.676,0.18643000286286857,67,0.523,0.0,0
48,1,3,3,1,3,0,42,1,1,3,0.2575965076169141,0,9959.0,0.688,0.01574577726882336,24,0.143,0.0,1
59,0,0,5,1,4,0,39,6,3,4,0.02958790967933079,1932,485.0,1.044,0.10518179215574004,50,0.786,0.8030150753768844,0
53,1,3,5,1,1,0,40,6,3,3,0.05706865955008964,1442,1884.0,0.711,0.06281133695963355,54,1.077,0.43618090452261304,0
58,0,0,2,2,1,0,39,4,3,2,0.123699652636066,1233,4297.0,0.859,0.27139994274262813,78,1.0,0.22412060301507536,0
35,0,1,3,2,4,0,26,3,3,2,0.022695048325609098,1833,356.0,0.56,0.2290294875465216,72,0.846,0.8412060301507537,0
44,1,3,5,1,3,3,39,5,2,2,1.0000000000000002,1461,33055.0,0.646,0.16524477526481532,70,0.707,0.04221105527638191,0
48,0,4,0,2,4,0,38,4,3,3,0.10447219728094762,1505,3389.0,0.78,0.1572860005725737,67,0.558,0.3095477386934673,0
42,1,4,3,1,0,1,30,6,2,4,1.0000000000000002,1045,33471.0,0.848,0.17429144002290292,75,0.923,0.030150753768844216,0
56,1,1,2,1,2,0,36,3,2,3,0.41374400275714457,1974,13150.0,0.826,0.07557973089035214,44,0.571,0.1316582914572864,0
50,0,1,2,1,1,0,36,5,1,3,0.03391106394942817,1807,753.0,0.995,0.22479244202691093,70,0.522,0.7095477386934672,0
41,0,3,3,1,4,0,31,4,6,3,0.09978626083433856,1878,2861.0,0.719,0.26956770684225595,84,0.826,0.3979899497487437,0
56,0,0,4,1,4,0,51,4,2,3,0.0658661273304976,878,2739.0,0.777,0.27975951903807617,76,0.9,0.24422110552763815,0
56,0,2,0,1,4,0,36,6,1,2,0.040592302366851386,1035,1746.0,0.816,0.06739192671056399,42,1.211,0.3738693467336683,0
30,0,1,5,1,4,0,13,5,2,2,0.07792863469951056,917,3099.0,1.246,0.11691955339249928,35,0.591,0.22914572864321606,0
35,1,3,1,2,1,0,23,4,3,2,0.0214555425558609,1545,603.0,0.682,0.09373031777841397,65,0.512,0.722613065326633,0
34,0,1,2,2,4,1,28,4,3,2,0.439834087617942,0,15987.0,1.494,0.10289149728027484,65,0.806,0.0,0
53,0,3,5,1,4,0,42,3,2,4,0.04035044758251028,1507,1266.0,1.06,0.038190667048382476,25,1.083,0.5457286432160804,0
52,0,2,3,2,4,0,45,1,1,1,0.08376338137173989,0,4209.0,0.856,0.3096478671628972,83,0.694,0.0,0
33,0,1,2,2,1,0,18,2,2,3,0.04851304655402281,2054,989.0,0.735,0.2463784712281706,85,0.667,0.6783919597989949,0
32,1,1,3,2,3,0,26,2,3,2,0.1502129833694604,1130,5277.0,0.756,0.7982250214715144,93,0.603,0.17688442211055275,0
49,0,3,2,1,4,0,36,3,2,3,0.0,0,1438.3,1.044,0.23034640709991408,78,1.167,0.0,0
45,1,3,3,1,4,0,33,6,5,0,0.1898167043053175,1430,6287.0,0.822,0.04111079301460063,37,0.85,0.185929648241206,0
47,0,3,5,2,4,0,35,1,4,3,0.030464633272567328,1899,547.0,0.714,0.27580876037789864,87,0.74,0.7798994974874371,0
50,1,2,2,1,2,0,32,1,2,1,0.30575584154883806,1970,9582.0,0.705,0.3807615230460922,96,0.548,0.17185929648241205,0
34,0,2,4,2,4,0,29,2,3,3,0.03236923969925359,1897,612.0,0.938,0.2466075007157171,74,0.542,0.7597989949748744,0
47,1,3,0,1,2,0,36,5,1,3,0.0860307699749378,1900,2384.0,0.971,0.25296306899513316,85,0.848,0.44623115577889444,0
55,0,2,0,2,4,0,36,5,2,3,0.1294134719161248,892,4827.0,0.589,0.16450042943028914,68,0.417,0.15678391959798993,0
56,1,2,3,2,0,0,46,2,4,4,0.1780262835686883,0,7327.0,0.598,0.0947609504723733,41,0.864,0.0,1
39,0,0,2,0,4,0,32,2,2,1,0.0,801,637.3,1.155,0.2207844259948468,64,0.778,0.5597989949748744,0
40,1,3,2,1,2,0,27,6,2,4,0.22939019339313196,2312,6714.0,0.561,0.09728027483538505,37,0.762,0.257286432160804,0
41,0,4,2,1,4,0,30,3,1,2,0.12028345380724781,1904,3513.0,0.496,0.07088462639564844,56,0.556,0.3527638190954773,0
32,0,0,2,1,4,0,36,5,3,3,0.0,0,1438.3,0.569,0.1107357572287432,37,0.321,0.0,1
49,0,4,2,2,4,0,40,4,2,2,0.038506304851909305,1686,1026.0,0.791,0.23750357858574292,74,0.644,0.6251256281407035,0
45,0,5,5,1,4,0,33,3,1,3,0.011841814878301701,650,1180.0,0.724,0.24666475808760377,71,0.972,0.3567839195979899,0
36,1,1,2,2,4,0,23,4,3,1,0.0,928,510.3,0.851,0.09481820784425994,59,0.686,0.6482412060301507,0
41,1,2,2,1,2,3,31,2,3,3,0.9087300507592729,2192,29305.0,0.868,0.4096764958488405,92,0.533,0.07035175879396985,0
39,0,1,2,1,1,0,36,2,1,3,0.2839284472620527,2184,8646.0,0.907,0.47432006870884624,88,0.725,0.20301507537688443,0
35,1,3,2,2,3,0,24,4,1,2,0.6688101046928898,864,22697.0,1.373,0.1097623819066705,64,1.0,0.0371859296482412,0
38,1,3,2,1,3,0,19,5,2,2,0.002409478288998332,1115,403.0,0.705,0.17549384483252217,65,0.857,0.7386934673366833,0
29,0,1,2,2,4,0,36,5,2,3,0.36806368036471704,1172,12441.0,0.657,0.21316919553392497,84,0.75,0.08643216080402008,0
42,1,4,3,1,3,1,37,5,1,2,1.0000000000000002,1797,32719.0,1.314,0.05748640137417693,30,0.875,0.05226130653266331,0
33,0,2,2,1,4,0,24,1,3,2,0.06931255800735844,0,3731.0,0.767,0.7273976524477527,92,0.84,0.0,0
38,1,5,2,1,3,0,26,5,1,2,0.4412247526279034,766,15267.0,0.682,0.8434010878900658,115,0.855,0.04824120603015075,0
47,1,1,5,1,1,0,36,3,2,3,0.20345126777254768,2137,6031.0,0.659,0.17314629258517034,82,0.822,0.2633165829145728,0
42,0,2,2,2,4,0,31,2,1,1,0.06713586494828844,0,3659.0,0.797,0.20257658173489834,61,0.694,0.0,0
43,0,3,2,2,1,0,34,5,3,4,0.03681332136152151,1166,1490.0,0.586,0.2084740910392213,80,0.818,0.4412060301507537,0
50,1,0,5,0,2,0,39,6,3,3,0.2429340613162342,1021,8453.0,0.557,0.15516747781276838,54,0.588,0.10854271356783919,0
42,0,4,0,2,4,0,34,5,3,2,0.4235693533710022,0,15449.0,0.783,0.20429430289149725,81,0.588,0.0,0
46,1,3,3,2,1,0,39,2,3,2,0.2416643236984434,1418,8014.0,0.612,0.04517606641855139,26,0.368,0.1507537688442211,0
60,0,2,0,1,4,0,41,6,2,2,0.08249364375394905,0,4167.0,0.917,0.2581734898368165,85,0.809,0.0,0
48,0,2,1,1,1,0,36,1,2,2,0.23084132209917865,1648,7426.0,0.727,0.7760664185513885,110,0.803,0.18291457286432158,0
50,0,3,5,1,4,0,36,3,2,2,0.03557381559177331,1404,1211.0,0.503,0.18637274549098196,67,1.161,0.5396984924623115,0
41,0,3,0,2,1,0,37,3,3,3,0.20973949216541662,1219,7157.0,0.644,0.19954194102490694,77,0.75,0.14673366834170853,0
44,0,3,2,2,4,0,36,3,2,2,0.005069880916750563,1578,28.0,0.85,0.1081019181219582,44,0.467,0.9879396984924622,1
47,1,5,2,2,0,0,39,6,3,1,0.07408918999809541,1839,2050.0,0.911,0.22290294875465214,63,0.703,0.4753768844221105,0
48,1,3,2,2,1,0,43,6,1,3,0.11611145877736362,1115,4164.0,0.549,0.06367019753793302,41,0.519,0.21206030150753766,0
37,0,3,4,1,4,0,26,5,3,2,0.01426036272171282,1164,746.0,0.744,0.08577154308617234,39,1.053,0.6120603015075377,0
47,1,3,5,1,1,0,29,1,2,4,0.0074279650640764056,644,1040.0,0.723,0.09355854566275408,36,0.714,0.38391959798994973,1
47,1,1,2,0,3,3,38,3,2,3,1.0000000000000002,802,33714.0,0.899,0.07403378184941312,27,0.8,0.023115577889447233,0
43,1,4,2,1,3,0,38,5,1,2,0.03239947154729623,1508,1002.0,0.728,0.17709705124534783,63,0.853,0.6040201005025125,0
47,1,3,5,1,3,0,38,1,3,2,0.923543656300166,0,31987.0,0.814,0.42347552247351844,83,0.537,0.0,0
45,0,2,0,0,1,0,39,4,3,4,0.04951069753942989,0,3076.0,0.734,0.11737761236759232,50,0.429,0.0,1
45,0,4,0,1,4,0,36,2,1,1,0.03926210105297528,0,2737.0,0.71,0.40406527340395076,80,0.569,0.0,0
58,0,2,3,1,4,0,50,3,2,3,0.3302436384633756,0,12362.0,0.635,0.229430289149728,72,0.636,0.0,0
53,1,1,2,2,3,0,47,1,1,2,1.0000000000000002,1583,32933.0,0.631,0.7086172344689379,100,0.639,0.046231155778894466,0
46,1,3,1,0,3,0,38,6,3,3,0.2061721340963852,1771,6487.0,0.0,0.052505010020040085,23,0.0,0.21507537688442208,1
49,1,4,0,2,2,0,35,1,2,2,0.48104009650005897,1817,15533.0,0.816,0.8933295161752075,118,0.873,0.10552763819095476,0
32,1,1,3,1,4,0,22,3,1,4,0.4677985470573831,1590,15322.0,1.274,0.10781563126252504,41,0.708,0.09447236180904522,0
53,1,2,2,1,3,0,41,3,2,5,0.03185529828252872,1668,824.0,0.651,0.06160893215001431,32,0.882,0.6723618090452261,0
49,0,4,3,2,4,1,34,4,3,2,0.4271971751361189,1554,14015.0,0.436,0.23109075293444029,73,0.78,0.10050251256281406,0
44,1,4,2,2,3,0,36,4,2,2,0.28404937465422325,0,10834.0,0.522,0.09842542227311767,51,0.594,0.0,1
45,1,3,2,1,2,0,40,3,5,3,0.08037741439096432,655,3442.0,1.084,0.11915259089607787,51,0.545,0.16080402010050251,1
56,0,2,2,1,4,0,45,4,3,0,0.11995090347877876,1782,3624.0,0.976,0.05021471514457486,29,0.812,0.3316582914572864,0
61,0,1,2,2,4,0,36,3,2,2,0.0613011182760591,1444,2022.0,0.653,0.8328084740910392,124,0.699,0.41909547738693465,0
45,1,4,2,1,0,0,33,6,1,3,1.0000000000000002,2086,32430.0,0.986,0.0760950472373318,47,0.958,0.06030150753768843,0
47,0,3,1,1,4,0,35,2,3,2,0.10099553475604411,2517,2262.0,0.929,0.479931291153736,63,0.658,0.5296482412060302,1
50,0,3,1,2,1,0,42,4,3,3,0.06967534018387012,881,2862.0,0.77,0.23423990838820494,71,0.821,0.23618090452261303,0
51,0,0,5,1,4,0,39,1,3,2,0.5426223709629147,810,18577.0,0.746,0.40503864872602346,87,0.642,0.04221105527638191,0
52,0,4,2,1,4,0,36,6,3,1,0.04784794589708475,1530,1491.0,0.731,0.20469510449470368,76,0.767,0.5085427135678392,0
53,1,2,2,1,3,0,44,4,1,3,0.173612433754463,2517,4664.0,0.545,0.06332665330661323,39,0.56,0.3527638190954773,0
54,0,3,5,2,4,0,36,5,1,2,0.31854391327087433,1542,10433.0,0.77,0.038992270254795305,35,0.4,0.12964824120603013,0
40,1,2,2,1,1,3,33,4,3,1,0.5229716697351993,0,18737.0,0.797,0.19925565416547378,76,0.767,0.0,0
43,1,3,3,2,2,0,38,2,3,2,0.3269785988747706,0,12254.0,0.705,0.09155453764672201,42,0.355,0.0,1
49,1,3,3,1,3,0,42,4,1,2,0.2635219498332714,1805,8350.0,0.673,0.06613226452905811,49,0.815,0.17889447236180903,0
53,0,2,2,1,1,0,45,2,2,2,0.09621890276530715,913,3708.0,0.917,0.25319209848267965,82,0.745,0.19899497487437184,0
53,0,2,0,1,1,0,34,6,2,1,0.019248617648748252,1469,606.0,1.322,0.11600343544231319,49,1.13,0.7115577889447235,0
57,1,3,2,2,0,3,49,1,2,1,1.0000000000000002,2517,31999.0,0.693,0.46183796163756086,102,0.672,0.07336683417085427,0
50,1,1,2,0,2,0,44,3,4,3,0.1696520616608773,1008,6042.0,0.639,0.09424563412539365,39,0.56,0.1437185929648241,1
52,0,1,2,1,4,0,47,3,1,3,0.0,0,1438.3,0.775,0.25679931291153735,68,0.789,0.0,0
45,1,3,0,1,3,0,31,2,1,4,0.5901166042379005,1936,19022.0,0.772,0.7892356140853135,99,0.768,0.09246231155778893,0
31,0,0,5,2,4,0,20,4,3,4,0.0989700009371873,955,3757.0,0.855,0.11669052390495276,62,0.59,0.20402010050251257,0
36,1,2,2,2,3,0,17,4,3,1,0.044189892283925426,2029,871.0,0.846,0.12029773833381048,72,0.6,0.7035175879396984,0
40,0,3,3,2,4,1,36,3,2,3,0.4261390604546265,726,14808.0,0.556,0.042885771543086176,28,0.867,0.04723618090452261,0
35,1,3,0,1,2,0,17,3,3,2,0.024811277688593834,1776,483.0,1.292,0.07214428857715431,31,0.824,0.7899497487437186,0
42,0,0,0,2,1,0,30,5,2,3,0.0,1223,215.3,0.491,0.0945319209848268,43,0.593,0.8542713567839195,1
37,0,3,0,1,4,0,27,2,1,3,0.045368934357588354,1388,1551.0,0.69,0.2602920125966218,84,0.826,0.47437185929648235,0
63,1,0,2,1,2,0,55,4,1,4,0.06402198459989661,2517,1039.0,0.983,0.10014314342971657,56,0.6,0.7115577889447235,0
50,1,1,3,2,0,0,37,4,1,4,0.2515199061603437,1792,7966.0,0.626,0.20635556827941595,60,0.765,0.18492462311557786,0
45,1,4,2,2,3,0,40,4,3,0,0.1488827820555843,1029,5334.0,0.838,0.05794446034926996,16,1.286,0.1628140703517588,0
58,0,1,5,2,4,0,43,4,4,2,0.058761643040477436,1446,1936.0,0.705,0.24758087603778986,74,0.682,0.43015075376884415,0
35,0,2,1,1,1,0,27,6,1,0,0.015560332187546301,1554,399.0,0.581,0.23292298883481247,71,0.651,0.7999999999999999,0
52,1,1,3,2,3,0,41,4,1,4,0.08055880547922015,1972,2131.0,0.665,0.9054680790151732,118,0.788,0.48341708542713563,0
53,1,2,2,2,0,0,36,5,2,3,0.2775797591730985,2090,8530.0,0.88,0.16736329802462066,68,0.838,0.1979899497487437,0
53,0,2,2,2,4,0,36,5,1,4,0.03838537745973874,2271,437.0,0.61,0.24517606641855136,83,0.766,0.8432160804020099,0
54,1,3,5,1,4,0,36,3,3,2,0.0035582885146186183,1278,278.0,0.46,0.062124248496993995,35,0.591,0.8251256281407034,0
39,0,2,3,2,4,0,36,4,3,3,0.0,855,583.3,0.662,0.24964214142570854,53,0.893,0.5969849246231155,0
36,1,3,0,1,0,0,26,3,2,3,0.4739658440580814,939,16177.0,1.575,0.11548811909533353,45,0.731,0.055276381909547735,0
56,1,1,3,1,0,0,37,4,1,3,0.23637375029098154,0,9257.0,0.722,0.21082164328657313,72,0.895,0.0,0
48,0,4,2,2,4,0,41,3,3,2,0.0025304056811688916,1273,249.0,0.735,0.2562267391926711,77,0.674,0.8402010050251255,0
48,0,3,3,2,4,0,40,1,3,3,0.06293363807036162,2149,1371.0,0.539,0.17749785284855424,78,0.696,0.6140703517587939,0
47,0,3,2,1,1,0,41,5,3,3,0.1848586812263247,660,6893.0,0.549,0.20320641282565127,67,0.457,0.08743718592964823,0
33,1,4,3,2,1,0,25,4,1,1,0.2180230185290997,1929,6721.0,0.777,0.13444030918980818,63,1.032,0.22412060301507536,0
41,1,4,2,1,3,0,28,3,2,3,1.0000000000000002,0,34516.0,0.743,0.18786143716003434,61,0.743,0.0,0
30,0,2,4,0,4,0,36,3,1,2,0.03212738491491247,1845,656.0,0.668,0.13758946464357286,65,0.806,0.7417085427135678,0
54,1,3,2,1,3,0,41,3,3,2,0.2723798813097646,1569,8879.0,0.482,0.06149441740624105,39,0.444,0.1507537688442211,0
48,0,4,5,1,4,0,29,1,3,2,0.012234828902856008,1802,41.0,0.762,0.2673346693386774,73,0.738,0.9829145728643215,0
56,0,0,2,2,4,0,44,3,2,0,0.004253621019599314,768,811.0,0.888,0.2124821070712854,72,0.946,0.4884422110552763,0
46,0,4,5,2,4,0,35,5,2,3,0.038808623332335694,1473,1249.0,0.737,0.1488119095333524,69,0.683,0.543718592964824,0
51,0,2,2,1,4,0,37,1,2,3,0.17110319036692395,1829,5269.0,0.557,0.7219582021185228,102,0.789,0.25929648241206027,0
45,0,4,3,2,4,3,36,2,5,2,0.39233985434295615,0,14416.0,0.788,0.760950472373318,99,0.65,0.0,0
53,0,0,5,1,1,0,40,1,3,3,0.04032021573446764,2414,358.0,0.805,0.27386200973375324,68,1.194,0.8753768844221105,0
35,1,1,4,1,3,0,27,3,3,4,0.727913367616249,1363,24153.0,1.172,0.10231892356140852,38,0.727,0.05326633165829145,0
52,0,0,1,2,4,0,36,2,2,3,0.0,978,460.3,0.773,0.023876324076724877,33,0.571,0.6834170854271356,1
53,1,1,3,1,1,0,43,1,2,3,0.051626926902414626,0,3146.0,0.414,0.07661036358431147,38,0.31,0.0,1
49,0,3,2,1,4,0,36,5,2,4,0.04612473055865433,2043,921.0,0.692,0.21843687374749496,69,0.468,0.6924623115577888,0
68,1,0,3,1,4,0,52,1,3,2,0.0,900,538.3,0.743,0.013169195533924993,21,0.615,0.629145728643216,1
54,1,3,2,2,1,0,44,6,3,3,0.12282292904282949,0,5501.0,0.519,0.08703120526767821,51,0.821,0.0,1
47,1,1,3,2,3,0,36,4,3,4,0.4902608101530639,0,17655.0,0.583,0.18104780990552533,79,0.549,0.0,0
31,0,0,3,2,4,3,21,3,1,3,0.3889841192102232,1288,13017.0,0.774,0.8152877182937303,119,0.63,0.09045226130653265,0
45,1,4,3,1,3,0,35,5,2,3,0.25436169987635177,2277,7575.0,0.831,0.1879759519038076,71,0.614,0.2321608040201005,0
52,0,3,5,2,4,0,36,2,1,3,0.05446872061842269,0,3240.0,0.812,0.2446607500715717,83,0.804,0.0,0
47,0,3,2,1,4,0,34,3,3,2,0.0037094477548318128,0,1561.0,0.502,0.08113369596335528,28,0.556,0.0,1
51,1,1,2,1,0,1,37,2,3,1,1.0000000000000002,2417,32099.0,0.947,0.7152018322359004,117,0.625,0.07035175879396985,0
44,0,2,0,2,4,0,34,3,2,1,0.02995069185584246,1687,742.0,0.766,0.20566847981677638,74,0.85,0.6984924623115577,0
38,1,2,2,1,3,0,36,5,3,4,0.30249080196023304,1278,10166.0,1.31,0.11239622101345549,44,0.913,0.11256281407035175,0
62,1,1,2,1,4,0,36,6,3,2,0.04285969097004932,2517,339.0,0.615,0.22576581734898368,67,0.489,0.8854271356783919,0
34,0,4,2,2,4,0,28,3,2,3,0.0,0,1438.3,0.726,0.2345261952476381,86,0.792,0.0,0
62,0,0,5,2,4,0,36,6,3,3,0.13125761464672575,0,5780.0,0.394,0.34829659318637274,40,0.429,0.0,1
46,1,3,0,1,2,0,36,5,2,2,0.2582616082738522,807,9174.0,0.655,0.053020326367019754,30,0.667,0.0814070351758794,0
48,0,1,0,0,4,0,36,6,3,0,0.07762631621908417,1646,2360.0,0.746,0.2562839965645577,89,0.534,0.41306532663316575,0
43,0,3,2,1,1,0,32,4,3,3,0.038173754523440274,2498,203.0,0.637,0.12298883481248211,37,0.609,0.9296482412060301,1
48,1,1,0,1,2,0,44,2,3,1,0.42072755965499414,1823,13532.0,0.809,0.8315488119095333,111,1.018,0.11959798994974873,0
42,1,3,4,1,3,0,37,1,1,3,0.92714124621724,0,32106.0,0.678,0.22456341253936443,83,0.729,0.0,0
36,0,2,2,0,1,0,20,4,3,2,0.250824573655363,1245,8490.0,1.079,0.13953621528771828,80,0.739,0.128643216080402,0
65,0,1,2,2,1,0,48,4,2,4,0.09555380210836911,637,3962.0,0.622,0.11898081878041798,78,0.592,0.13969849246231156,0
40,1,4,3,1,3,0,21,3,2,3,0.3042442491467061,2066,9436.0,0.889,0.243687374749499,85,1.125,0.1809045226130653,0
48,0,4,3,2,1,0,38,6,1,3,0.2024536167871406,0,8135.0,1.373,0.06790724305754366,29,0.812,0.0,0
53,0,2,3,2,4,0,36,2,2,3,0.013172016192177817,994,880.0,0.713,0.2097910105926138,78,0.857,0.5326633165829145,0
49,0,3,2,2,4,0,42,5,2,3,0.03536219265547485,2455,153.0,0.886,0.24311480103063268,85,0.889,0.9457286432160803,0
45,1,1,2,2,1,0,36,4,4,3,0.1553221656886664,0,6576.0,0.579,0.05353564271399942,34,0.619,0.0,0
53,1,0,3,1,2,0,46,4,4,2,0.004586171348068338,0,1590.0,0.556,0.21179501860864586,73,1.086,0.0,0
38,0,5,2,1,4,0,31,2,5,2,0.021606701796074095,1392,761.0,0.787,0.21402805611222442,85,0.667,0.650251256281407,0
41,1,3,2,1,2,0,29,2,2,1,0.47883317159294636,2151,15126.0,0.701,0.47569424563412543,97,0.732,0.12562814070351758,0
46,0,1,3,1,4,0,36,1,3,3,0.04942000199530198,2517,556.0,0.841,0.24780990552533635,77,0.974,0.8231155778894471,0
49,0,1,2,1,4,0,36,3,3,0,0.20526517865510605,0,8228.0,0.942,0.2145433724592041,80,0.702,0.0,0
32,1,1,2,2,1,3,16,3,3,1,0.4974862218352546,2517,15377.0,0.731,0.8459776696249642,111,0.586,0.1417085427135678,0
43,1,2,5,0,3,0,34,5,3,2,0.0004141763181841618,0,1452.0,0.97,0.23137703979387345,72,0.846,0.0,0
49,1,2,3,1,3,0,38,3,2,4,0.86023816649888,0,29893.0,0.519,0.0877755511022044,48,0.846,0.0,1
26,0,1,2,2,4,0,15,3,4,3,0.12170435066525184,0,5464.0,0.7,0.11125107357572288,46,0.484,0.0,0
38,0,2,3,1,4,0,27,5,2,1,0.40488607128065135,1302,13529.0,0.916,0.22542227311766386,73,0.698,0.08844221105527637,0
51,1,2,4,1,3,0,43,4,2,0,0.10253735900621871,1970,2860.0,0.799,0.2473518465502433,80,0.633,0.41005025125628136,0
57,0,3,5,0,4,0,36,3,4,1,0.026413565634853704,1789,523.0,0.867,0.26189521900944746,82,0.783,0.7778894472361808,0
45,1,3,5,2,0,0,35,2,3,5,0.1722217687445016,2517,4618.0,0.631,0.10163183509876896,42,0.448,0.3547738693467336,1
39,0,4,0,2,1,0,36,3,2,3,0.010209295083999197,0,1776.0,0.518,0.0956770684225594,31,0.292,0.0,1
30,1,0,2,2,4,3,36,4,3,3,0.3444828388914586,0,12833.0,0.853,0.5204122530775838,75,0.786,0.0,1
46,1,1,2,2,3,0,41,4,2,3,0.22606469010844168,0,8916.0,0.631,0.12842828514171198,62,0.676,0.0,0
40,0,4,4,2,1,0,31,4,2,1,0.02856002684588107,1828,555.0,0.814,0.24214142570855998,75,0.744,0.7708542713567839,0
26,1,0,4,1,1,0,36,6,1,4,0.04035044758251028,2080,693.0,0.695,0.1738906384196965,73,0.622,0.7537688442211055,0
50,1,1,1,1,3,0,36,5,3,3,0.5298342992408783,2207,16757.0,0.625,0.18923561408531347,78,0.625,0.11658291457286432,0
65,1,0,3,1,4,0,36,3,3,2,0.020216036786112702,1008,1099.0,0.953,0.19370168909247062,67,0.523,0.4804020100502512,0
50,1,2,3,1,2,0,41,6,2,2,0.054589648010593246,1762,1482.0,0.661,0.042599484683653016,32,1.0,0.5457286432160804,0
62,1,1,2,1,4,0,36,5,2,2,0.053198983000631854,2308,890.0,0.724,0.04992842828514171,35,0.842,0.7256281407035174,0
30,0,0,2,1,4,0,23,5,2,3,0.032036689370784556,1632,866.0,0.712,0.08691669052390495,35,1.188,0.6562814070351759,0
49,0,0,1,1,4,0,40,3,4,4,0.06374989796751288,2517,1030.0,0.805,0.12510735757228741,45,0.731,0.7135678391959798,1
51,0,1,4,2,1,0,46,4,1,3,0.02529498725727606,1219,1056.0,0.639,0.2448897795591182,72,0.6,0.5386934673366834,0
46,0,4,3,1,4,0,36,5,2,1,0.02828794021349732,1332,1042.0,0.686,0.21316919553392497,81,0.884,0.563819095477387,0
50,1,1,2,1,0,0,43,4,5,3,0.5901166042379005,0,20958.0,0.769,0.2230174634984254,78,0.696,0.0,0
42,0,5,3,1,4,0,35,5,4,3,0.002288550896827779,745,769.0,0.694,0.198912109934154,69,0.683,0.4944723618090452,0
37,0,1,2,2,4,0,36,6,2,4,0.1629103595473688,0,6827.0,0.754,0.11972516461494416,49,0.815,0.0,0
42,0,2,2,1,4,0,37,4,2,1,0.024539191056210087,1788,462.0,0.523,0.25067277411966793,71,1.152,0.7989949748743719,0
38,1,0,2,1,2,0,26,5,2,1,0.07167064215468427,1521,2288.0,0.692,0.23681649012310332,69,0.865,0.40100502512562813,0
47,1,1,2,2,3,0,31,4,1,2,0.5014768257768829,755,17271.0,0.931,0.12768393930718577,56,1.0,0.04221105527638191,0
54,0,0,1,2,4,0,43,4,1,3,0.05283620082412018,968,2218.0,0.696,0.20309189808187803,75,0.63,0.30552763819095474,0
40,0,3,2,2,1,0,29,3,3,3,0.031280893169718584,2332,141.0,0.293,0.06916690523904953,32,0.455,0.9477386934673365,1
46,1,5,3,1,1,3,28,5,1,3,0.5247855806177576,2158,16639.0,0.446,0.04775264815344976,40,0.538,0.11557788944723618,0
56,1,1,5,0,0,0,36,1,1,2,0.06928232615931582,0,3730.0,0.732,0.7710850271972516,102,0.619,0.0,0
45,0,4,3,1,1,0,35,6,1,0,0.044764297396735576,1670,1249.0,1.041,0.2097910105926138,72,0.756,0.5748743718592964,0
55,0,2,2,2,4,0,42,2,3,2,0.5927770068656527,1631,19415.0,0.731,0.40784425994846835,95,0.638,0.07738693467336683,0
44,1,3,4,1,1,0,36,5,2,2,0.3001327178129072,2109,9257.0,0.993,0.16976810764385913,70,0.795,0.18693467336683414,0
47,1,3,2,0,4,0,40,4,4,3,0.149910664889034,0,6397.0,0.632,0.11342685370741483,56,0.556,0.0,1
38,1,3,2,2,2,0,25,3,3,4,0.5095487292042675,0,18293.0,0.571,0.1390208989407386,63,0.432,0.0,0
40,1,2,2,1,3,0,36,6,1,3,0.0574919054226866,1282,2058.0,0.724,0.22880045805897506,82,0.547,0.385929648241206,0
45,1,2,0,1,1,0,36,1,1,1,0.09915139202544315,1591,3127.0,0.927,0.23292298883481247,80,1.0,0.33869346733668343,0
39,1,1,2,1,4,3,30,4,3,3,0.3838447050429746,630,13505.0,0.64,0.7542513598625823,99,0.768,0.045226130653266326,0
55,0,1,2,1,1,0,43,2,1,2,0.059033729672861184,1696,1695.0,0.537,0.21534497566561692,77,0.711,0.5025125628140703,0
46,0,3,2,2,4,0,26,3,3,3,0.022150875060841603,1418,753.0,0.505,0.050672774119667904,45,0.406,0.6562814070351759,0
44,1,4,2,2,3,0,37,3,3,1,0.39149336259776224,2517,11871.0,0.709,0.3728600057257372,85,0.635,0.1758793969849246,0
56,1,3,3,2,3,0,44,5,2,0,0.5318296012116925,912,18118.0,0.894,0.20652734039507584,72,0.532,0.04824120603015075,0
59,1,0,2,2,2,0,46,2,3,2,0.47704949255843065,1829,15389.0,0.638,0.4260521042084168,97,0.83,0.1065326633165829,0
44,0,3,2,2,4,0,33,6,2,3,0.008637238985781968,0,1724.0,0.669,0.24265674205553964,80,0.86,0.0,0
47,1,3,3,2,2,0,39,2,1,1,0.042466676945495004,1752,1091.0,0.624,0.18368164901231032,77,0.604,0.6190954773869346,0
39,0,3,2,1,4,0,27,3,3,2,0.014018507937371708,962,940.0,0.534,0.21030632693959345,69,0.725,0.5085427135678392,0
34,1,2,2,1,3,0,23,6,2,3,0.18528192709892166,1776,5791.0,1.275,0.10483824792442027,45,0.875,0.23618090452261303,0
41,0,2,2,2,4,0,29,6,3,0,0.038173754523440274,1839,862.0,0.765,0.22192957343257944,80,0.778,0.6844221105527638,0
49,1,4,3,1,3,0,31,2,3,3,1.0000000000000002,2517,31999.0,0.71,0.19811050672774116,65,1.031,0.07336683417085427,0
40,0,3,5,0,1,0,32,3,1,2,0.015651027731674212,958,998.0,0.789,0.2546235327798454,76,0.854,0.4924623115577889,0
50,1,1,2,1,3,0,45,5,2,2,0.9829190058559091,0,33951.0,0.822,0.05937589464643572,44,0.467,0.0,0
48,0,1,2,2,4,0,41,6,2,4,0.04724330893623197,482,2519.0,0.814,0.10724305754365875,42,0.615,0.16180904522613065,1
60,1,0,5,1,2,0,47,3,3,3,0.24226896065929618,2517,6935.0,0.73,0.07414829659318638,50,0.613,0.26733668341708544,0
56,0,3,2,2,4,0,36,3,3,3,0.25931972295534456,1872,8144.0,0.735,0.13020326367019752,37,0.542,0.18793969849246228,1
41,0,3,0,1,4,0,35,2,1,2,0.018976531016364505,1542,524.0,0.71,0.24947036931004865,76,0.617,0.7497487437185929,0
50,0,1,3,1,4,0,32,4,1,3,0.018643980687895474,1276,779.0,0.869,0.25737188663040367,70,0.707,0.6241206030150753,0
46,0,2,2,2,4,0,36,6,3,3,0.00884886192208044,0,1731.0,0.529,0.10157457772688235,46,1.0,0.0,1
44,0,2,2,2,4,0,39,6,3,3,0.01066277280463878,0,1791.0,0.735,0.12831377039793873,36,0.5,0.0,1
45,0,5,2,1,4,0,37,2,2,2,0.12173458251329447,1967,3498.0,0.644,0.7822502147151446,115,0.667,0.3618090452261306,0
47,1,4,5,2,0,0,37,3,2,6,1.0000000000000002,1126,33390.0,0.575,0.06905239049527627,35,0.4,0.033165829145728645,1
44,0,3,2,0,1,0,38,3,2,2,0.08557729225429822,1852,2417.0,0.682,0.2088748926424277,75,0.63,0.43618090452261304,0
50,0,2,5,2,4,0,37,3,3,0,0.21409287828355664,814,7706.0,0.504,0.037961637560835954,35,0.346,0.0964824120603015,0
37,1,1,2,2,3,0,24,6,3,4,0.2984095024744768,0,11309.0,0.474,0.24500429430289147,71,0.479,0.0,0
44,1,5,2,2,2,0,34,3,3,5,0.3639521490309181,2057,11420.0,0.684,0.19101059261379902,67,0.634,0.1537688442211055,0
65,1,0,2,2,1,0,36,5,2,3,0.021909020276500484,932,1231.0,1.127,0.09728027483538505,57,0.839,0.4331658291457286,0
47,1,2,4,1,4,0,36,6,1,3,0.07405895815005276,1663,2225.0,0.664,0.035213283710277696,37,0.423,0.43015075376884415,0
44,1,3,2,1,2,0,36,2,3,3,0.2320505960208842,0,9114.0,0.654,0.1265387918694532,52,0.625,0.0,1
35,1,3,2,2,1,0,30,3,1,3,0.2276669780547015,1226,7743.0,0.84,0.11669052390495276,59,0.735,0.13768844221105528,0
53,0,1,2,1,4,0,40,4,2,4,0.02856002684588107,1938,445.0,0.597,0.06218150586888062,37,0.682,0.8170854271356782,0
49,0,2,0,1,4,3,38,2,3,2,0.2812378127862578,2517,8224.0,1.087,0.447867162897223,71,0.821,0.23517587939698492,0
26,0,0,2,2,1,0,13,5,1,2,0.1274786336413959,0,5655.0,0.842,0.10203263670197539,61,0.649,0.0,0
48,0,2,2,2,4,0,43,6,3,3,0.0,0,1438.3,0.816,0.2020612653879187,89,0.816,0.0,0
37,1,3,2,1,1,0,36,4,2,4,0.22310196900026305,1437,7381.0,0.649,0.07643859146865159,31,0.938,0.16381909547738693,0
43,1,2,3,2,0,0,30,1,2,2,0.28592374923286684,2517,8379.0,1.028,0.25221872316060695,58,0.487,0.2321608040201005,1
40,1,3,2,1,3,3,36,6,3,0,1.0000000000000002,1002,33514.0,1.345,0.11732035499570569,68,0.7,0.02914572864321608,0
46,0,2,2,2,4,0,36,6,2,3,0.03469709199853679,2196,390.0,0.693,0.19547666762095617,78,0.857,0.8532663316582914,0
44,1,2,5,0,2,0,34,6,3,2,0.06686377831590468,1270,2380.0,0.792,0.21299742341826508,81,0.929,0.34974874371859294,0
43,1,1,2,2,3,3,37,4,3,2,1.0000000000000002,1440,33076.0,1.117,0.05983395362152877,34,2.4,0.04221105527638191,0
40,0,3,2,0,4,0,29,5,2,2,0.052352491255437957,2517,653.0,1.301,0.08571428571428572,49,0.815,0.7979899497487437,0
49,0,2,5,1,4,0,36,4,3,2,0.11066972612968859,1178,3921.0,0.912,0.18831949613512738,82,0.864,0.2321608040201005,0
54,0,3,5,1,1,0,49,3,1,3,0.005674517877603348,0,1626.0,0.664,0.24620669911251072,87,0.642,0.0,0
45,0,2,2,1,4,0,25,3,2,3,0.13521798674031146,916,4995.0,0.471,0.06447180074434583,31,0.722,0.1557788944723618,1
62,0,2,1,2,1,0,56,5,3,2,0.16200340410608963,1428,5369.0,0.747,0.19650730031491553,70,0.795,0.21105527638190952,0
49,1,0,3,2,3,0,43,6,3,1,0.013444102824561571,1295,588.0,0.81,0.2666475808760378,89,0.712,0.6914572864321606,0
56,0,2,2,0,1,0,50,5,2,2,0.110216248409049,1683,3401.0,0.923,0.2021185227598053,55,0.774,0.33266331658291454,0
52,0,1,3,2,4,0,36,3,3,3,0.027260057380047588,1101,1239.0,0.766,0.2273690237618093,68,0.7,0.4733668341708542,0
43,0,3,0,1,4,0,36,3,3,3,0.6192601057510044,1467,20455.0,0.696,0.39387346120813055,89,0.679,0.06733668341708543,0
59,1,0,0,1,4,0,49,3,3,3,0.0850028871414881,1095,3155.0,0.947,0.03687374749498998,27,0.8,0.25929648241206027,0
41,1,5,2,2,3,0,36,1,2,3,0.0,892,546.3,0.79,0.22307472087031202,88,0.66,0.6231155778894472,0
44,0,5,2,2,4,0,37,3,1,1,0.49419095039860694,1259,16526.0,0.806,0.19238476953907813,72,1.118,0.07135678391959797,0
38,0,3,2,2,4,0,28,6,2,2,0.03811329082735499,564,2135.0,0.683,0.24523332379043802,78,0.814,0.21005025125628138,0
42,0,2,1,1,4,0,32,6,6,0,0.004646635044153621,0,1592.0,0.745,0.2085313484111079,70,0.75,0.0,0
43,1,0,3,1,3,0,36,5,3,3,0.1943212496636707,0,7866.0,0.747,0.1324363011737761,53,0.828,0.0,0
43,0,5,2,1,4,0,23,5,3,3,0.2164207305828398,903,7694.0,0.773,0.265845977669625,78,0.733,0.10552763819095476,0
40,0,2,2,2,4,0,30,5,3,6,0.09129111153435701,0,4458.0,0.935,0.521614657887203,70,0.707,0.0,1
45,1,3,3,1,2,0,37,5,1,2,0.10752561393325413,1766,3229.0,0.76,0.22095619811050674,82,0.864,0.3557788944723618,0
55,0,1,0,2,4,3,36,3,1,3,0.3384364692829308,1661,10972.0,0.718,0.7929000858860579,98,0.69,0.1316582914572864,0
43,0,1,0,2,4,0,36,3,2,2,0.057552369118771866,2517,825.0,0.977,0.3044947036931005,81,0.8,0.7567839195979899,0
47,0,4,3,0,4,0,36,5,4,2,0.04044114312663819,1341,1435.0,0.744,0.21689092470655594,68,0.943,0.4854271356783919,0
49,0,3,0,1,4,0,41,3,3,3,0.004979185372622645,749,854.0,0.733,0.12104208416833666,43,0.483,0.4693467336683417,1
52,1,2,2,2,1,0,44,3,4,2,0.00301411524985111,666,872.0,0.642,0.24494703693100486,64,0.684,0.4351758793969849,0
53,1,3,3,1,0,0,44,4,2,0,0.22935996154508934,1005,8020.0,0.568,0.2222731176638992,87,0.706,0.11155778894472361,0
46,1,2,2,1,3,0,39,2,2,3,0.31630675651571905,2517,9384.0,0.781,0.42759805324935585,82,0.608,0.21206030150753766,0
41,1,3,2,2,3,0,37,3,3,3,0.5430758486835542,0,19402.0,0.58,0.08056112224448898,51,0.594,0.0,1
53,1,3,4,1,3,0,47,5,2,1,0.23180874123654308,975,8131.0,0.588,0.1908388204981391,74,0.644,0.10753768844221104,0
40,1,3,5,1,3,0,34,4,3,2,0.40515815791303506,2043,12797.0,0.778,0.9004294302891497,111,0.85,0.13869346733668342,0
40,1,4,2,1,2,3,25,5,3,2,0.8278598572452136,2517,26305.0,0.492,0.05576868021757801,35,0.296,0.08743718592964823,0
62,0,1,3,1,1,0,56,3,5,1,0.07161017845859902,2517,1290.0,0.506,0.06922416261093615,36,0.5,0.664321608040201,1
54,1,1,5,1,3,0,43,3,1,4,0.7389782239998549,1699,24183.0,0.428,0.06905239049527627,48,0.371,0.06633165829145729,0
46,0,2,2,1,4,0,33,3,3,3,0.02505313247293494,1283,984.0,0.761,0.21294016604637844,81,0.8,0.5688442211055276,0
53,1,1,2,1,0,0,41,6,3,2,0.005251272005006399,744,868.0,0.636,0.05920412253077584,33,0.5,0.464321608040201,0
52,0,2,4,1,4,0,40,2,2,1,0.11393476571829361,1121,4086.0,0.578,0.37921557400515316,84,0.647,0.21608040201005022,0
47,0,3,2,2,4,0,43,4,2,4,0.10955114775211094,1423,3639.0,0.775,0.22931577440595477,68,0.417,0.28241206030150756,0
43,1,3,2,2,0,0,23,5,2,2,0.08110297874398764,2084,2037.0,0.807,0.16787861437160032,49,1.042,0.5085427135678392,0
32,1,2,2,1,1,0,22,3,3,5,0.09978626083433856,0,4739.0,0.363,0.02038362439164042,21,0.4,0.0,1
35,0,1,5,1,4,0,36,3,2,3,0.0,670,768.3,0.909,0.21706269682221585,83,0.804,0.46834170854271356,0
39,1,3,5,1,2,0,29,4,3,4,0.022634584629523828,0,2187.0,0.467,0.08594331520183224,40,0.333,0.0,1
46,0,4,3,2,4,0,28,6,3,4,0.05344083778497296,0,3206.0,1.065,0.15591182364729458,72,0.532,0.0,0
42,0,3,2,2,4,0,32,2,2,3,0.059033729672861184,1359,2032.0,0.662,0.7261379902662468,107,0.646,0.4030150753768844,0
49,0,1,4,2,4,0,39,6,3,2,0.04358525532307265,1996,884.0,0.719,0.21780704265674203,81,0.884,0.6964824120603014,0
52,0,4,2,2,4,0,36,2,3,3,0.09074693826958949,1149,3291.0,0.842,0.8269682221586029,112,0.723,0.26030150753768844,0
39,1,4,2,2,2,1,34,3,3,2,1.0000000000000002,542,33974.0,0.866,0.1929000858860578,78,0.857,0.01608040201005025,0
48,0,3,5,1,4,0,38,1,3,2,0.08031695069487904,2517,1578.0,0.57,0.20870312052676782,77,1.026,0.6180904522613064,0
65,0,0,2,1,1,0,56,4,2,1,0.03790166789105651,1869,823.0,0.744,0.060921843687374744,36,0.895,0.6974874371859295,0
45,0,2,2,1,1,0,36,4,3,4,0.10607448522720747,1053,3894.0,1.195,0.16885198969367304,76,0.81,0.21407035175879394,0
60,1,1,5,2,2,0,54,1,2,1,0.06589635917854023,972,2646.0,0.578,0.21173776123675922,63,0.465,0.27035175879396983,0
50,0,2,5,2,1,0,35,4,3,1,0.04068299791097931,2458,326.0,0.798,0.2504437446321214,81,0.8,0.8874371859296482,0
41,0,3,2,1,4,0,32,3,2,3,0.0,0,1438.3,0.372,0.0756942456341254,38,0.31,0.0,1
33,0,2,2,2,4,0,21,3,3,2,0.13171109236736533,0,5795.0,0.746,0.10260521042084168,65,0.585,0.0,0
48,0,5,2,2,4,0,36,4,2,3,0.1876400112462475,931,6714.0,0.894,0.256856570283424,73,0.622,0.12261306532663316,0
53,1,2,5,1,3,0,36,1,3,3,0.09265154469627576,0,4503.0,0.659,0.012482107071285425,20,0.429,0.0,1
56,1,2,2,2,3,0,46,6,2,3,0.4396829283777288,0,15982.0,0.687,0.2274835385055826,80,0.667,0.0,0
56,0,1,0,1,4,0,44,2,4,4,0.0,0,1438.3,0.859,0.09928428285141712,37,0.423,0.0,1
46,1,2,3,1,2,0,42,3,3,2,0.17164736363169147,693,6423.0,0.759,0.24214142570855998,81,0.841,0.09748743718592964,0
52,0,1,2,1,1,0,46,5,1,2,0.030343705880396775,1507,935.0,0.631,0.22931577440595477,85,0.809,0.6201005025125628,0
54,0,1,3,1,4,0,43,6,2,3,0.026232174546597868,2200,106.0,0.697,0.08972230174634985,57,0.541,0.9587939698492461,0
47,1,4,3,1,1,0,42,6,0,0,0.10117692584429996,1362,3423.0,0.739,0.029487546521614654,38,0.9,0.28643216080402006,0
46,1,2,3,2,1,0,36,4,3,3,0.08134483352832877,0,4129.0,0.96,0.0657314629258517,40,1.0,0.0,0
44,0,3,1,2,1,0,40,4,1,3,0.06713586494828844,1356,2303.0,0.715,0.24798167764099624,74,0.762,0.3728643216080402,0
51,0,1,2,2,4,0,41,3,2,2,0.2392457758550323,1429,7923.0,0.728,0.17211565989121097,71,0.69,0.1537688442211055,0
43,0,3,2,1,4,0,37,2,3,3,0.061149959035845906,1767,1694.0,0.829,0.724248496993988,122,0.694,0.5135678391959798,0
60,0,1,2,2,4,0,51,3,3,4,0.668961263933103,1147,22419.0,0.629,0.21437160034354422,64,0.641,0.04924623115577889,0
44,0,3,2,1,4,0,31,5,2,0,0.7103788957515185,2053,22883.0,0.716,0.07328943601488691,38,0.727,0.08241206030150754,0
40,0,4,2,2,4,0,25,6,2,1,0.041529489656173195,2029,783.0,0.634,0.24237045519610648,74,0.762,0.7256281407035174,0
47,0,4,2,2,4,0,40,6,4,3,0.031280893169718584,0,2473.0,0.547,0.09178356713426854,44,0.419,0.0,1
50,1,2,2,2,1,0,43,2,1,3,0.012658074775452957,1603,254.0,0.579,0.06069281419982822,43,1.263,0.8673366834170854,0
51,0,2,3,2,1,0,37,5,1,1,0.03575520668002915,2426,195.0,0.727,0.24935585456627538,74,1.114,0.9306532663316582,0
56,1,1,0,0,3,0,36,3,3,3,1.0000000000000002,1477,33039.0,1.234,0.1067849985685657,50,0.724,0.04321608040201004,0
46,1,5,2,1,2,0,35,3,3,3,0.010632540956596138,796,994.0,0.722,0.17228743200687086,57,0.966,0.4472361809045226,0
46,0,0,2,2,4,0,34,6,1,2,0.23513424452123335,2059,7157.0,0.763,0.17749785284855424,78,0.56,0.22412060301507536,0
55,1,4,2,2,3,0,44,2,3,2,0.012567379231325039,794,1060.0,0.614,0.20068708846263955,80,0.739,0.43015075376884415,0
50,1,3,5,2,3,0,36,6,3,2,0.16587308065554743,0,6925.0,0.821,0.11314056684798167,36,0.44,0.0,1
40,1,3,3,1,3,0,36,6,3,1,0.24671304232156407,2356,7243.0,0.791,0.24185513884912682,84,0.68,0.24623115577889446,0
50,1,4,3,0,3,0,45,4,2,2,0.007518660608204324,992,695.0,0.721,0.21826510163183507,82,0.783,0.5909547738693467,0
42,0,2,5,1,1,0,29,1,2,2,0.005553590485432788,0,1622.0,0.709,0.23492699685084453,67,0.634,0.0,0
39,0,2,5,1,4,0,26,5,3,2,0.061452277516272295,2517,954.0,0.743,0.07105639851130834,34,0.889,0.728643216080402,0
63,1,0,3,2,2,0,48,5,3,1,0.012627842927410315,0,1856.0,0.5,0.07300314915545376,46,0.769,0.0,1
44,1,5,1,2,2,3,36,2,3,4,0.9886328251359678,0,34140.0,0.877,0.4378471228170627,76,0.52,0.0,1
65,1,2,2,2,4,0,36,4,2,3,0.04582241207822794,2517,437.0,0.619,0.07895791583166333,28,0.474,0.8562814070351757,1
56,1,3,2,2,2,0,49,3,1,3,0.0,0,1438.3,0.503,0.032235900372172915,22,0.833,0.0,0
53,0,4,2,1,4,0,49,5,5,4,0.2749495883933889,330,10203.0,0.823,0.11766389922702548,48,0.714,0.03115577889447236,1
45,0,3,2,2,4,0,32,5,3,0,0.026927507051578557,1465,864.0,0.815,0.21505868880618378,86,0.72,0.6321608040201004,0
30,1,1,5,0,4,0,22,5,3,4,0.33559467556692274,910,11629.0,0.856,0.12098482679645005,72,0.674,0.07336683417085427,0
35,1,3,2,1,2,0,26,6,3,2,0.07717283849844458,1982,2009.0,0.748,0.06475808760377899,35,0.944,0.49949748743718586,0
42,1,2,2,2,2,0,31,3,2,1,0.11278595549267334,2296,2873.0,0.773,0.236243916404237,88,0.796,0.44623115577889444,0
37,1,1,3,2,2,0,26,4,3,2,0.17869138422562636,2517,4832.0,0.877,0.12430575436587461,60,0.714,0.3437185929648241,0
43,0,3,3,2,4,0,36,3,3,2,0.0,0,1438.3,0.689,0.22164328657314628,73,0.698,0.0,0
40,0,5,0,1,4,0,35,3,1,3,0.030525096968652597,1693,755.0,0.502,0.04231319782421987,30,0.875,0.6954773869346732,0
53,0,1,5,2,4,0,43,6,2,3,0.02079044189892284,1257,869.0,0.632,0.21815058688806183,70,0.892,0.5939698492462311,0
63,0,1,0,2,1,0,56,5,3,2,0.049359538299216695,2044,1027.0,0.91,0.22347552247351846,68,0.659,0.6693467336683416,0
57,0,1,2,2,4,0,36,4,2,3,0.010058135843786002,1289,482.0,0.911,0.24523332379043802,84,0.867,0.7316582914572863,0
43,1,2,3,2,3,0,36,6,2,0,0.3924003180390414,0,14418.0,1.043,0.19181219582021183,68,0.7,0.0,0
40,0,2,3,2,4,0,30,6,3,4,0.1523896764285304,0,6479.0,0.946,0.11503006012024049,42,0.5,0.0,1
46,0,4,2,1,1,0,37,6,4,2,0.014320826417798097,1172,740.0,0.827,0.24683653020326365,81,0.884,0.6160804020100502,0
36,1,3,4,1,0,0,27,2,1,2,0.37592396085580315,0,13873.0,0.233,0.009390208989407383,18,0.286,0.0,1
40,1,1,4,1,2,0,36,6,3,4,0.512360291072233,890,17496.0,0.361,0.0668766103635843,43,0.483,0.04824120603015075,1
48,0,1,2,2,4,0,40,3,1,2,0.054801270946891724,2517,734.0,0.739,0.11182364729458917,50,0.471,0.7778894472361808,1
49,1,4,2,2,2,0,36,1,4,5,0.12769025657769437,1484,4178.0,0.434,0.06659032350415116,25,0.25,0.2633165829145728,1
61,1,0,2,1,2,0,49,4,3,4,0.057854687599198255,1713,1639.0,0.657,0.08141998282278844,50,0.667,0.5135678391959798,0
29,1,2,2,0,4,0,20,4,1,2,0.030948342841249553,2021,441.0,0.966,0.10249069567706841,57,0.676,0.8251256281407034,0
46,0,3,2,1,4,0,38,4,3,3,0.08702842096034491,2517,1800.0,0.944,0.0623532779845405,36,1.0,0.585929648241206,0
46,0,5,3,2,4,0,36,6,3,3,0.010541845412468227,1324,463.0,0.684,0.20349269968508443,79,1.026,0.7447236180904522,0
41,0,2,2,1,1,0,36,6,2,3,0.026927507051578557,1271,1058.0,0.729,0.2205553965073003,70,0.667,0.5487437185929648,0
36,1,0,2,1,4,0,23,5,2,4,0.11986020793465085,1854,3549.0,0.712,0.2205553965073003,74,0.542,0.34472361809045227,0
56,0,2,5,2,4,0,43,1,2,4,5.139414167248946e-05,1211,229.0,0.465,0.09224162610936158,40,0.481,0.8452261306532662,1
55,1,1,3,2,3,0,42,1,4,2,1.0000000000000002,1583,32933.0,0.824,0.6677354709418838,112,0.672,0.046231155778894466,0
47,0,4,2,1,4,0,30,2,3,3,0.02072997820283757,1573,551.0,0.728,0.2325794446034927,83,0.804,0.7447236180904522,0
60,0,1,2,2,1,0,36,2,3,1,0.07620541936108013,0,3959.0,0.806,0.25221872316060695,92,0.804,0.0,0
40,0,2,5,2,4,0,27,2,6,2,0.015923114364057966,0,1965.0,0.608,0.21402805611222442,91,0.857,0.0,0
51,0,3,4,1,4,0,46,5,3,2,0.1343110312990323,2005,3876.0,0.659,0.0802175780131692,56,0.806,0.342713567839196,0
51,1,1,2,2,3,0,34,4,3,3,0.06396152090381133,1563,1991.0,0.893,0.17807042656742053,59,0.735,0.4422110552763819,0
50,0,5,5,1,4,0,34,5,5,2,0.056796572917705894,1041,2276.0,0.923,0.2137990266246779,75,1.027,0.31557788944723614,0
31,1,0,3,2,1,0,25,3,2,3,0.09234922621584937,1388,3105.0,0.795,0.9856283996564558,104,0.763,0.31055276381909547,0
44,0,2,3,1,4,0,34,5,1,3,0.05404547474582575,2517,709.0,0.818,0.21683366733466933,81,0.884,0.7839195979899497,0
34,1,2,2,2,0,0,27,3,1,4,0.9031673907194273,2152,29161.0,0.679,0.11594617807042658,62,0.676,0.06934673366834171,0
45,0,0,0,0,4,0,35,6,1,3,0.13558076891682314,1686,4237.0,0.702,0.040423704551961065,35,0.591,0.28643216080402006,0
27,0,0,2,0,4,0,36,5,1,0,0.36280333880529786,2003,11436.0,0.936,0.2396221013455482,86,0.72,0.14974874371859295,0
49,0,2,2,1,1,0,35,4,1,1,0.0,0,1438.3,0.618,0.21860864586315487,79,0.646,0.0,0
35,1,2,3,1,1,0,21,3,3,1,0.04621542610278224,1843,1124.0,0.681,0.06544517606641855,58,0.526,0.6241206030150753,0
62,1,0,3,2,4,0,36,3,3,3,0.6013326198617196,2119,19210.0,0.644,0.21047809905525333,75,1.027,0.09949748743718592,0
34,1,2,3,1,3,0,22,4,3,2,0.2937235660278677,1612,9542.0,0.633,0.2180933295161752,77,1.026,0.14572864321608037,0
36,0,2,4,1,4,0,25,5,3,4,0.09863745060871829,1492,3209.0,0.805,0.06578872029773833,32,0.455,0.3185929648241206,0
45,1,4,2,2,3,0,36,6,3,1,0.2002769237280706,1485,6578.0,0.872,0.21442885771543085,77,0.833,0.18492462311557786,0
41,1,4,2,1,2,0,36,5,3,2,0.008939557466208357,857,877.0,0.752,0.24111079301460062,84,0.714,0.49648241206030147,0
59,1,1,2,2,1,0,51,3,4,3,0.07164041030664164,713,3095.0,0.787,0.24706555969081015,88,0.63,0.18793969849246228,0
54,1,4,3,2,3,0,39,1,3,3,0.1915096877957053,2465,5308.0,0.788,0.21425708559977094,69,1.029,0.3185929648241206,0
59,1,0,5,1,4,0,46,6,1,2,0.07560078240022736,2517,1422.0,0.376,0.05490981963927856,34,0.545,0.6422110552763819,0
43,0,4,2,2,4,0,28,2,2,1,0.04231551770528181,1934,904.0,0.873,0.4645863154881191,87,0.554,0.6844221105527638,0
36,1,3,3,2,3,0,31,6,1,1,0.11456963452718902,1443,3785.0,0.934,0.12327512167191525,62,0.938,0.27738693467336684,0
44,0,3,5,2,4,0,31,4,2,3,0.5023837812181621,940,17116.0,0.629,0.22576581734898368,72,0.6,0.05226130653266331,0
42,0,4,0,1,4,0,23,3,3,2,0.17122411775909452,0,7102.0,0.599,0.2034354423131978,68,0.744,0.0,0
48,0,3,2,1,1,0,36,6,2,2,0.03345758622878859,1894,651.0,0.911,0.23647294589178355,68,0.789,0.7477386934673366,0
41,1,3,2,1,0,0,31,3,3,2,0.3129207895349435,1420,10369.0,0.659,0.05342112797022616,32,0.684,0.12060301507537687,0
55,0,1,2,1,4,0,43,5,4,2,0.05208040462305421,1389,1772.0,0.307,0.058230747208703124,30,0.429,0.4412060301507537,0
57,0,2,2,1,1,0,46,3,1,3,0.10988369808057999,1533,3540.0,0.654,0.7380475236186659,122,0.743,0.30351758793969846,0
46,1,4,1,1,2,1,36,2,2,3,1.0000000000000002,1426,33090.0,0.823,0.4037789865445176,95,0.696,0.04120603015075377,0
46,0,1,5,1,4,0,28,5,2,6,0.019067226560492416,0,2069.0,0.656,0.127340395075866,55,0.667,0.0,1
51,1,5,2,0,0,0,45,6,3,6,1.0000000000000002,0,34516.0,0.757,0.4376180933295162,91,1.022,0.0,1
53,1,3,2,1,3,0,43,5,3,0,0.031008806537334822,2116,348.0,0.744,0.09046664758087604,43,1.048,0.8633165829145728,0
47,0,5,2,1,4,0,42,1,2,1,0.010269758780084473,822,956.0,0.68,0.20950472373318063,80,0.667,0.464321608040201,0
36,0,3,5,2,4,0,36,5,2,4,0.13035065920544658,1521,4229.0,0.837,0.09304322931577441,61,0.605,0.2663316582914573,0
50,1,3,4,1,2,0,45,6,4,3,0.018462589599639645,0,2049.0,0.974,0.12442026910964786,54,1.0,0.0,1
52,1,3,5,2,2,0,40,3,1,1,0.0,512,926.3,0.776,0.2439736616089321,82,0.708,0.35778894472361805,0
37,1,2,2,2,2,0,32,4,1,1,0.043131777602433065,1176,1689.0,0.665,0.16787861437160032,61,0.906,0.41206030150753764,0
49,1,3,0,1,3,0,37,5,1,2,0.02148577440390354,1796,353.0,0.628,0.26899513312338963,93,0.661,0.8402010050251255,0
54,0,2,2,1,1,0,36,5,3,0,0.012567379231325039,1528,326.0,0.444,0.04448897795591182,39,0.393,0.8281407035175878,0
43,1,2,0,1,2,0,28,4,2,3,0.6263645900410246,1355,20802.0,0.69,0.07907243057543659,55,0.571,0.06130653266331658,0
38,0,2,5,2,4,0,32,5,3,3,0.02496243692880703,0,2264.0,0.479,0.0385914686515889,28,0.333,0.0,0
48,0,4,0,1,4,0,36,3,2,1,0.056584949981407416,0,3310.0,0.748,0.8022902948754652,89,0.854,0.0,0
42,1,4,5,1,3,0,36,6,5,1,0.03049486512060997,2195,252.0,0.717,0.22983109075293442,80,0.667,0.9015075376884422,0
59,0,1,2,2,4,0,51,1,4,4,0.08521451007778655,2517,1740.0,0.703,0.13157744059547666,50,1.083,0.5939698492462311,1
39,0,1,2,2,4,3,30,5,2,2,0.26458006451476374,891,9299.0,0.678,0.18539937016890923,59,0.967,0.08743718592964823,0
45,0,4,2,1,4,0,36,6,1,2,0.13757607088763732,0,5989.0,0.668,0.21276839393071856,78,0.857,0.0,0
31,1,1,2,1,4,1,21,3,2,2,0.4178857659389861,1109,14152.0,0.655,0.8538219295734326,125,0.761,0.07336683417085427,0
40,0,1,3,1,4,0,36,6,3,2,0.0989700009371873,0,4712.0,0.84,0.21105067277411965,82,0.64,0.0,0
48,0,3,3,1,4,0,37,1,2,3,0.0,0,1438.3,0.584,0.21219582021185227,83,0.844,0.0,0
51,0,4,2,2,4,0,36,4,3,1,0.03276225372380789,1898,624.0,0.674,0.20566847981677638,67,0.763,0.7567839195979899,0
34,0,3,2,1,4,0,27,1,2,1,0.13171109236736533,924,4871.0,0.86,0.2945319209848268,78,0.857,0.15979899497487435,0
50,1,3,0,1,2,0,42,1,2,3,0.3461758223818464,1822,11067.0,0.88,0.4432865731462926,79,0.837,0.1417085427135678,0
38,1,2,2,1,2,0,25,3,3,4,0.10163040356493955,1212,3588.0,1.254,0.1377039793873461,62,0.879,0.25326633165829143,0
40,0,3,5,2,4,0,30,5,1,2,0.005644286029560706,912,713.0,0.877,0.1968508445462353,73,0.698,0.563819095477387,0
50,0,1,5,1,4,0,43,6,3,4,0.0,0,1438.3,1.068,0.05204695104494704,41,1.05,0.0,0
55,0,1,2,1,4,0,36,3,1,0,0.03744819017041693,1555,1122.0,0.639,0.2420269109647867,81,0.688,0.5839195979899496,0
51,0,3,2,1,1,0,45,5,2,3,0.2321412915650121,1259,7858.0,0.88,0.18935012882908672,75,0.705,0.13869346733668342,0
57,1,3,4,2,3,0,50,3,1,1,1.0000000000000002,2293,32223.0,0.799,0.7876896650443744,114,0.754,0.06633165829145729,0
42,0,4,2,1,1,0,33,4,3,2,0.044734065548692935,0,2918.0,0.559,0.087374749498998,54,0.459,0.0,1
47,0,1,3,1,4,0,41,3,2,3,0.045701484686057385,1642,1308.0,0.8,0.241053535642714,83,0.694,0.5597989949748744,0
43,0,1,2,1,4,0,36,4,2,4,0.0029536515537658334,0,1536.0,0.571,0.08262238763240767,36,0.333,0.0,1
43,0,4,2,0,4,0,23,6,3,2,0.05286643267216282,2430,757.0,0.617,0.04906956770684226,33,1.357,0.7658291457286431,0
41,1,3,2,0,3,0,29,5,2,3,0.8856329188546967,1153,29580.0,0.987,0.1674778127683939,80,0.702,0.03819095477386934,0
40,0,4,2,2,1,0,27,2,2,2,0.0358761340721997,1594,1031.0,0.544,0.11165187517892929,47,0.567,0.6100502512562813,0
43,1,3,4,1,1,2,31,2,3,4,0.6815074808707982,593,23388.0,0.987,0.24208416833667332,65,0.512,0.025125628140703515,1
50,0,0,5,2,1,0,41,6,2,3,0.1834680162163633,1697,5810.0,1.098,0.2359576295448039,71,1.029,0.22713567839195978,0
59,1,1,2,1,1,0,53,5,1,2,0.08312851256284448,2200,1988.0,0.867,0.2508445462353278,86,0.72,0.5276381909547738,0
40,0,3,2,2,4,0,28,3,1,4,0.006309386686498761,1198,449.0,0.76,0.21425708559977094,76,0.81,0.7306532663316582,0
52,0,1,3,1,4,0,45,6,3,3,0.15916161039008156,893,5810.0,0.567,0.049126825078728883,28,0.75,0.13366834170854272,0
46,1,3,2,1,2,0,36,2,3,4,0.08551682855821297,0,4267.0,0.862,0.03074720870312052,23,0.769,0.0,1
32,0,1,3,1,4,0,36,1,1,2,0.08037741439096432,1293,2804.0,0.671,0.8814772401946751,100,0.786,0.3175879396984924,0
42,1,2,2,1,3,3,31,2,1,3,1.0000000000000002,1356,33160.0,0.71,0.7070140280561122,104,0.825,0.03919597989949748,0
46,1,0,2,1,2,1,36,3,3,2,1.0000000000000002,1092,33424.0,0.737,0.05032922988834812,39,0.345,0.0321608040201005,0
46,1,5,3,2,1,0,37,3,2,3,0.1481874495506036,1985,4355.0,0.403,0.17211565989121097,61,0.419,0.314572864321608,0
44,1,5,1,2,0,0,31,5,1,2,0.18528192709892166,2496,5071.0,0.709,0.2030346407099914,60,0.579,0.3316582914572864,0
57,0,3,2,0,1,0,47,1,3,2,0.08536566931799977,2517,1745.0,0.682,0.19541941024906956,75,0.744,0.5939698492462311,0
40,0,4,4,1,4,0,36,4,1,3,0.026534493027024257,1510,806.0,0.554,0.16839393071858,63,0.75,0.6552763819095477,0
51,0,3,2,1,4,0,36,5,2,2,0.02505313247293494,1357,910.0,0.697,0.22525050100200397,85,0.735,0.6020100502512562,0
37,0,4,3,2,4,0,18,4,1,2,0.01701146089359297,1366,635.0,0.86,0.23246492985971942,66,0.571,0.6864321608040201,0
57,0,1,3,2,4,0,41,4,4,3,0.030343705880396775,1699,743.0,0.639,0.2166046378471228,75,0.562,0.6994974874371859,0
58,1,2,5,1,3,0,46,6,1,3,0.23310871070237657,1806,7343.0,0.35,0.039507586601774974,36,0.333,0.1979899497487437,0
34,1,4,5,2,0,0,36,6,3,2,1.0000000000000002,2517,31999.0,0.975,0.08239335814486115,46,1.3,0.07336683417085427,0
48,1,4,2,1,2,0,43,5,3,3,0.2206531893088093,1629,7108.0,0.618,0.1915831663326653,55,0.774,0.18693467336683414,0
39,1,1,2,1,2,0,24,6,3,0,0.13022973181327605,1829,3917.0,0.649,0.05908960778700258,44,0.913,0.3195979899497487,0
46,1,3,5,2,2,0,36,5,1,2,0.12246014686631781,1189,4300.0,0.95,0.1537360435156026,64,0.882,0.21809045226130652,0
33,0,1,2,1,4,0,21,5,3,2,0.03484825123874998,2340,251.0,0.608,0.24048096192384769,82,0.708,0.907537688442211,0
39,0,3,5,1,4,0,30,6,3,4,0.04790840959317003,1348,1675.0,0.358,0.09670770111651876,44,0.63,0.4482412060301507,1
47,0,3,3,2,4,0,41,5,1,3,0.12672283744032992,748,4882.0,0.804,0.2504437446321214,81,0.761,0.13366834170854272,0
53,1,4,3,1,3,0,43,3,1,2,0.46114754048800255,2446,14246.0,0.853,0.043401087890065845,29,0.45,0.14773869346733667,0
47,1,3,2,1,2,0,29,4,3,3,0.17714955997545176,0,7298.0,0.589,0.22799885485256224,72,0.756,0.0,0
54,1,1,2,1,3,0,46,3,3,2,0.4267436974154793,2497,13057.0,1.027,0.1320354995705697,61,0.605,0.16180904522613065,0
46,1,3,5,1,3,0,36,3,2,2,0.6673287441388005,1562,21950.0,0.632,0.1851703406813627,60,0.538,0.06633165829145729,0
40,1,2,0,0,2,0,36,3,2,1,0.5703449756180146,0,20304.0,0.809,0.3987403378184941,85,0.667,0.0,0
48,1,4,5,0,3,1,38,4,3,1,1.0000000000000002,1426,33090.0,0.621,0.24529058116232463,71,0.69,0.04120603015075377,0
58,1,1,2,1,2,0,46,3,3,2,0.25947088219555775,1617,8404.0,0.578,0.042656742055539654,25,0.667,0.16180904522613065,0
50,0,0,3,1,1,0,43,2,3,1,0.08210062972939475,1060,3094.0,0.544,0.21729172630976237,86,0.72,0.2562814070351759,0
59,1,2,2,2,0,0,48,1,3,3,0.5006605658797316,1861,16138.0,0.791,0.241053535642714,78,0.95,0.10351758793969848,0
60,0,1,5,0,1,0,48,3,2,2,0.019097458408535058,0,2070.0,0.708,0.0723160606928142,53,0.963,0.0,0
45,0,4,2,1,4,0,35,4,2,2,0.03829468191561083,0,2705.0,0.736,0.24156885198969366,80,0.778,0.0,0
44,0,2,2,2,4,0,32,3,3,3,0.04815026437751114,1879,1152.0,0.788,0.04397366160893215,15,1.5,0.6231155778894472,0
31,1,0,4,1,4,0,21,1,2,2,0.07043113638493609,0,3768.0,0.799,0.34978528485542515,71,1.152,0.0,1
31,0,0,4,2,4,0,19,6,3,1,0.0401388246462118,1731,1035.0,0.569,0.19633552819925565,71,0.732,0.629145728643216,0
57,0,2,2,1,4,0,45,1,3,3,0.012748770319580868,0,1860.0,0.778,0.2621815058688806,62,0.722,0.0,0
36,1,3,2,2,0,0,36,6,2,4,0.6958978405390943,1300,23157.0,0.914,0.12648153449756655,65,0.912,0.05326633165829145,0
34,1,3,3,1,3,0,23,5,1,4,0.08303781701871654,2517,1668.0,0.861,0.09441740624105353,55,0.774,0.6040201005025125,0
49,1,4,5,1,2,0,34,5,3,2,0.3493501664263235,904,12090.0,0.627,0.1834526195247638,74,0.85,0.07035175879396985,0
38,0,1,2,2,4,0,22,3,3,3,0.031613443498187614,2149,335.0,0.669,0.038362439164042375,28,0.647,0.8693467336683416,0
40,1,4,2,1,2,0,36,3,2,3,0.6505198366270932,1407,21549.0,0.709,0.28766103635843115,64,0.6,0.06130653266331658,0
55,0,0,5,1,4,0,51,4,3,1,0.018220734815298532,1885,156.0,0.587,0.09092470655596908,48,0.778,0.928643216080402,0
47,0,4,5,2,1,0,36,1,1,0,0.0,0,1438.3,0.61,0.2683080446607501,78,0.66,0.0,0
45,0,3,5,1,4,0,38,6,5,1,0.03899001442059153,0,2728.0,0.879,0.23040366447180075,75,0.744,0.0,0
59,1,2,3,2,3,0,54,3,2,2,0.040894620847277775,2396,395.0,0.889,0.1218436873747495,43,0.344,0.8623115577889446,1
40,1,3,3,1,2,0,28,2,2,3,0.36319635282985213,2517,10935.0,0.781,0.4037789865445176,69,0.917,0.18793969849246228,0
48,0,1,1,1,4,0,43,2,3,1,0.03388083210138553,1514,1045.0,0.57,0.20538219295734325,69,0.643,0.5949748743718593,0
40,0,3,3,2,4,0,27,3,3,3,0.0,0,1438.3,0.845,0.21769252791296878,78,0.696,0.0,0
47,1,4,5,1,2,0,42,4,1,2,0.12929254452395422,1214,4501.0,0.858,0.18064700830231892,63,0.658,0.2130653266331658,0
51,0,2,0,2,4,0,37,4,4,2,0.055194284971446024,2508,756.0,0.887,0.25399370168909247,78,0.814,0.771859296482412,0
43,0,2,3,2,4,0,37,4,3,0,0.15638028037015878,1041,5570.0,0.744,0.2008016032064128,74,0.682,0.15778894472361807,0
44,0,2,1,0,4,0,39,6,4,1,0.2544826272685223,671,9185.0,0.662,0.2793014600629831,83,0.729,0.06834170854271357,0
44,0,4,2,2,4,0,36,2,1,2,0.18231920599074303,1378,6091.0,0.859,0.8413970798740338,108,0.862,0.18492462311557786,0
45,0,2,2,2,1,0,36,5,4,3,0.0,986,452.3,0.649,0.26372745490981964,81,0.8,0.6894472361809045,0
44,0,4,5,1,4,0,33,1,2,1,0.2053256423511913,1333,6897.0,0.692,0.4125966218150587,84,0.68,0.1628140703517588,0
35,0,4,3,1,4,0,24,3,2,4,0.0035280566665759766,872,683.0,0.772,0.09859719438877755,51,0.645,0.563819095477387,1
61,0,1,0,2,4,0,50,4,4,1,0.1582546549488024,2458,4215.0,0.625,0.20675636988262236,82,0.547,0.3698492462311557,0
47,0,4,0,1,4,0,38,3,1,2,0.03611798885654082,1924,709.0,0.806,0.16472945891783566,66,0.535,0.7346733668341707,0
49,1,4,5,1,3,0,39,2,3,2,0.21533238405330482,915,7646.0,0.637,0.3899799599198397,79,0.491,0.10753768844221104,0
44,0,1,3,1,1,0,31,2,2,3,0.0941631370984077,1538,3015.0,0.514,0.25588319496135126,95,0.557,0.33969849246231154,0
43,1,3,2,2,2,0,34,6,1,2,0.5839795390852448,2276,18479.0,0.801,0.23389636415688517,79,0.837,0.11055276381909547,0
55,0,4,2,1,1,0,45,2,4,3,0.02175786103628729,0,2158.0,0.585,0.004866876610363582,12,0.714,0.0,1
50,0,3,2,0,4,3,45,2,1,2,1.0000000000000002,2381,32135.0,0.748,0.8325794446034926,103,0.717,0.06934673366834171,0
36,0,2,4,0,4,0,25,5,2,4,0.2260949219564843,1091,7826.0,1.152,0.1601488691669052,80,0.86,0.12261306532663316,0
52,0,1,0,1,4,0,40,5,3,1,0.26841950921617885,642,9675.0,0.553,0.19519038076152304,60,0.875,0.06231155778894472,0
47,0,2,3,1,1,0,40,2,1,3,0.07968208188598361,1868,2206.0,0.688,0.8288004580589751,118,0.761,0.46130653266331656,0
42,0,3,2,2,1,3,26,6,2,2,0.4131393657962918,1204,13900.0,0.824,0.21351273976524476,79,0.58,0.08040201005025126,0
56,0,1,3,2,4,0,43,3,2,2,0.04488522478890613,1934,989.0,0.577,0.19072430575436586,68,0.7,0.6653266331658291,0
32,1,1,1,2,2,0,27,5,3,3,0.25971273697989883,606,9423.0,0.727,0.09516175207557974,58,0.657,0.06030150753768843,0
46,1,2,5,1,2,0,30,4,3,2,0.0,681,757.3,0.731,0.11434297165760092,38,0.583,0.4753768844221105,1
44,0,4,2,1,4,0,28,5,2,3,0.017585866006403113,0,2020.0,0.716,0.11972516461494416,45,0.552,0.0,1
46,0,3,0,2,4,0,41,1,3,2,0.03164367534623024,861,1624.0,0.566,0.2403664471800744,81,0.761,0.3477386934673366,0
44,0,1,2,0,4,0,36,3,2,1,0.4739658440580814,1289,15827.0,0.559,0.17761236759232749,50,0.923,0.07537688442211055,0
54,0,3,1,2,4,0,39,4,3,3,0.009846512907487524,0,1764.0,0.651,0.24775264815344974,92,0.804,0.0,0
47,0,1,5,2,1,0,34,5,1,3,0.019974182001771597,1164,935.0,0.717,0.2256513026052104,80,0.667,0.5577889447236181,0
39,1,2,2,1,3,0,21,5,3,3,0.05570822638817089,1272,2009.0,0.799,0.08451188090466648,34,0.545,0.38994974874371857,0
42,0,3,0,1,4,0,27,1,1,1,0.17497286691638175,1889,5337.0,0.661,0.23607214428857712,71,0.614,0.2623115577889447,0
49,1,3,2,2,3,0,44,1,3,4,0.08905395477920172,0,4384.0,0.684,0.07454909819639279,49,0.581,0.0,1
62,1,1,2,2,4,0,36,5,1,1,0.5145067522832604,2248,16209.0,0.578,0.17595190380761522,69,0.643,0.12261306532663316,0
42,0,3,4,1,4,0,36,4,3,2,0.08736097128881393,1749,2579.0,0.806,0.2326367019753793,72,1.0,0.40603015075376886,0
38,0,2,2,2,4,0,28,6,2,1,0.05344083778497296,2459,747.0,0.696,0.19020898940738618,65,0.625,0.7708542713567839,0
58,0,2,3,0,4,1,36,5,4,3,1.0000000000000002,1864,32652.0,0.664,0.17549384483252217,52,0.733,0.054271356783919596,0
43,1,5,2,0,0,3,31,5,3,3,1.0000000000000002,1699,32817.0,0.771,0.06286859433152019,38,0.727,0.04924623115577889,0
54,1,2,0,1,3,3,39,4,1,4,1.0000000000000002,2305,32211.0,0.586,0.7572860005725737,106,0.71,0.06733668341708543,0
50,1,4,2,1,3,0,39,3,1,2,0.3162765246676764,1796,10104.0,0.651,0.8093902089894074,101,0.98,0.15175879396984923,0
51,1,1,5,1,3,0,42,6,2,2,0.7182694080906472,2517,22680.0,0.721,0.14154022330375035,58,0.812,0.10050251256281406,0
65,1,0,1,0,4,0,56,6,1,3,0.004072229931343478,653,920.0,0.71,0.1614085313484111,77,0.674,0.4170854271356783,0
36,0,0,0,2,4,0,27,6,3,2,0.05573845823621353,1843,1439.0,0.625,0.11932436301173775,79,0.646,0.5648241206030151,0
31,0,0,3,1,4,0,22,4,2,1,0.055466371603829785,2517,756.0,1.465,0.12573718866304034,57,0.727,0.7728643216080402,0
53,0,3,4,1,4,0,43,4,3,4,0.0,0,1438.3,0.939,0.20297738333810475,71,0.614,0.0,0
46,0,3,2,1,1,0,37,2,3,4,0.12406243481257767,0,5542.0,0.808,0.4417978814772402,59,0.639,0.0,1
48,1,3,0,1,1,0,35,3,1,3,0.034878483086792623,0,2592.0,0.767,0.20881763527054106,85,0.771,0.0,0
50,0,2,2,1,4,0,39,3,2,1,0.010118599539871279,0,1773.0,0.228,0.07065559690810191,30,0.111,0.0,1
47,1,3,2,2,2,0,36,3,2,1,0.0347877875426647,1693,896.0,0.878,0.21351273976524476,83,0.766,0.657286432160804,0
50,0,1,2,2,4,0,36,1,3,4,0.029739068919543983,502,1920.0,0.997,0.11554537646722014,46,0.484,0.2080402010050251,1
45,1,5,0,2,1,0,36,4,3,3,0.10713259990869983,0,4982.0,0.886,0.46126538791869454,58,1.0,0.0,1
44,0,2,5,2,4,0,37,5,2,3,0.03415291873376928,1875,693.0,0.578,0.2132264529058116,85,0.735,0.7336683417085427,0
52,0,3,2,1,4,0,40,2,2,1,0.2355574903938303,1518,7712.0,0.774,0.7759519038076153,99,0.833,0.16482412060301507,0
47,0,4,4,1,1,0,36,6,2,3,0.023511308222760353,1800,416.0,0.751,0.2393930718580017,83,0.694,0.8160804020100503,0
52,1,3,2,1,3,0,32,6,3,3,0.8882630896344063,1724,29096.0,0.948,0.1644431720584025,75,0.923,0.056281407035175875,0
41,0,2,5,1,1,0,36,5,3,3,0.037841204194971244,1912,778.0,0.692,0.177841397079874,68,0.7,0.7145728643216079,0
36,0,1,5,1,4,0,36,6,1,3,0.03545288819960276,537,2074.0,0.848,0.2628685943315202,83,0.804,0.20703517587939696,0
50,0,2,4,1,4,0,36,1,2,2,0.057794223903112986,1335,2015.0,0.781,0.25055825937589465,89,0.561,0.40100502512562813,0
44,0,2,5,1,4,0,28,2,2,0,0.02529498725727606,1265,1010.0,0.755,0.29178356713426856,77,1.081,0.5587939698492462,0
47,1,3,2,2,2,3,36,1,1,2,0.8785284345646766,1990,28508.0,0.839,0.8973375322072716,120,0.791,0.06532663316582914,0
41,1,3,5,1,3,0,31,4,2,2,0.09981649268238119,1348,3392.0,0.472,0.050157457772688235,23,0.533,0.2854271356783919,0
61,1,1,5,2,1,0,36,6,1,1,0.10885581524713026,1352,3687.0,0.797,0.1586029201259662,68,0.545,0.2693467336683417,0
47,1,4,3,0,2,0,36,6,1,3,0.015258013707119905,1654,289.0,0.648,0.1638705983395362,70,0.591,0.8552763819095477,0
58,1,3,3,1,2,0,46,5,3,2,0.20393497734122992,1205,6979.0,0.965,0.09218436873747494,49,0.69,0.14773869346733667,0
48,0,3,5,1,4,0,41,5,3,2,0.10646749925176177,0,4960.0,0.882,0.10878900658459777,48,0.548,0.0,1
45,0,4,0,2,1,1,30,1,2,1,0.6533918621911439,1836,21215.0,0.743,0.7937589464643573,107,0.814,0.08040201005025126,0
46,1,3,1,0,3,0,35,5,3,3,0.2572941891364877,0,9949.0,0.574,0.09602061265387919,40,0.481,0.0,1
47,1,2,5,1,2,0,32,1,3,6,0.010602309108553504,0,1789.0,0.637,0.1290581162324649,49,0.581,0.0,1
47,0,4,5,1,1,0,36,3,1,3,0.3870492809354943,2081,12160.0,0.909,0.06017749785284855,44,0.833,0.14673366834170853,0
47,0,4,4,1,4,0,39,6,2,2,0.010632540956596138,0,1790.0,0.516,0.20675636988262236,87,0.74,0.0,0
46,1,3,3,2,1,0,42,3,2,1,0.20698839399353644,1359,6926.0,0.634,0.3821929573432579,84,0.826,0.16482412060301507,0
34,0,2,3,0,4,0,36,3,6,3,0.02985999631171455,0,2426.0,0.888,0.2512453478385342,81,0.8,0.0,0
38,0,3,3,1,1,0,27,2,3,3,0.02795538988502829,2033,330.0,0.498,0.19318637274549097,66,0.61,0.8643216080402009,0
51,1,4,3,1,2,0,38,5,2,3,0.27280312718236155,1824,8638.0,0.736,0.04219868308044661,31,0.55,0.17487437185929647,0
35,0,2,0,1,1,0,29,6,1,3,0.2884632244684485,1726,9254.0,0.856,0.07443458345261952,36,0.636,0.15778894472361807,0
55,0,3,2,1,4,0,36,6,2,3,0.04827119176968169,2298,737.0,1.724,0.07712567993129116,37,1.176,0.7608040201005024,0
44,0,4,1,1,4,0,36,5,2,4,0.21853695994582453,1775,6892.0,0.729,0.19519038076152304,69,0.533,0.20603015075376882,0
54,1,1,5,1,0,0,40,4,1,2,0.32189964840360724,1264,10822.0,0.986,0.8605210420841684,91,0.717,0.10552763819095476,0
57,0,3,3,1,4,0,39,6,4,2,0.040592302366851386,992,1789.0,0.701,0.23172058402519322,81,0.929,0.35879396984924616,0
55,1,2,2,1,4,1,46,3,5,3,0.439834087617942,0,15987.0,0.82,0.8773547094188376,117,0.56,0.0,0
57,0,4,2,1,4,0,36,3,1,2,0.02178809288432993,1004,1155.0,0.603,0.04712281706269682,30,0.111,0.4673366834170854,0
45,0,1,2,1,4,0,33,6,3,2,0.0,1201,237.3,0.749,0.24740910392212997,86,0.72,0.8391959798994973,0
49,0,3,2,2,1,0,33,5,3,2,0.2586848541464491,1713,8282.0,0.96,0.03675923275121672,38,0.462,0.17185929648241205,0
40,1,5,2,2,0,3,31,1,3,3,1.0000000000000002,2203,32313.0,0.728,0.7829373031777841,96,0.92,0.064321608040201,0
44,0,2,2,1,4,0,30,3,2,3,0.24668281047352145,1092,8506.0,0.6,0.09653592900085885,54,0.588,0.11457286432160803,0
44,0,3,2,2,4,0,34,3,3,4,0.04074346160706458,1635,1151.0,0.921,0.22914400229029483,82,1.0,0.5899497487437185,0
46,0,3,3,1,4,0,41,2,1,4,0.0023187827448704137,0,1515.0,0.819,0.19261379902662465,60,0.818,0.0,0
55,1,2,3,2,0,0,49,6,3,4,0.04808980068142587,1505,1524.0,0.56,0.10672774119667906,50,0.471,0.49949748743718586,0
57,1,5,3,1,3,0,50,4,2,3,0.36244055662878616,0,13427.0,0.521,0.04620669911251074,27,0.588,0.0,0
45,0,4,3,1,4,0,36,5,2,2,0.0237833948551441,0,2225.0,0.611,0.20658459776696247,85,0.771,0.0,0
48,0,5,2,2,4,0,38,5,3,2,0.0050396490687079284,1300,305.0,0.95,0.22702547953048954,67,0.718,0.8140703517587939,0
47,0,2,2,1,1,0,36,5,2,3,0.02469035029642328,1733,522.0,0.903,0.24288577154308613,83,0.729,0.7728643216080402,0
43,0,2,2,1,4,0,32,2,3,1,0.04388757380349904,1392,1498.0,0.736,0.21202404809619235,77,0.791,0.48442211055276374,0
29,0,1,5,2,4,0,36,1,2,1,0.06656145983547829,1419,2221.0,0.749,0.73152018322359,99,0.678,0.39195979899497485,0
47,0,4,4,2,1,0,36,6,3,3,0.044068964891754873,0,2896.0,0.961,0.254222731176639,85,0.889,0.0,0
53,1,2,3,1,0,0,46,4,3,1,0.18247036523095622,0,7474.0,0.858,0.011565989121099341,21,0.615,0.0,1
42,0,2,2,2,1,3,32,4,3,3,0.4979396995558941,0,17909.0,0.225,0.31188090466647583,58,0.487,0.0,1
52,1,2,3,1,2,0,45,5,1,4,0.6907584263718457,1676,22611.0,0.506,0.28428285141711995,69,0.816,0.06934673366834171,0
43,1,2,3,1,2,0,25,3,2,3,0.018462589599639645,1530,519.0,1.344,0.2285141711995419,70,0.628,0.7507537688442211,0
42,1,2,2,2,3,0,30,4,2,1,0.8391363365651179,892,28303.0,0.565,0.2222158602920126,67,0.763,0.03115577889447236,0
40,0,2,2,1,4,0,28,3,1,2,0.029708837071501355,1747,674.0,0.691,0.04672201545949041,30,1.308,0.7256281407035174,0
48,0,2,3,2,4,0,36,3,3,3,0.12227875577806196,535,4948.0,0.681,0.08708846263956484,49,0.633,0.09849246231155778,0
53,0,2,2,1,4,0,44,3,2,4,0.06290340622231896,0,3519.0,0.548,0.06527340395075866,33,0.65,0.0,0
60,1,1,2,0,1,0,49,4,3,2,0.047575859264701,0,3012.0,0.538,0.044947036931004866,23,0.278,0.0,0
50,0,4,2,2,4,0,44,5,1,1,0.28063317582540503,0,10721.0,0.861,0.25376467220154597,74,0.51,0.0,0
43,1,4,2,2,2,0,24,5,3,2,0.5366062332024294,0,19188.0,0.453,0.2196392785571142,69,0.816,0.0,0
52,0,3,2,2,4,0,36,3,1,2,0.2670893079023028,1657,8616.0,0.71,0.18597194388777552,70,0.591,0.16180904522613065,0
47,1,2,2,2,1,0,35,1,6,3,0.1315901649751948,1957,3834.0,0.654,0.4175780131691955,93,0.722,0.33969849246231154,0
52,0,4,2,1,4,0,45,1,1,3,0.06852652995824982,2168,1537.0,0.662,0.22456341253936443,89,0.894,0.5879396984924622,0
51,1,2,5,1,2,0,40,2,1,1,0.06411268014402452,0,3559.0,0.585,0.22719725164614943,94,0.649,0.0,0
33,0,2,2,2,4,0,17,4,3,4,0.030011155551927744,1846,585.0,0.612,0.21740624105353562,74,0.644,0.7628140703517587,0
51,0,3,2,2,4,0,46,3,2,2,0.08751213052902712,1848,2485.0,0.634,0.4072716862296021,85,0.771,0.4281407035175879,0
39,1,2,3,2,2,0,28,6,3,3,0.2688427550887758,957,9374.0,0.699,0.1812195820211852,81,0.653,0.09346733668341707,0
58,1,2,0,1,0,0,53,2,3,0,0.6943862481369624,2395,22012.0,1.071,0.10197537933008875,48,0.714,0.09849246231155778,0
53,0,2,0,1,4,0,37,2,3,2,0.01943000873700409,1342,739.0,1.06,0.2231892356140853,80,0.778,0.6482412060301507,0
49,0,4,5,1,4,0,36,3,2,3,0.3641335401191739,2517,10966.0,0.733,0.16587460635556825,72,0.6,0.18793969849246228,0
60,1,1,2,2,4,0,52,5,3,2,0.031673907194272884,1464,1022.0,0.731,0.04855425135986258,27,0.421,0.5919597989949748,0
45,1,3,2,2,4,0,36,2,1,0,0.026836811507450646,642,1684.0,0.814,0.2795877469224163,90,0.765,0.27738693467336684,0
56,0,2,5,1,4,0,36,3,1,2,0.21161386674406021,1825,6613.0,0.589,0.24437446321213854,89,0.712,0.21708542713567838,0
60,1,1,4,2,3,0,48,3,1,3,0.8832748347073709,0,30655.0,0.475,0.1574577726882336,78,0.625,0.0,0
31,0,1,3,2,4,0,22,5,1,5,0.15792210462033335,0,6662.0,0.934,0.15654165473804751,83,0.766,0.0,0
38,1,3,2,2,3,0,31,6,1,2,0.3687892447177404,0,13637.0,0.566,0.17721156598912108,73,0.659,0.0,0
33,1,3,2,1,3,0,36,5,3,4,0.03847607300386666,2073,638.0,0.711,0.05937589464643572,42,0.75,0.7688442211055276,0
51,1,2,0,1,3,0,45,3,3,1,0.6078022353428443,0,21543.0,0.53,0.1945605496707701,82,0.64,0.0,0
47,0,3,2,2,4,0,36,3,1,4,0.015923114364057966,1175,790.0,0.657,0.2318350987689665,87,0.74,0.601005025125628,0
42,1,3,2,1,4,0,38,2,3,3,0.16714281827333824,1767,5200.0,0.54,0.07953048955052963,38,0.52,0.2552763819095477,1
53,1,3,3,1,0,0,47,5,1,3,0.5333714254618671,2431,16650.0,0.37,0.05760091611795019,31,0.476,0.12763819095477386,0
41,0,3,3,1,4,0,15,1,1,2,0.09745840853505536,0,4662.0,0.661,0.2519896936730604,81,0.841,0.0,0
39,1,1,3,2,3,0,29,3,1,2,0.24916182201301787,2101,7579.0,0.626,0.8372172917263098,100,0.695,0.21809045226130652,0
55,1,2,2,2,2,0,36,5,3,1,0.004707098740238898,927,667.0,0.985,0.19015173203549957,65,0.806,0.5849246231155778,0
50,1,1,2,2,0,0,39,3,2,3,0.7882561363093565,2137,25375.0,1.048,0.03544231319782422,25,0.562,0.07839195979899496,1
51,0,3,0,1,1,0,36,2,3,3,0.10048159333931925,0,4762.0,0.526,0.13060406527340393,52,0.3,0.0,1
46,1,3,0,1,2,0,38,5,3,4,0.42459723620445194,1719,13764.0,0.686,0.23750357858574292,80,0.509,0.11155778894472361,0
40,0,3,2,1,4,0,25,1,2,3,0.16475450227796978,1878,5010.0,1.059,0.4871457200114515,64,0.829,0.2743718592964824,1
63,0,0,5,2,1,0,56,3,6,4,0.0,0,1438.3,0.864,0.17749785284855424,71,0.578,0.0,0
53,1,4,3,2,2,0,49,5,1,2,0.07315200270877359,0,3858.0,0.67,0.22570855997709702,92,0.614,0.0,0
54,0,0,2,1,4,0,36,5,3,4,0.11973928054248031,1723,3676.0,0.765,0.04363011737761237,34,0.889,0.32060301507537686,0
58,1,4,0,2,3,0,47,6,3,0,0.7458106216574913,1146,24962.0,0.476,0.18018894932722587,70,0.892,0.04422110552763819,0
44,0,2,1,0,4,0,36,1,2,2,0.014441753809968656,0,1916.0,1.041,0.13501288290867447,39,0.444,0.0,1
33,1,2,4,1,3,0,22,3,3,3,0.0,681,757.3,1.542,0.12596621815058687,48,0.778,0.4753768844221105,0
51,1,3,0,1,0,0,40,3,3,2,1.0000000000000002,1476,33040.0,0.763,0.779559118236473,119,0.776,0.04321608040201004,0
50,1,1,1,2,3,0,41,5,4,2,0.1097325388403668,991,4077.0,0.736,0.265845977669625,64,0.6,0.19698492462311556,0
37,1,3,2,1,2,0,31,3,1,3,0.105862862290909,1199,3741.0,1.57,0.15551102204408815,57,0.9,0.24422110552763815,0
54,0,2,2,1,4,0,42,4,1,1,0.3130719487751567,1018,10776.0,0.898,0.2872602347552247,87,0.706,0.08643216080402008,0
55,1,2,3,1,3,0,36,3,2,3,0.1534477911100228,2258,4256.0,0.785,0.04884053821929574,20,1.857,0.34874371859296477,0
58,0,4,5,1,4,0,47,3,3,3,0.041831808136599584,2173,649.0,1.456,0.03939307185800171,23,2.286,0.7738693467336683,0
38,0,4,2,2,4,0,28,2,3,3,0.2536965992194137,2055,7775.0,0.977,0.029315774405954762,23,0.917,0.21005025125628138,0
45,0,2,2,2,4,0,36,4,1,1,0.010481381716382944,0,1785.0,0.649,0.2538791869453192,82,0.907,0.0,0
49,0,3,0,1,4,0,29,3,3,3,0.017495170462275195,1557,460.0,0.738,0.19152590896077867,75,0.974,0.7758793969849246,0
49,1,4,3,1,0,1,36,1,1,1,1.0000000000000002,1634,32882.0,0.768,0.41557400515316345,94,0.469,0.04723618090452261,0
48,1,3,5,0,1,0,35,3,5,3,0.30197686054350814,2307,9120.0,0.848,0.8424277125679931,107,0.754,0.20301507537688443,0
57,1,2,2,1,3,0,36,6,3,3,0.1454061195306808,1493,4755.0,0.597,0.23670197537933005,60,0.579,0.2402010050251256,0
57,0,2,2,2,4,0,36,1,2,3,0.15248037197265835,1686,4796.0,0.753,0.40160320641282565,101,0.629,0.26130653266331655,0
45,0,2,1,1,4,0,31,4,3,4,0.038264450067568186,2262,442.0,0.87,0.10489550529630691,39,0.444,0.8412060301507537,1
36,1,0,2,1,3,0,30,5,3,2,0.11680679128234431,2414,2888.0,0.779,0.2149441740624105,74,0.682,0.457286432160804,0
46,0,2,2,2,4,0,41,5,3,0,0.09996765192259438,1270,3475.0,0.93,0.056627540795877465,31,0.938,0.2693467336683417,0
36,0,3,2,2,1,0,18,4,3,3,0.02499266877684967,1345,920.0,0.808,0.19919839679358717,73,0.49,0.5969849246231155,0
31,0,2,4,1,4,0,13,5,3,3,0.3761960474881869,0,13882.0,0.87,0.24437446321213854,82,0.822,0.0,0
52,1,1,5,2,0,0,41,1,1,3,0.3423968413765165,0,12764.0,0.71,0.16043515602633837,64,0.882,0.0,0
44,0,2,3,1,4,0,29,2,3,1,0.052352491255437957,2330,840.0,0.858,0.27638133409676496,91,0.978,0.7386934673366833,0
37,0,2,2,2,1,0,24,4,3,1,0.05855002010417896,1730,1645.0,0.514,0.21820784425994844,64,0.684,0.5155778894472361,0
47,1,2,0,0,3,0,31,3,1,3,0.11659516834604586,723,4572.0,0.793,0.2222731176638992,90,0.579,0.13768844221105528,0
36,0,2,3,2,4,0,26,3,2,2,0.1365784199022302,2517,3439.0,0.877,0.13157744059547666,46,0.484,0.4251256281407035,1
43,0,4,5,0,4,0,33,6,3,1,0.008093065721014467,0,1706.0,0.601,0.10541082164328656,45,0.5,0.0,1
57,0,3,1,2,4,0,36,5,1,1,0.007246573975820576,1162,516.0,0.722,0.22170054394503289,87,0.851,0.6954773869346732,0
47,1,1,2,1,2,0,36,4,3,2,0.5328272521970996,1714,17349.0,0.786,0.04237045519610649,21,0.615,0.09045226130653265,0
51,1,2,2,1,3,0,36,4,3,2,0.5388433899575847,1480,17782.0,0.649,0.24517606641855136,85,0.771,0.07738693467336683,0
34,0,0,2,1,1,0,26,3,3,2,0.04694099045580558,1830,1161.0,0.777,0.22238763240767248,77,0.878,0.615075376884422,0
39,0,1,2,2,4,0,24,4,3,3,0.02635310193876842,1306,1004.0,0.525,0.2183223590037217,74,0.682,0.5678391959798994,0
49,1,2,2,2,1,0,37,5,1,3,0.04700145415189085,1265,1728.0,0.579,0.2037789865445176,72,0.674,0.4251256281407035,0
58,0,1,4,0,4,0,52,4,1,3,0.011448800853747394,0,1817.0,0.503,0.10403664471800743,45,0.452,0.0,1
47,0,2,3,2,4,0,35,4,2,3,0.024901973232721746,0,2262.0,0.806,0.20515316346979673,83,0.627,0.0,0
49,1,5,5,1,2,0,43,3,3,3,0.015771955123844772,0,1960.0,0.493,0.09865445176066419,39,0.345,0.0,1
46,1,3,3,1,3,0,35,5,3,2,0.03421338242985456,1764,806.0,0.786,0.2239908388204981,85,0.771,0.6894472361809045,0
30,0,1,2,1,4,0,18,4,1,4,0.08884233184290324,2517,1860.0,0.941,0.47117091325508154,74,0.609,0.5778894472361809,1
44,0,2,0,2,4,0,34,4,3,3,0.009453498882933217,0,1751.0,0.506,0.08863441168050386,37,0.423,0.0,1
56,0,2,2,1,4,0,48,1,2,3,0.23138549536394612,1363,7729.0,0.83,0.8158602920125966,94,0.843,0.1507537688442211,0
47,0,5,2,2,1,0,40,4,3,4,0.07405895815005276,2517,1371.0,0.641,0.22026910964786714,88,0.725,0.650251256281407,0
52,0,0,4,2,4,0,40,4,3,2,0.0,797,641.3,0.87,0.23721729172630976,69,0.568,0.5567839195979899,0
47,1,2,2,1,1,0,37,3,3,1,0.027108898139834393,1373,962.0,0.876,0.2139707987403378,81,0.653,0.5909547738693467,0
47,1,4,0,1,1,0,35,6,1,2,0.06414291199206718,751,2809.0,1.096,0.2021185227598053,79,0.975,0.21206030150753766,0
54,0,3,2,1,4,0,49,4,1,3,0.014139435329542267,1271,635.0,0.574,0.046550243343830525,37,0.682,0.6703517587939698,0
48,0,3,3,1,4,0,36,5,2,1,0.0,0,1438.3,0.646,0.22673919267105638,65,0.625,0.0,0
36,1,4,1,1,2,0,17,5,2,4,0.04125740302378945,1848,955.0,0.614,0.08233610077297451,64,0.524,0.6623115577889447,0
43,0,3,0,2,4,0,32,5,3,3,0.08361222213152669,0,4204.0,1.073,0.18717434869739477,85,0.604,0.0,0
60,0,0,1,1,4,0,41,1,3,1,0.2809052624577888,970,9760.0,0.645,0.25244775264815345,71,0.972,0.09045226130653265,0
56,0,2,3,1,4,0,51,4,1,3,0.010813932044851975,1243,553.0,0.768,0.2167764099627827,87,0.891,0.6954773869346732,0
52,0,0,2,1,1,0,42,4,3,2,0.03883885518037832,1544,1179.0,0.794,0.20486687661036357,70,1.258,0.5698492462311556,0
54,0,2,0,2,4,0,36,1,3,3,0.025264755409233418,708,1566.0,0.677,0.4125393644431721,74,0.682,0.31256281407035175,0
42,0,3,3,1,1,0,34,6,3,1,0.0044350121078551435,1381,204.0,0.706,0.10478099055253363,40,0.379,0.8753768844221105,1
44,0,4,5,2,1,0,34,1,3,3,0.06707540125220315,0,3657.0,0.785,0.8171772115659891,95,0.667,0.0,0
44,0,4,2,1,1,0,36,6,3,3,0.0004141763181841618,0,1452.0,0.553,0.10060120240480962,42,0.5,0.0,1
35,0,2,2,1,4,0,36,4,2,0,0.034273846125939846,1161,1411.0,0.569,0.21671915259089605,85,0.518,0.45326633165829144,0
58,0,1,2,1,4,0,48,2,3,1,0.256598856631507,2216,7710.0,0.524,0.25233323790438017,73,0.553,0.22412060301507536,0
52,0,1,0,1,4,0,39,1,2,1,0.21366963241095968,0,8506.0,0.719,0.7878041797881478,113,0.638,0.0,0
38,1,3,2,1,3,0,22,2,2,1,0.05398501104974047,0,3224.0,0.761,0.18368164901231032,63,0.658,0.0,0
43,0,3,2,1,1,0,33,6,2,3,0.08781444900945351,0,4343.0,0.563,0.047065559690810194,35,0.944,0.0,0
45,1,2,0,0,1,0,37,5,1,2,0.28879577479691754,1328,9663.0,1.027,0.18104780990552533,60,0.714,0.121608040201005,0
64,1,1,2,2,4,0,36,4,3,1,0.01277900216762351,1677,184.0,0.742,0.26882336100772974,94,0.679,0.9055276381909547,0
43,0,3,3,1,4,0,36,3,3,2,0.2432363797966606,2451,7033.0,0.637,0.38431148010306326,95,0.508,0.25929648241206027,0
38,0,3,1,2,4,0,32,6,4,4,0.049389770147259336,1970,1102.0,0.671,0.21271113655883192,82,0.952,0.6442211055276381,0
37,0,2,3,2,4,0,28,5,2,1,0.18056575880426998,633,6778.0,0.762,0.1277411966790724,77,0.604,0.08542713567839195,0
50,0,3,2,1,4,0,45,1,3,1,0.010602309108553504,1156,633.0,0.748,0.2622387632407673,75,0.63,0.6492462311557788,0
41,0,5,5,2,4,0,30,4,2,1,0.009786049211402248,1051,711.0,0.785,0.2551388491268251,80,0.739,0.5989949748743718,0
46,0,2,2,2,4,0,34,2,2,1,0.0,0,1438.3,0.74,0.2566847981677641,81,1.025,0.0,0
33,0,4,4,1,1,0,36,4,2,3,0.028227476517412038,1887,485.0,0.8,0.0756942456341254,55,0.618,0.7999999999999999,0
52,1,2,3,1,3,0,36,2,3,1,0.5020814627377357,0,18046.0,0.819,0.757400515316347,104,0.677,0.0,0
43,0,3,2,2,4,0,35,3,1,2,0.09162366186282603,2002,2467.0,0.669,0.09052390495276266,38,0.462,0.450251256281407,0
46,1,2,2,1,0,3,39,2,2,3,1.0000000000000002,1381,33135.0,0.949,0.8111079301460062,114,0.966,0.04020100502512563,0
58,0,1,3,1,1,0,46,5,3,1,0.013081320648049899,1339,532.0,0.79,0.23034640709991408,90,0.731,0.7195979899497487,0
54,0,1,4,2,4,0,35,4,3,3,0.008637238985781968,0,1724.0,0.67,0.1256799312911537,47,0.424,0.0,1
50,1,2,4,2,2,0,36,1,3,2,0.02592985606617148,1371,925.0,0.604,0.2835957629544804,77,0.791,0.5999999999999999,0
40,1,4,2,2,2,0,30,4,1,1,0.37731462586576453,1266,12653.0,0.438,0.18144861150873173,67,0.523,0.09145728643216079,0
42,0,4,2,2,4,0,36,3,3,3,0.2405759771689084,1870,7526.0,0.714,0.21591754938448324,71,0.651,0.19999999999999998,0
65,0,0,4,1,4,0,56,5,3,2,0.06381036166359813,1880,1669.0,0.624,0.03922129974234183,22,0.571,0.5326633165829145,0
52,0,3,2,1,4,0,38,1,2,3,0.05570822638817089,911,2370.0,0.665,0.22336100772974518,67,1.094,0.2793969849246231,0
43,1,4,2,1,0,0,37,3,1,3,0.5821656282026865,1250,19445.0,0.605,0.19433152018322358,82,0.783,0.06030150753768843,0
32,0,0,0,2,4,0,24,3,3,4,0.04470383370065029,2517,400.0,0.833,0.1111365588319496,60,0.875,0.8673366834170854,0
48,0,2,2,0,4,0,35,3,1,4,0.04134809856791736,2514,292.0,0.341,0.0702547953048955,35,0.4,0.900502512562814,1
37,0,2,3,1,4,0,27,2,1,2,0.11508357594391389,1044,4201.0,0.673,0.25239049527626684,70,0.892,0.19999999999999998,0
51,1,2,2,2,0,0,40,4,3,3,0.7518569912660191,0,26308.0,0.647,0.15734325794446033,53,0.828,0.0,0
51,1,2,2,1,2,0,40,3,3,3,0.0698869631201686,1801,1949.0,0.889,0.9999999999999999,116,0.657,0.48241206030150746,0
53,0,3,3,0,4,0,36,4,3,6,0.19652817457078336,0,7939.0,0.551,0.09957056971085028,42,0.312,0.0,1
57,0,1,2,1,4,0,47,4,1,3,0.059789525873927156,2468,948.0,0.598,0.05760091611795019,42,0.556,0.7256281407035174,0
48,0,5,2,0,4,0,43,4,3,2,0.5906003138065827,2249,18725.0,0.567,0.8802175780131691,121,0.571,0.10753768844221104,0
62,0,0,2,1,4,0,52,6,3,2,0.2301157577461553,1538,7512.0,0.77,0.05794446034926996,43,0.654,0.1708542713567839,0
51,0,2,2,2,4,0,39,5,2,4,0.03732726277824638,1275,1398.0,0.691,0.2054967077011165,75,1.027,0.47939698492462307,0
40,0,4,2,1,4,0,28,4,1,1,0.038506304851909305,0,2712.0,0.835,0.2677927283137704,79,0.927,0.0,0
33,0,3,5,2,4,0,13,5,3,3,0.005795445269773901,1008,622.0,0.695,0.20687088462639563,67,0.595,0.6211055276381909,0
42,1,3,2,1,1,0,34,3,2,3,0.00609776375020029,1444,196.0,0.423,0.04752361866590324,33,0.222,0.8844221105527638,1
48,0,3,4,1,4,0,36,2,2,1,0.031794834586443436,1582,908.0,0.76,0.411623246492986,86,0.623,0.6381909547738693,0
62,0,2,2,1,4,0,51,6,2,4,0.04678983121559239,1632,1354.0,0.883,0.09224162610936158,55,0.667,0.549748743718593,0
38,0,0,2,1,4,0,28,5,3,3,0.4417084621965856,799,15250.0,0.777,0.08353850558259376,33,0.571,0.05025125628140703,0
61,1,1,2,1,2,0,49,6,2,2,0.468312488474108,1838,15091.0,0.551,0.24443172058402515,79,0.519,0.10954773869346733,0
50,1,3,5,2,3,0,40,3,1,4,0.35878250301562686,2458,10848.0,0.516,0.17326080732894358,68,0.581,0.185929648241206,0
64,0,0,2,1,4,0,51,6,3,1,0.10525822533005622,1142,3778.0,0.507,0.050959060979101065,31,0.348,0.23316582914572864,0
53,1,2,0,1,3,0,45,4,4,4,0.6201972930403263,1311,20642.0,0.443,0.05055825937589464,37,0.37,0.06030150753768843,0
49,0,2,0,1,4,0,41,3,1,3,0.020457891570453822,1598,517.0,0.934,0.22444889779559116,68,0.545,0.7597989949748744,0
65,1,1,0,2,4,0,54,5,2,2,0.1186509340129453,1309,4054.0,0.574,0.19038076152304606,63,0.703,0.24522613065326632,0
36,0,3,3,1,4,0,24,4,1,1,0.4232670348905758,0,15439.0,0.742,0.08811909533352419,43,0.536,0.0,0
42,1,2,5,1,2,0,30,1,2,3,0.04981301601985629,0,3086.0,0.808,0.2060692814199828,81,0.884,0.0,0
50,1,3,5,2,2,0,45,5,3,5,0.5743658114076856,1020,19417.0,0.563,0.20818780417978813,66,0.737,0.05025125628140703,0
48,0,4,5,2,4,0,44,4,3,0,0.023964785943399937,0,2231.0,0.712,0.19559118236472944,48,1.286,0.0,0
45,1,2,0,2,2,0,29,3,2,4,0.07263806129204872,0,3841.0,0.794,0.13180647008302318,48,0.846,0.0,1
46,1,4,2,0,2,0,41,4,2,1,0.11967881684639503,2336,3061.0,0.67,0.24070999141139418,96,0.846,0.4351758793969849,0
53,1,4,3,1,0,0,41,6,3,4,0.05933604815328757,1713,1688.0,0.773,0.07981677640996278,54,0.317,0.5065326633165829,0
37,1,2,3,1,3,0,31,3,2,4,0.1773309510637076,0,7304.0,1.144,0.1252218723160607,63,0.703,0.0,0
26,1,0,0,2,2,0,15,5,1,2,0.20644422072876895,1720,6547.0,0.633,0.07941597480675637,37,0.48,0.20904522613065324,0
49,1,3,3,1,3,0,41,5,2,3,0.19991414155155893,2138,5913.0,0.716,0.2198683080446607,83,0.886,0.26733668341708544,0
42,0,3,2,1,4,0,35,2,4,3,0.1146300982232743,2517,2713.0,0.937,0.5133123389636416,61,0.605,0.48341708542713563,1
41,1,3,3,1,0,0,32,2,2,1,1.0000000000000002,0,34516.0,0.965,0.24070999141139418,57,0.541,0.0,1
44,1,4,5,1,2,3,37,1,2,2,0.8355387466480438,0,29076.0,0.77,0.4715144574864014,84,1.211,0.0,1
47,1,1,1,0,2,0,42,5,2,0,0.5907514730467959,1800,19179.0,0.906,0.0371027769825365,27,0.929,0.08643216080402008,0
63,0,0,2,2,4,0,48,5,2,1,0.0,0,1438.3,0.923,0.16335528199255653,61,1.103,0.0,0
46,0,2,5,1,4,0,40,3,2,2,0.1404178646036454,1716,4367.0,0.618,0.22891497280274833,86,0.755,0.2834170854271356,0
39,1,5,2,1,3,0,36,4,3,3,0.5440734996689612,2120,17315.0,0.625,0.08771829373031778,55,0.486,0.10954773869346733,0
55,1,0,3,0,3,0,44,4,3,3,0.5548965012682261,2488,17305.0,0.594,0.09481820784425994,44,0.467,0.12663316582914572,1
49,0,2,3,0,4,0,36,6,3,3,0.046487512735166,2257,719.0,0.75,0.18935012882908672,57,0.781,0.7618090452261306,0
49,1,3,3,1,2,0,29,4,3,1,0.0,535,903.3,0.678,0.14234182651016317,80,0.739,0.3738693467336683,0
33,1,1,4,1,3,0,36,4,3,2,0.04558055729388683,1359,1587.0,0.746,0.08514171199541941,48,0.455,0.46331658291457284,0
45,1,4,0,2,2,0,35,2,2,3,0.3629847298935537,1186,12259.0,0.56,0.39204122530775837,82,0.608,0.08844221105527637,0
37,1,3,3,2,3,0,24,1,2,3,0.060424394682822576,1064,2373.0,0.851,0.2622387632407673,76,0.854,0.3115577889447236,0
50,1,2,5,1,0,0,40,3,1,1,1.0000000000000002,1871,32645.0,0.356,0.20177497852848553,75,0.364,0.054271356783919596,0
45,0,5,2,2,4,0,34,5,1,0,0.21935321984297582,961,7733.0,0.551,0.07002576581734898,49,0.441,0.11155778894472361,0
48,0,3,4,1,4,0,38,6,1,3,0.07820072133189432,0,4025.0,0.887,0.224162610936158,92,0.673,0.0,0
56,1,2,3,1,2,0,51,5,6,3,0.043071313906347795,2517,346.0,0.583,0.053134841110793016,39,0.696,0.8834170854271356,0
39,0,2,0,2,1,0,29,5,3,1,0.10580239859482371,1593,3345.0,0.7,0.2282278843401088,82,0.783,0.3246231155778894,0
45,0,3,2,2,4,0,28,5,2,2,0.018039343727042696,1174,861.0,0.876,0.23704551961064987,77,0.638,0.5798994974874371,0
35,0,1,0,2,4,0,28,4,5,2,0.06287317437427634,1575,1943.0,0.625,0.09109647867162897,60,0.579,0.450251256281407,0
39,0,2,3,2,1,0,28,3,2,2,0.03968534692557222,2258,493.0,0.634,0.2207844259948468,67,0.675,0.8251256281407034,0
46,1,3,3,2,2,0,39,4,1,4,0.6712588843843436,2049,21593.0,0.719,0.1493844832522187,54,0.636,0.08743718592964823,0
54,0,4,4,1,4,0,44,5,3,3,0.03028324218431149,503,1937.0,0.415,0.10329229888348125,51,0.594,0.20703517587939696,1
49,1,2,2,2,2,0,34,4,1,4,0.11299757842897179,0,5176.0,0.838,0.07855711422845692,56,0.931,0.0,0
35,1,2,2,1,3,0,36,6,2,2,0.024932205080764387,1188,1075.0,0.84,0.07998854852562268,47,0.382,0.5276381909547738,0
45,0,0,2,2,4,0,36,6,2,3,0.054166402137996304,2517,713.0,0.615,0.0802175780131692,57,0.425,0.7829145728643215,0
36,1,3,2,1,3,0,36,4,1,2,0.011388337157662118,0,1815.0,0.478,0.08640137417692528,34,0.36,0.0,1
29,1,0,2,0,3,0,14,6,3,3,0.06365920242338494,0,3544.0,0.718,0.10907529344403093,63,1.032,0.0,0
53,1,1,3,1,3,0,36,3,3,4,0.38311914068995123,1034,13077.0,0.505,0.13856283996564556,64,0.684,0.07336683417085427,0
46,0,1,2,2,4,0,40,6,4,3,0.03847607300386666,1793,918.0,0.681,0.26075007157171487,79,0.717,0.664321608040201,0
55,1,3,2,2,2,0,46,2,4,2,0.08282619408241809,0,4178.0,0.882,0.4227884340108789,54,0.862,0.0,1
56,1,2,2,1,3,0,36,4,2,3,0.6672682804427152,1049,22461.0,0.438,0.06475808760377899,35,0.296,0.045226130653266326,0
45,0,3,2,2,4,0,27,4,1,2,0.013262711736305735,0,1877.0,0.752,0.24758087603778986,80,0.818,0.0,0
42,1,2,2,2,2,3,36,3,3,2,1.0000000000000002,0,34516.0,0.774,0.7094188376753507,132,0.737,0.0,0
42,0,2,2,1,4,0,23,3,3,3,0.014834767834522963,1673,256.0,0.835,0.01872316060692814,36,1.118,0.8713567839195979,1
48,1,1,5,1,2,0,39,2,3,1,0.2172369904799911,1709,6915.0,0.967,0.8707701116518751,111,0.82,0.19899497487437184,0
47,0,2,0,2,4,0,40,2,2,2,0.10229550422187761,1882,2940.0,0.833,0.7607214428857715,121,0.891,0.39195979899497485,0
51,1,2,3,2,2,0,42,1,3,2,0.46148009081647157,1140,15563.0,0.555,0.8555396507300315,122,0.768,0.06834170854271357,0
51,0,3,2,0,4,0,41,5,3,3,0.0017141457840176358,691,804.0,0.705,0.11577440595476667,42,0.556,0.464321608040201,1
59,0,0,2,1,4,0,48,3,3,4,0.0067326325590957095,0,1661.0,0.672,0.21803607214428855,77,0.925,0.0,0
46,1,3,5,2,0,0,36,5,1,3,0.7720820976065447,1961,25016.0,0.641,0.08176352705410822,41,1.05,0.07336683417085427,0
38,1,3,2,2,1,0,19,5,2,3,0.008062833872971825,0,1705.0,0.604,0.16100772974520466,62,0.824,0.0,0
44,1,3,4,0,3,0,36,6,2,2,0.49963268304628194,1644,16321.0,0.921,0.07082736902376181,50,0.923,0.09246231155778893,0
43,0,2,4,1,4,0,37,3,3,1,0.0,0,1438.3,1.004,0.025422273117663898,28,0.273,0.0,1
48,1,4,2,1,3,0,34,1,1,1,1.0000000000000002,738,33778.0,0.719,0.8367019753793301,121,0.635,0.021105527638190954,0
52,1,3,4,0,2,0,33,5,3,2,0.05894303412873326,2517,871.0,0.919,0.8464357286000572,91,0.784,0.7467336683417085,0
56,0,2,2,0,4,0,45,4,2,4,0.015771955123844772,1690,270.0,0.63,0.19123962210134554,67,0.558,0.8663316582914572,0
59,1,0,5,2,1,0,46,3,3,3,0.0063396185345414025,997,651.0,0.776,0.07134268537074148,36,0.565,0.6080402010050251,0
43,0,0,2,1,4,0,37,3,1,4,0.14939672347230917,1160,5220.0,0.753,0.9498425422273118,124,0.797,0.18291457286432158,0
27,0,1,2,2,4,0,36,3,3,3,0.0034675929704907,723,830.0,0.666,0.0815344975665617,43,0.344,0.46834170854271356,0
53,1,2,3,2,0,0,35,4,2,1,0.5321319196921189,2056,16984.0,0.607,0.03904952762668194,31,0.722,0.10854271356783919,0
52,0,2,2,1,4,0,40,2,3,2,0.06831490702195137,0,3698.0,0.811,0.18511308330947607,82,0.864,0.0,0
40,1,4,0,0,3,0,31,6,2,3,0.4417386940446283,0,16050.0,0.77,0.1827082736902376,62,0.512,0.0,0
45,0,3,3,2,1,0,36,2,3,3,0.04276899542592139,2517,336.0,0.595,0.2542799885485256,65,0.757,0.88643216080402,0
50,1,1,1,0,2,0,33,3,5,2,0.5593103510824513,0,19939.0,1.03,0.16100772974520466,76,0.462,0.0,0
42,1,2,3,2,2,0,33,3,3,3,0.10271875009447454,493,4343.0,0.417,0.07672487832808474,45,0.406,0.10251256281407034,1
45,1,2,2,1,1,0,41,5,2,2,0.21445566046006828,2165,6367.0,0.707,0.15528199255654163,63,0.75,0.2552763819095477,0
35,0,3,5,1,4,0,26,6,1,3,0.05286643267216282,2517,670.0,1.214,0.08829086744918409,33,0.833,0.7939698492462312,0
49,0,2,2,1,4,0,39,3,3,1,0.0233903808305898,0,2212.0,0.942,0.10672774119667906,55,0.897,0.0,1
32,0,2,4,2,4,0,36,4,5,1,0.02762283955655926,2176,176.0,0.857,0.26790724305754365,93,0.755,0.9296482412060301,0
42,0,3,2,2,1,0,33,6,2,3,0.0585802519522216,1661,1715.0,0.618,0.23469796736329798,75,0.923,0.4944723618090452,0
46,0,3,5,2,4,0,28,4,1,5,0.6109161156912362,1778,19868.0,1.071,0.16020612653879185,61,0.794,0.08241206030150754,0
45,0,4,1,1,4,0,27,3,2,2,0.0,0,1438.3,0.68,0.10873174921271113,38,0.652,0.0,1
37,0,4,2,2,4,0,36,3,3,3,0.02562753758574509,0,2286.0,0.732,0.2673346693386774,83,0.844,0.0,0
34,0,4,2,0,1,0,26,5,5,3,0.048361887313809616,1539,1499.0,0.707,0.09498997995991983,54,0.688,0.5095477386934673,0
46,0,2,2,1,4,0,36,6,2,1,0.12421359405279087,0,5547.0,0.85,0.23217864300028626,79,0.795,0.0,0
34,0,3,5,2,4,0,36,4,3,3,0.0,0,1438.3,0.734,0.21597480675636987,74,0.762,0.0,0
41,1,3,2,1,3,0,37,5,3,3,0.4690682846751739,1588,15366.0,0.878,0.1649584884053822,60,0.875,0.09447236180904522,0
41,1,2,1,1,1,0,32,5,3,3,0.13969230025062204,1171,4888.0,0.678,0.2054967077011165,70,0.667,0.19396984924623115,0
43,1,2,5,2,2,0,35,5,3,2,0.14842930433494472,0,6348.0,0.4,0.06882336100772975,39,0.393,0.0,1
42,1,3,0,2,3,0,36,6,1,0,0.8494151648996152,895,28640.0,0.952,0.19490409390208988,74,0.644,0.030150753768844216,0
36,0,2,2,2,4,0,36,2,3,3,0.14005508242713371,0,6071.0,0.912,0.5043229315774406,59,0.903,0.0,1
39,1,1,0,2,1,0,24,4,3,3,0.07049160008102137,1197,2573.0,0.621,0.06137990266246779,49,0.441,0.3195979899497487,0
45,1,0,5,2,3,0,36,1,4,3,0.5719170317162318,2031,18325.0,0.752,0.8388204981391354,121,0.806,0.10050251256281406,0
46,1,2,2,1,3,0,39,1,1,1,0.8492035419633167,1769,27759.0,0.771,0.7957629544803894,119,0.7,0.06030150753768843,0
45,1,4,2,1,3,0,38,2,3,3,0.07133809182621526,1570,2228.0,0.916,0.22799885485256224,80,0.778,0.41507537688442203,0
48,1,3,5,2,0,0,38,4,2,5,0.588725939227939,0,20912.0,0.725,0.2085313484111079,84,0.787,0.0,0
49,0,3,2,2,4,0,36,5,3,3,0.02266481647756647,1067,1121.0,0.618,0.229430289149728,66,0.435,0.49045226130653263,0
41,1,4,2,1,3,0,35,4,2,3,0.06223830556538091,0,3497.0,0.696,0.21843687374749496,72,0.756,0.0,0
51,1,2,4,1,0,0,45,5,2,1,0.05244318679956588,2517,656.0,0.708,0.2004008016032064,73,0.622,0.7969849246231155,0
43,0,4,5,1,4,0,30,2,2,3,0.01946024058504673,1794,288.0,0.735,0.16564557686802173,48,0.92,0.8663316582914572,1
38,0,4,5,1,4,0,27,1,3,1,0.009000021162293634,1319,417.0,0.667,0.25851703406813625,86,0.755,0.7638190954773869,0
47,1,2,2,0,3,0,37,1,2,2,0.6129718813581355,1969,19745.0,0.944,0.7294589178356713,104,0.625,0.09145728643216079,0
40,1,3,2,2,2,3,35,6,3,2,0.7189345087475852,1503,23716.0,0.944,0.2232464929859719,87,0.642,0.06030150753768843,0
53,1,2,2,1,0,0,36,1,3,2,0.34282008724911345,507,12271.0,0.967,0.03452619524763813,28,0.4,0.04020100502512563,1
33,1,1,2,2,3,0,26,4,1,0,0.0,0,1438.3,0.865,0.11606069281419983,55,0.618,0.0,0
41,1,3,1,2,0,0,26,3,2,2,0.23525517191340392,0,9220.0,0.733,0.09997137131405669,32,0.6,0.0,1
54,0,2,5,2,4,0,36,3,2,2,0.06396152090381133,0,3554.0,0.929,0.20561122244488977,82,0.783,0.0,0
37,0,2,2,2,4,0,27,6,1,3,0.049057219818790306,2517,544.0,0.809,0.2577726882336101,89,0.618,0.8261306532663315,0
51,1,3,5,2,3,0,45,3,3,3,0.7325690722148155,0,25670.0,0.952,0.12476381334096766,51,0.645,0.0,1
60,0,1,3,0,4,0,48,5,3,3,0.03926210105297528,1812,925.0,0.703,0.22771256799312908,86,0.955,0.6653266331658291,0
44,1,3,3,1,3,0,36,4,2,5,0.5878189837866599,1420,19462.0,0.857,0.10083023189235614,40,0.6,0.06834170854271357,0
42,0,4,5,2,4,0,36,6,2,1,0.008939557466208357,0,1734.0,0.593,0.20395075866017748,76,1.054,0.0,0
51,1,3,3,2,3,3,38,5,3,4,1.0000000000000002,1802,32714.0,0.912,0.22983109075293442,80,0.569,0.05226130653266331,0
50,1,2,4,1,3,0,45,6,3,2,0.012960393255879346,1478,389.0,0.727,0.20423704551961064,70,0.707,0.7959798994974874,0
56,0,2,2,1,4,0,48,2,4,2,0.09999788377063704,0,4746.0,0.862,0.3792728313770398,66,1.062,0.0,1
50,0,1,2,2,4,0,39,4,5,2,0.030101851096055655,1340,1094.0,0.668,0.22719725164614943,76,0.81,0.5537688442211055,0
44,0,1,2,2,1,0,36,3,4,2,0.0013815954555486051,885,599.0,0.951,0.2455768680217578,74,0.805,0.5989949748743718,0
49,0,3,5,1,4,0,31,6,3,3,0.046003803166483774,1835,1125.0,0.532,0.19530489550529628,64,0.455,0.6231155778894472,0
39,0,1,3,2,4,0,33,6,3,2,0.025808928674000912,1839,453.0,0.675,0.2011451474377326,72,0.674,0.8060301507537688,0
46,1,3,0,2,3,0,39,1,4,3,0.07823095317993695,243,3783.0,0.738,0.0327512167191526,27,0.8,0.06030150753768843,1
61,1,1,5,1,1,0,47,5,3,4,0.0,847,591.3,0.436,0.049642141425708566,43,0.483,0.5919597989949748,0
42,0,3,2,1,1,0,36,3,2,2,0.04766655480882891,0,3015.0,0.927,0.2145433724592041,80,0.951,0.0,0
40,1,4,3,2,3,0,29,3,3,2,0.3488664568576413,0,12978.0,0.628,0.77892928714572,85,0.7,0.0,0
41,1,3,2,0,2,0,27,5,2,2,0.13137854203889632,0,5784.0,0.851,0.20858860578299454,80,0.86,0.0,0
58,0,3,3,1,4,0,47,6,1,0,0.035392424503517476,2439,170.0,1.269,0.06876610363584311,34,1.833,0.9396984924623115,0
48,1,2,3,1,3,0,44,5,1,2,0.29910483497945745,1647,9685.0,0.542,0.23727454909819637,72,0.714,0.14572864321608037,0
44,0,2,3,1,1,0,28,2,3,3,0.0,0,1438.3,0.926,0.224162610936158,78,0.773,0.0,0
45,0,3,4,0,4,0,28,3,4,3,0.11420685235067737,1519,3697.0,0.887,0.16627540795877468,49,0.69,0.2924623115577889,0
50,0,2,2,2,4,0,36,3,2,2,0.03294364481206372,1689,839.0,0.514,0.21408531348411106,78,0.857,0.671356783919598,0
43,1,4,5,1,2,0,37,4,1,3,0.061784827844741326,1942,1540.0,0.926,0.17074148296593183,63,0.853,0.5608040201005026,0
50,1,2,3,1,0,0,40,6,4,3,0.37096593777681036,813,12896.0,0.65,0.11342685370741483,40,0.6,0.05929648241206029,1
51,1,3,3,1,3,0,41,1,3,3,0.2575965076169141,2068,7891.0,0.741,0.7603778986544517,124,0.797,0.20904522613065324,0
32,0,1,3,2,4,0,16,2,3,1,0.0637801298155555,2517,1031.0,0.818,0.8375035785857429,97,0.865,0.7125628140703517,0
50,0,3,3,1,4,0,32,6,2,3,0.03481801939070734,2087,503.0,0.7,0.21288290867449183,73,0.78,0.8100502512562814,0
32,1,1,5,1,1,0,36,2,2,3,0.0633871157910012,1964,1571.0,0.661,0.7758373890638419,85,0.809,0.5587939698492462,0
45,0,4,3,1,4,0,36,6,3,3,0.6518500379409693,1097,21903.0,1.095,0.1921557400515316,70,0.667,0.04824120603015075,0
51,1,3,5,1,3,3,37,1,2,1,1.0000000000000002,0,34516.0,0.814,0.4698539937016891,97,0.702,0.0,0
59,0,0,5,2,4,0,46,5,1,4,0.11982997608660823,892,4510.0,0.782,0.2427712567993129,83,0.596,0.1658291457286432,0
33,0,0,3,2,4,0,27,6,1,1,0.024599654752295357,1826,426.0,0.716,0.2590896077870026,68,1.0,0.8150753768844221,0
49,1,1,3,1,2,1,36,2,2,3,0.1446805551776575,2201,4023.0,0.832,0.4101345548239336,70,0.628,0.3557788944723618,0
51,0,2,1,2,4,0,40,3,3,3,0.0,1153,285.3,0.866,0.21374176925279129,84,0.909,0.8060301507537688,0
52,0,1,2,2,4,0,44,6,3,1,0.031613443498187614,1495,989.0,0.922,0.20349269968508443,86,0.536,0.6050251256281406,0
41,1,3,4,1,2,0,34,4,2,2,0.035845902224157074,1319,1305.0,0.768,0.20950472373318063,74,0.609,0.5055276381909547,0
40,1,2,0,1,3,0,36,3,4,3,0.1935352216145621,0,7840.0,0.726,0.20223303750357857,71,0.578,0.0,0
50,1,4,2,1,3,0,31,6,3,2,0.3157323514029089,1472,10410.0,0.413,0.15808760377898654,62,0.722,0.12462311557788944,0
54,1,5,2,1,2,0,38,3,3,3,0.025748464977915643,1434,856.0,0.923,0.03372459204122531,18,3.5,0.629145728643216,0
42,1,3,2,2,2,0,37,2,3,1,0.4972745988989561,1821,16066.0,0.687,0.8024048096192384,116,1.148,0.10251256281407034,0
52,0,4,2,1,4,0,36,6,1,2,0.09534217917207063,2517,2075.0,0.572,0.053821929573432584,33,0.737,0.5507537688442211,0
43,1,3,5,1,1,0,38,5,4,2,0.24217826511516824,1914,7535.0,0.87,0.23635843114801028,93,0.722,0.20402010050251257,0
43,1,3,2,2,0,0,31,3,3,3,0.0,0,1438.3,0.663,0.07655310621242485,45,0.875,0.0,0
42,1,4,3,0,2,0,36,5,1,2,0.05516405312340338,1674,1589.0,0.588,0.04128256513026052,35,0.346,0.5155778894472361,0
44,1,1,3,1,4,0,33,5,2,2,0.14183876146164942,808,5322.0,0.747,0.1649584884053822,78,0.592,0.13266331658291458,0
51,0,2,2,2,1,0,36,1,1,1,0.07094507780166096,1329,2456.0,0.864,0.8404809619238477,104,0.891,0.3527638190954773,0
44,0,3,3,1,4,0,36,3,3,2,0.03536219265547485,1804,804.0,0.847,0.23710277698253648,61,0.694,0.6954773869346732,0
34,0,3,2,1,4,1,36,6,3,2,0.4247181635966225,1847,13640.0,0.943,0.37223017463498426,67,0.811,0.11959798994974873,1
55,1,4,2,1,0,0,36,4,2,2,0.692239786925935,856,23480.0,0.459,0.05124534783853421,33,0.65,0.035175879396984924,0
52,1,2,3,1,2,0,46,5,3,0,0.38931666953869226,1081,13235.0,0.67,0.044832522187231605,36,0.636,0.07638190954773869,0
44,1,4,2,1,3,0,34,4,3,2,0.7684240439933853,0,26856.0,0.581,0.21139421700543942,75,0.471,0.0,0
47,0,1,3,2,4,0,36,2,1,3,0.04340386423481681,2201,673.0,0.718,0.24328657314629257,86,0.792,0.7698492462311557,0
48,0,5,2,2,4,0,35,5,2,3,0.01522778185907727,1488,454.0,0.816,0.2525050100200401,88,0.796,0.7698492462311557,0
36,0,3,0,2,4,0,36,5,2,3,0.015892882516015325,0,1964.0,0.776,0.2124248496993988,60,0.622,0.0,0
40,0,3,5,1,4,0,34,5,1,2,0.0379621315871418,0,2694.0,0.872,0.12333237904380188,38,0.31,0.0,1
52,0,4,5,0,4,0,42,4,4,1,0.32205080764382044,0,12091.0,0.898,0.4349842542227312,74,0.805,0.0,1
43,0,3,3,1,4,0,28,3,3,2,0.03481801939070734,0,2590.0,0.63,0.16381334096764957,66,0.833,0.0,0
44,0,1,3,2,4,0,39,4,3,2,0.017616097854445747,1182,839.0,0.794,0.21064987117091324,77,0.833,0.5879396984924622,0
54,1,1,3,1,2,0,37,5,1,1,0.2422991925073388,2188,7265.0,0.572,0.06630403664471801,45,0.452,0.2321608040201005,0
54,0,4,0,2,4,0,46,3,2,1,0.08246341190590642,989,3177.0,0.967,0.23212138562839965,70,1.258,0.2381909547738693,0
48,0,3,2,1,1,0,36,4,2,2,0.1249996221018995,1238,4335.0,0.624,0.21860864586315487,90,0.837,0.22311557788944722,0
48,0,1,0,1,4,0,38,5,2,2,0.011902278574386978,748,1084.0,0.879,0.22021185227598053,87,0.812,0.41005025125628136,0
51,1,2,5,2,0,0,36,5,2,4,1.0000000000000002,888,33628.0,1.299,0.08182078442599484,42,0.909,0.026130653266331655,0
34,0,1,2,1,4,0,23,4,1,1,0.023239221590376606,1527,680.0,0.861,0.20778700257658173,64,1.133,0.6954773869346732,0
49,0,3,3,1,4,0,45,3,3,2,0.0,726,712.3,0.657,0.26784998568565704,93,0.755,0.507537688442211,0
51,1,1,2,2,3,0,38,3,1,4,0.3003443407492057,1319,10054.0,0.693,0.08279415974806756,35,0.75,0.11658291457286432,0
59,1,1,0,1,2,0,36,4,1,2,0.1944724089038839,1687,6184.0,1.242,0.05141711995419411,22,1.444,0.21507537688442208,0
40,0,2,3,2,1,0,35,2,1,2,0.03342735438074595,1713,831.0,0.696,0.4280561122244489,88,0.571,0.6763819095477387,0
53,0,1,2,1,4,0,36,6,3,1,0.13313198922536937,198,5644.0,0.396,0.07432006870884626,44,0.517,0.034170854271356785,1
56,0,3,2,2,4,0,49,4,3,1,0.030071619248013014,1947,486.0,0.816,0.21408531348411106,88,0.76,0.8040201005025125,0
41,1,4,2,2,2,0,34,5,2,4,0.1090372063353861,2080,2965.0,0.738,0.08657314629258517,40,0.481,0.4140703517587939,1
43,0,3,5,2,4,0,35,5,2,3,0.07823095317993695,0,4026.0,0.483,0.0404809619238477,32,0.6,0.0,0
42,0,0,2,1,4,0,28,1,1,1,0.22249733203941027,1509,7289.0,0.845,0.4288577154308617,74,0.721,0.17286432160804016,0
43,0,2,0,1,4,0,36,6,2,4,0.1675056004498499,898,6081.0,0.565,0.06498711709132551,44,0.375,0.12964824120603013,0
48,0,1,1,1,4,0,39,3,3,3,0.10296060487881564,1576,3268.0,0.809,0.05490981963927856,48,0.6,0.3266331658291457,0
56,0,2,5,2,4,0,47,5,2,1,0.11556728551259612,1966,3295.0,0.672,0.22433438305181788,86,0.792,0.37587939698492456,0
47,0,5,2,1,4,0,42,5,1,2,0.050568812220922264,1541,1570.0,0.656,0.23131978242198684,68,0.511,0.4974874371859296,0
44,1,3,5,2,1,0,30,3,3,2,0.003286201882234864,0,1547.0,0.792,0.21860864586315487,63,0.615,0.0,0
50,0,5,5,2,4,0,33,4,3,3,0.04228528585723918,1377,1460.0,0.564,0.1945605496707701,54,0.8,0.4874371859296482,0
57,1,1,2,2,2,0,44,3,3,2,0.254089613243968,1273,8570.0,0.563,0.18018894932722587,66,0.571,0.12964824120603013,0
52,1,1,2,2,0,0,44,6,1,2,1.0000000000000002,0,34516.0,1.03,0.13272258803320927,56,0.75,0.0,0
42,1,4,3,1,2,0,27,2,3,2,0.37383796334086106,1903,11901.0,0.723,0.39198396793587176,97,0.54,0.13869346733668342,0
42,1,2,2,1,2,0,36,2,2,1,0.14637353866804526,2181,4099.0,0.795,0.7774978528485542,92,0.878,0.34874371859296477,0
43,0,2,0,1,4,0,36,1,2,6,0.07118693258600206,2517,1276.0,0.512,0.11720584025193244,57,0.629,0.6673366834170854,1
55,1,4,4,1,3,0,43,6,2,4,0.6019977205186576,2517,18834.0,0.818,0.07769825365015745,32,0.882,0.11859296482412059,0
50,0,3,3,2,4,0,38,6,3,2,0.04041091127859555,1475,1300.0,0.854,0.2334955625536788,84,0.647,0.5346733668341709,0
41,1,4,0,1,3,3,34,4,3,3,1.0000000000000002,1347,33169.0,0.801,0.02719725164614944,22,1.0,0.03919597989949748,0
44,1,4,2,2,0,3,36,2,2,1,1.0000000000000002,1635,32881.0,0.768,0.3829945605496708,86,0.564,0.04723618090452261,0
43,1,1,3,1,2,0,36,1,2,3,0.08515404638170129,1729,2526.0,0.55,0.17618093329516174,75,0.471,0.40804020100502514,0
42,0,4,2,2,4,0,26,5,2,3,0.045701484686057385,1705,1245.0,0.605,0.0417978814772402,32,0.6,0.5809045226130652,0
41,1,3,2,1,3,0,34,4,4,1,0.3657055962173912,1291,12244.0,0.653,0.02851417119954194,21,1.625,0.09547738693467336,0
36,0,5,2,2,4,0,24,3,1,1,0.04660844012733655,2093,887.0,0.522,0.2062410535356427,70,0.667,0.7055276381909547,0
44,0,4,1,1,1,0,30,1,3,1,0.14785489922213457,1643,4686.0,0.706,0.45714285714285713,109,0.73,0.26130653266331655,0
63,0,0,0,2,4,0,44,3,4,2,0.01510685446690671,0,1938.0,0.536,0.1971943887775551,56,0.931,0.0,0
50,0,1,2,1,4,0,36,4,2,3,0.0,0,1438.3,0.851,0.24248496993987975,71,1.088,0.0,0
48,0,2,2,1,4,0,41,6,1,3,0.06631960505113718,1294,2338.0,0.924,0.2180933295161752,86,0.686,0.35778894472361805,0
47,0,1,2,1,4,0,36,4,2,1,0.2081069723711141,0,8322.0,0.86,0.18150586888061837,62,1.0,0.0,0
37,0,1,3,2,4,0,23,6,3,4,0.013323175432391011,1486,393.0,0.836,0.2675064414543373,88,0.692,0.7949748743718592,0
62,1,1,2,1,2,0,44,5,2,2,0.40470468019239547,962,13863.0,0.76,0.07867162897223018,49,0.531,0.06532663316582914,0
59,1,1,0,2,1,0,51,4,2,2,0.10894651079125817,1002,4040.0,1.108,0.13552819925565415,62,0.632,0.19999999999999998,0
42,0,3,2,2,1,0,34,1,2,1,0.002711796769424721,820,708.0,0.908,0.26807901517320354,88,0.833,0.5396984924623115,0
37,1,2,3,1,2,0,30,4,1,2,0.023571771918845637,1266,952.0,0.709,0.08079015173203549,58,0.568,0.5738693467336683,0
46,0,2,2,2,4,0,34,6,3,1,0.18522146340283638,887,6678.0,0.81,0.23778986544517602,87,0.642,0.11758793969849246,0
51,1,1,2,1,3,0,32,3,2,3,1.0000000000000002,1549,32967.0,0.892,0.8371600343544231,104,0.677,0.045226130653266326,0
39,0,3,2,1,4,3,30,6,3,5,0.9815283408459475,2070,31835.0,0.685,0.8476953907815631,99,0.768,0.06130653266331658,0
38,1,2,2,1,3,0,31,4,1,2,0.6910305130042295,0,24296.0,0.781,0.07764099627827083,48,0.5,0.0,0
36,0,2,4,2,4,0,24,5,2,4,0.06045462653086522,1129,2309.0,0.605,0.10312052676782137,56,0.436,0.32964824120603015,0
53,0,4,2,2,4,0,46,4,1,2,0.0809820513518171,777,3340.0,0.592,0.26842255940452336,88,0.6,0.1899497487437186,0
50,0,3,3,1,4,0,38,4,3,4,0.0,0,1438.3,1.084,0.241053535642714,81,0.653,0.0,0
47,1,3,3,1,3,0,34,3,3,3,0.6022395753029988,0,21359.0,0.551,0.08783280847409104,63,0.853,0.0,1
46,1,2,2,1,3,0,30,6,3,0,0.5181648058964197,1385,17193.0,0.565,0.06160893215001431,54,0.421,0.07537688442211055,0
57,1,2,2,1,0,0,36,3,2,2,0.6730123315708166,1314,22386.0,1.487,0.06378471228170626,28,0.647,0.055276381909547735,0
39,0,2,5,2,4,0,35,5,3,3,0.2357086496340435,1479,7756.0,0.843,0.05765817348983682,49,0.581,0.16080402010050251,0
35,1,2,5,1,4,0,36,4,3,3,0.05117344918177504,629,2502.0,0.749,0.054566275407958775,31,0.632,0.20201005025125626,0
54,1,1,2,1,2,0,43,4,2,3,0.044492210764351815,2030,880.0,0.769,0.04156885198969368,21,0.4,0.7015075376884421,0
43,0,2,2,2,4,0,27,1,3,3,0.05588961747642673,1697,1590.0,0.711,0.2694531920984827,77,1.026,0.5185929648241205,0
50,1,2,0,1,0,0,36,3,2,3,0.05900349782481854,2385,1005.0,0.656,0.20601202404809618,73,0.698,0.707537688442211,0
34,0,3,5,1,1,0,28,5,1,3,0.041136475631618895,1762,1037.0,0.986,0.07369023761809333,39,0.56,0.6331658291457286,0
36,0,3,3,1,4,0,30,6,2,2,0.05927558445720229,2173,1226.0,0.795,0.059604924133982246,34,1.0,0.6422110552763819,0
51,1,2,2,1,0,0,44,4,3,3,1.0000000000000002,1666,32850.0,0.613,0.03939307185800171,18,0.8,0.04824120603015075,0
54,0,2,0,1,4,0,45,5,3,2,0.09325618165712854,1841,2682.0,0.534,0.2623532779845405,87,0.706,0.4090452261306532,0
41,0,1,2,1,1,0,32,6,3,1,0.029466982287160236,1627,786.0,0.726,0.28262238763240766,85,0.771,0.6773869346733669,0
45,0,5,1,1,4,0,34,4,2,2,0.0,491,947.3,0.708,0.22021185227598053,84,0.787,0.342713567839196,0
61,1,2,5,1,2,0,48,4,1,2,0.5179531829601212,0,18571.0,0.594,0.8744345834526195,118,0.686,0.0,0
43,1,2,2,2,3,0,35,2,2,2,0.1336156987940516,961,4897.0,0.657,0.4229029487546522,82,0.708,0.16482412060301507,0
41,1,4,3,2,0,0,28,5,1,4,1.0000000000000002,0,34516.0,0.791,0.198912109934154,86,0.755,0.0,0
54,1,1,4,1,3,0,36,1,3,2,0.5161695039256055,1664,16848.0,0.889,0.4288004580589751,57,0.583,0.09045226130653265,1
39,1,2,4,2,1,0,31,6,3,3,0.056191935956853116,1761,1536.0,0.879,0.8617234468937875,120,0.739,0.5366834170854271,0
38,1,1,5,2,1,0,36,2,3,2,0.12699492407271365,1558,4081.0,0.614,0.9217291726309762,109,0.946,0.27738693467336684,0
52,1,2,3,0,2,0,42,1,3,2,0.17603098159787411,1443,5818.0,0.972,0.8017749785284856,108,0.565,0.19999999999999998,0
43,1,1,2,2,2,3,31,4,3,3,0.7372247768133818,1170,24654.0,0.684,0.14720870312052675,73,0.78,0.045226130653266326,0
45,0,3,2,1,4,0,35,1,2,2,0.0,834,604.3,0.635,0.2545662754079588,70,0.842,0.5829145728643215,0
49,0,2,5,2,4,0,37,5,1,4,0.04521777511737516,2381,553.0,0.762,0.1640996278270827,64,0.778,0.8160804020100503,0
50,0,3,4,1,4,0,41,3,3,3,0.12191597360155032,1342,4129.0,0.577,0.19879759519038073,67,0.763,0.24623115577889446,0
52,0,2,3,2,4,0,44,6,3,3,0.046336353494952805,0,2971.0,1.154,0.2249069567706842,63,0.615,0.0,0
33,0,2,3,2,4,0,25,5,1,4,0.31694162532461445,792,11130.0,0.667,0.09298597194388777,61,0.525,0.06633165829145729,0
48,1,3,2,1,2,0,37,5,2,2,0.22279965051983666,390,8418.0,0.628,0.0787288863441168,42,0.448,0.04422110552763819,1
40,1,5,2,2,2,0,27,6,1,2,0.03941326029318847,1416,1326.0,0.761,0.05777268823361008,38,1.111,0.5185929648241205,0
50,0,1,4,2,1,0,46,1,3,3,0.0016536820879323594,932,561.0,0.466,0.05863154881190953,43,0.344,0.6271356783919597,1
54,1,3,3,2,3,0,36,4,1,3,0.4911979974423857,0,17686.0,0.733,0.08685943315201833,46,0.533,0.0,0
40,0,4,2,1,1,3,32,1,2,3,0.44600138461864036,0,16191.0,0.967,0.7398797595190381,107,0.621,0.0,0
44,0,3,3,2,1,0,37,4,1,1,0.05960813478567132,1110,2300.0,0.63,0.26178070426567424,63,0.615,0.32763819095477387,0
40,1,4,1,0,2,0,34,4,2,3,0.6560220329708535,1727,21411.0,0.693,0.061952476381334096,39,1.438,0.07537688442211055,0
55,0,2,2,1,1,0,49,3,3,4,0.011206946069406282,0,1809.0,0.569,0.09121099341540223,44,0.571,0.0,1
34,1,1,2,1,2,0,27,5,2,4,0.5581313090087884,1581,18319.0,0.838,0.1957056971085027,96,0.846,0.0793969849246231,0
56,0,0,2,2,4,0,45,3,6,2,0.030978574689292195,1621,842.0,0.568,0.20543945032922986,70,0.591,0.6613065326633165,0
41,1,1,2,0,3,0,35,6,2,3,0.5433781671639806,770,18642.0,0.755,0.059891210993415406,41,0.952,0.04020100502512563,0
37,0,2,2,1,4,0,27,5,1,2,0.04322247314656099,1434,1434.0,0.777,0.13621528771829372,64,0.488,0.5025125628140703,0
47,1,2,0,1,1,0,37,6,3,1,0.05516405312340338,1525,1738.0,0.542,0.8084168336673346,110,0.833,0.4693467336683417,0
56,1,0,3,1,3,0,43,5,2,1,0.042738763577878765,1024,1828.0,1.009,0.06418551388491268,28,1.0,0.36080402010050244,0
40,1,3,5,1,3,0,29,3,2,3,0.06583589548245494,1151,2465.0,0.687,0.01660463784712282,21,0.75,0.3195979899497487,1
47,1,2,5,2,0,0,29,2,3,2,0.8287668126864928,1974,26878.0,0.713,0.3951903807615231,90,0.607,0.06834170854271357,0
34,0,2,2,2,4,0,27,4,1,1,0.013988276089329073,1176,725.0,0.612,0.10993415402233038,52,0.857,0.622110552763819,0
46,1,4,2,2,1,0,41,5,3,2,0.16031042061570183,1745,4996.0,0.559,0.06596049241339823,46,0.438,0.26030150753768844,0
48,0,4,2,1,4,0,43,1,1,0,0.019671863521345208,1262,827.0,0.886,0.2598912109934154,76,1.111,0.6070351758793969,0
46,1,3,0,1,3,0,36,4,2,2,0.7083533619326616,1729,23140.0,0.408,0.05032922988834812,36,0.5,0.07035175879396985,0
50,1,3,2,1,3,0,39,5,3,4,0.37444260030171383,1582,12242.0,0.522,0.23475522473518465,74,0.644,0.11457286432160803,0
37,0,3,2,2,4,0,28,4,2,3,0.06662192353156357,610,3032.0,0.676,0.1294016604637847,68,0.581,0.1678391959798995,0
37,0,2,5,2,1,0,27,1,3,2,0.048724669490321275,2517,533.0,1.177,0.2386487260234755,75,0.923,0.829145728643216,0
49,0,4,0,1,4,0,36,1,1,2,0.054589648010593246,0,3244.0,0.765,0.39879759519038077,97,0.54,0.0,0
40,0,4,0,1,1,0,24,5,3,2,0.035301728959389565,1818,788.0,0.703,0.08411107930146006,50,1.174,0.7015075376884421,0
36,1,4,4,1,4,0,26,5,1,1,0.02369269931101619,1291,931.0,0.988,0.20412253077583736,88,0.63,0.5839195979899496,0
39,0,1,5,2,4,0,35,1,5,1,0.015802186971887414,0,1961.0,0.631,0.24712281706269681,92,0.84,0.0,0
52,0,3,3,2,4,0,45,3,3,0,0.03899001442059153,1365,1363.0,0.648,0.2154594904093902,83,0.976,0.5025125628140703,0
55,1,1,2,1,3,0,49,4,3,3,0.8257133960341863,2158,26593.0,0.536,0.05565416547380475,34,0.789,0.07537688442211055,0
42,1,4,2,2,2,0,36,5,1,0,0.03895978257254889,834,1893.0,0.568,0.04374463212138563,26,0.444,0.307537688442211,0
65,0,0,2,1,4,0,56,6,3,3,0.09135157523044227,1262,3198.0,0.898,0.07712567993129116,41,0.783,0.2844221105527638,0
48,0,2,2,2,4,0,43,5,3,4,0.20354196331667562,852,7319.0,0.639,0.07895791583166333,52,0.733,0.10452261306532662,0
51,1,2,3,1,3,0,41,5,2,3,0.4070325324916787,0,14902.0,0.312,0.08634411680503865,39,0.625,0.0,1
50,0,2,2,2,1,0,36,3,3,2,0.04001789725404125,0,2762.0,0.684,0.11686229602061264,44,0.419,0.0,1
62,1,1,3,2,2,0,46,2,3,3,0.18467729013806888,2477,5070.0,1.021,0.27277411966790727,73,0.698,0.32964824120603015,1
29,0,1,3,2,4,0,20,4,2,1,0.05008510265224004,1488,1607.0,0.924,0.2354423131978242,92,0.878,0.48341708542713563,0
46,1,4,0,2,0,0,36,5,2,1,0.19211432475655807,1705,6088.0,0.597,0.0325794446034927,39,0.696,0.2201005025125628,0
49,1,3,2,1,1,0,32,4,3,3,0.050659507765050175,2208,906.0,0.824,0.26847981677641,86,0.686,0.7125628140703517,0
43,0,3,5,1,4,0,39,4,1,2,0.08273549853829015,2517,1658.0,0.551,0.0566847981677641,36,0.44,0.6060301507537688,0
30,1,0,2,0,2,0,22,3,3,3,0.1522989808844025,0,6476.0,0.551,0.12556541654738046,66,0.65,0.0,0
56,1,2,2,1,1,0,49,3,5,3,0.048996756122705036,2387,672.0,0.808,0.2430002862868594,81,0.761,0.7839195979899497,0
51,0,2,2,2,4,0,45,5,1,0,0.009634889971189053,0,1757.0,0.533,0.2301746349842542,82,0.547,0.0,0
49,0,5,5,2,4,0,39,3,2,2,0.016769606109251857,0,1993.0,0.539,0.20297738333810475,76,0.689,0.0,0
54,1,3,3,1,1,0,44,2,1,5,0.04818049622555378,0,3032.0,0.949,0.029029487546521616,14,2.5,0.0,1
37,0,2,2,2,4,0,36,2,3,0,0.005190808308921123,0,1610.0,0.889,0.12590896077870023,45,0.406,0.0,1
48,1,3,2,0,2,0,34,6,3,2,0.29094223600794494,0,11062.0,0.761,0.20349269968508443,72,0.8,0.0,0
50,0,0,2,1,4,0,38,2,3,1,0.1057117030506958,1574,3361.0,1.01,0.45788720297738333,84,0.5,0.32060301507537686,1
54,1,1,2,1,1,0,43,4,3,3,0.03832491376365347,2517,189.0,0.506,0.06596049241339823,39,0.625,0.9346733668341708,0
40,0,3,3,0,1,0,28,4,1,4,0.09147250262261283,1418,3046.0,0.92,0.19123962210134554,73,0.46,0.3195979899497487,0
47,1,3,2,1,2,0,37,4,4,0,0.21551377514156064,1695,6872.0,1.242,0.05307758373890638,41,1.412,0.19899497487437184,0
47,0,3,2,2,4,0,39,3,3,3,0.0,0,1438.3,0.502,0.11142284569138276,32,0.778,0.0,1
52,0,2,2,2,1,0,44,6,2,3,0.058096542383539375,1219,2141.0,0.412,0.04460349269968508,30,1.0,0.36482412060301506,0
42,0,1,1,1,4,0,27,5,3,3,0.01214413335872809,1565,275.0,0.95,0.22834239908388201,72,0.5,0.8552763819095477,0
49,0,4,2,2,4,0,31,6,3,3,0.037297030930203735,0,2672.0,1.038,0.1171485828800458,39,0.5,0.0,1
54,0,4,2,0,4,0,43,1,2,1,0.03227854415512566,1784,722.0,0.729,0.2275407958774692,80,1.051,0.7155778894472361,0
45,0,4,3,2,4,0,26,6,2,2,0.09404220970623714,1631,2918.0,0.779,0.09791010592613798,34,0.478,0.36080402010050244,1
37,1,3,2,2,1,0,29,6,2,3,0.3673381160116937,2517,11072.0,0.941,0.511079301460063,79,1.026,0.185929648241206,1
35,1,2,2,1,0,0,36,4,3,4,0.41610208690447037,1779,13423.0,1.392,0.14961351273976523,60,0.579,0.11758793969849246,0
49,0,1,1,2,1,0,32,3,3,2,0.0,0,1438.3,0.718,0.20166046378471225,65,0.757,0.0,0
48,0,1,5,0,4,0,38,3,3,2,0.09763979962331118,0,4668.0,0.896,0.20801603206412825,77,0.453,0.0,0
37,0,2,5,1,4,0,22,4,3,3,0.1961653923942717,996,6931.0,0.521,0.20406527340395075,85,0.771,0.12663316582914572,0
53,1,1,2,1,0,0,48,3,2,3,0.04987347971594156,2083,1005.0,0.633,0.05903235041511595,40,0.538,0.6783919597989949,0
36,1,4,2,2,1,0,36,6,1,2,0.2554198145578441,994,8893.0,0.488,0.11577440595476667,64,0.455,0.10150753768844221,0
49,1,2,2,1,1,0,45,4,2,0,0.27519144317773003,1387,9154.0,0.72,0.21408531348411106,92,0.614,0.13266331658291458,0
44,0,3,5,2,4,0,39,3,2,2,0.17790535617651773,0,7323.0,0.518,0.23681649012310332,87,0.776,0.0,0
51,0,2,2,2,1,0,36,3,1,4,0.0017141457840176358,0,1495.0,0.528,0.09676495848840537,50,0.562,0.0,1
41,1,2,2,2,2,0,24,6,2,2,0.47946804040184177,2310,14988.0,0.844,0.17938734612081303,65,0.806,0.13467336683417086,0
43,0,2,2,1,1,0,36,2,3,2,0.08612146551906574,0,4287.0,0.807,0.24872602347552245,82,0.708,0.0,0
40,0,3,1,1,4,0,29,1,1,1,0.09739794483897007,1844,2816.0,1.018,0.46040652734039506,84,0.647,0.3979899497487437,0
61,0,1,5,1,4,0,36,3,2,4,0.16387777868473324,2489,4370.0,0.65,0.06223876324076724,26,1.0,0.36482412060301506,0
63,1,0,5,2,1,0,36,3,3,3,0.01607427360427116,1224,746.0,0.54,0.2292012596621815,65,0.625,0.6241206030150753,0
37,0,3,0,1,4,0,28,4,2,1,0.010572077260510862,0,1788.0,1.001,0.17068422559404522,56,0.931,0.0,0
43,0,4,2,2,4,0,36,5,3,2,0.0,0,1438.3,0.705,0.2234182651016318,71,0.651,0.0,0
52,1,2,2,1,3,3,48,6,6,1,1.0000000000000002,1473,33043.0,0.642,0.2132264529058116,73,0.587,0.04321608040201004,0
63,1,1,5,2,4,0,56,3,1,2,0.1673242093615941,2517,4456.0,0.781,0.24889779559118233,88,0.692,0.3628140703517587,0
47,0,3,2,1,4,0,36,5,2,2,0.20166758873803198,0,8109.0,0.601,0.07472087031205267,43,0.344,0.0,1
45,0,3,2,0,4,0,34,1,2,1,0.011267409765491558,787,1024.0,0.585,0.2491840824506155,80,1.162,0.43718592964824116,0
56,0,3,3,1,1,0,51,5,2,1,0.0,0,1438.3,0.597,0.003664471800744345,14,0.556,0.0,1
48,1,5,2,2,1,0,38,2,3,3,0.09092832935784534,0,4446.0,0.963,0.47082736902376177,76,0.949,0.0,1
49,0,2,5,1,4,0,34,6,1,3,0.0477270185049142,0,3017.0,0.702,0.22095619811050674,72,0.636,0.0,0
49,0,3,2,1,1,0,36,3,3,2,0.12817396614637658,2082,3596.0,0.83,0.2612081305468079,70,0.707,0.3688442211055276,0
42,1,3,5,1,0,0,28,2,3,1,0.5367271605946,1507,17685.0,0.594,0.8637274549098196,125,0.736,0.0793969849246231,0
50,0,4,5,2,4,0,36,2,2,3,0.031401820561889136,0,2477.0,0.445,0.08628685943315202,43,0.387,0.0,1
47,0,4,4,1,4,0,29,5,2,1,0.21784162744084387,1391,7253.0,0.896,0.21425708559977094,59,0.686,0.16180904522613065,0
43,0,3,5,1,1,0,36,6,4,3,0.0,0,1438.3,0.747,0.09081019181219582,38,0.583,0.0,1
45,0,1,1,2,4,0,36,6,2,2,0.0,0,1438.3,0.597,0.051588892069853995,34,0.545,0.0,0
47,0,2,3,1,4,0,37,6,1,1,0.04558055729388683,2338,608.0,0.58,0.23973661608932148,70,0.628,0.7979899497487437,0
40,1,2,3,1,3,3,36,5,3,0,1.0000000000000002,2183,32333.0,0.739,0.17829945605496705,67,0.634,0.06331658291457286,0
50,0,2,2,1,4,0,32,3,3,4,0.0437061827152432,2104,780.0,0.857,0.22651016318350983,93,0.86,0.7336683417085427,0
37,1,3,5,2,3,0,30,5,2,2,0.2974420833371123,1747,9530.0,0.503,0.0860578299456055,56,0.867,0.1557788944723618,0
44,1,3,4,1,3,0,32,3,4,2,1.0000000000000002,1807,32709.0,0.665,0.40841683366733467,91,0.655,0.05226130653266331,0
43,0,3,1,1,4,0,38,3,4,2,0.015378941099290465,0,1947.0,0.838,0.09098196392785571,52,1.0,0.0,0
59,0,2,5,1,4,0,36,6,3,2,0.07291014792443248,0,3850.0,0.509,0.8346407099914114,117,0.918,0.0,0
59,1,1,1,2,2,0,53,3,2,2,0.2302669169863685,1560,7495.0,0.696,0.07014028056112225,45,0.8,0.17286432160804016,0
56,0,4,2,1,4,0,44,3,3,2,0.008123297569057102,0,1707.0,0.683,0.24712281706269681,80,0.569,0.0,0
41,0,3,0,1,4,0,35,6,2,4,0.02469035029642328,1769,486.0,0.767,0.23973661608932148,83,0.804,0.7879396984924623,0
42,0,2,2,1,4,0,31,4,6,3,0.08684702987208906,822,3489.0,0.722,0.25393644431720586,94,0.541,0.19195979899497487,0
37,0,4,2,2,4,0,31,3,3,2,0.0,0,1438.3,0.919,0.25599770970512453,91,0.625,0.0,0
49,1,3,0,0,3,0,38,2,3,3,0.2575965076169141,1143,8816.0,0.661,0.38763240767248786,77,0.638,0.11557788944723618,0
63,1,1,2,1,1,0,56,2,1,2,0.03569474298394388,1779,840.0,1.259,0.05267678213569997,37,0.947,0.6824120603015075,0
53,1,1,2,1,3,0,47,3,3,1,0.033306426988575395,1859,681.0,0.768,0.22616661895219006,80,0.702,0.7356783919597989,0
49,0,4,3,1,4,0,43,5,3,4,0.034334309822025115,1555,1019.0,0.583,0.20635556827941595,62,0.55,0.6070351758793969,0
61,0,1,0,1,4,0,46,6,2,2,0.12841582093071768,0,5686.0,1.027,0.21803607214428855,67,0.675,0.0,0
44,0,2,2,0,4,0,27,5,2,2,0.0,679,759.3,0.859,0.03361007729745205,29,1.071,0.47437185929648235,0
43,0,5,2,1,1,0,34,5,1,3,0.1722217687445016,1164,5971.0,1.127,0.18413970798740337,81,1.189,0.16381909547738693,0
48,0,4,3,1,4,0,38,2,3,1,0.05286643267216282,1937,1250.0,0.77,0.2622960206126539,90,0.667,0.6110552763819095,0
42,0,5,2,1,1,0,36,3,3,3,0.018130039271170614,0,2038.0,0.786,0.040538219295734326,28,0.75,0.0,0
31,1,1,2,1,1,0,36,1,3,3,0.12551356351862436,875,4715.0,0.86,0.8080732894360149,127,0.764,0.15778894472361807,0
54,0,3,0,2,4,0,49,6,2,3,0.3550942175544249,0,13184.0,1.166,0.08685943315201833,33,0.179,0.0,1
44,1,2,2,1,3,0,36,3,3,2,0.3262530345217473,1196,11034.0,0.62,0.1791583166332665,76,0.52,0.09849246231155778,0
60,0,0,3,1,4,0,50,6,0,1,0.0613011182760591,973,2493.0,0.652,0.2028628685943315,69,0.605,0.28241206030150756,0
51,0,2,0,1,1,0,46,3,1,3,0.10410941510443594,695,4187.0,0.508,0.058058975093043225,44,0.517,0.14271356783919595,1
57,1,2,5,1,0,0,40,3,3,3,0.05041765298070907,1120,1986.0,1.045,0.008760377898654453,17,0.7,0.3628140703517587,1
53,0,3,5,1,4,0,47,1,3,2,0.06937302170344373,1620,2113.0,0.765,0.839965645576868,118,0.934,0.43618090452261304,0
41,0,2,1,1,4,3,28,1,3,3,0.9314946323353801,1289,30961.0,0.703,0.8734612081305468,100,0.786,0.04020100502512563,0
42,1,3,3,1,4,0,31,4,2,4,0.19238641138894183,1885,5917.0,0.643,0.21082164328657313,75,0.744,0.24321608040201,0
57,0,1,3,1,1,0,42,3,1,1,0.033366890684660665,1884,658.0,0.715,0.22834239908388201,88,1.095,0.7447236180904522,0
37,1,4,2,1,2,0,30,5,3,2,0.03445523721419567,2517,61.0,0.896,0.07443458345261952,64,0.524,0.9809045226130653,0
43,0,4,2,1,4,0,25,5,3,2,0.04032021573446764,1782,990.0,0.718,0.24099627827082734,88,0.796,0.6462311557788945,0
47,0,3,2,1,1,0,36,5,2,3,0.11883232510120112,1854,3515.0,0.959,0.0783280847409104,50,0.786,0.3467336683417085,0
52,1,3,5,1,0,0,46,2,4,4,0.3602336317216735,0,13354.0,0.018,0.03246492985971944,28,0.077,0.0,1
44,1,3,2,0,1,0,32,1,2,2,0.06459638971270676,0,3575.0,0.843,0.4089321500143143,66,0.737,0.0,1
44,0,4,5,1,4,0,33,5,4,2,0.2488897353806341,704,8967.0,0.699,0.13884912682507872,66,0.941,0.07336683417085427,0
50,1,2,2,1,0,0,43,3,2,1,1.0000000000000002,1156,33360.0,0.633,0.1971943887775551,65,0.585,0.033165829145728645,0
56,0,4,2,1,4,0,44,5,3,3,0.007216342127777935,0,1677.0,0.835,0.1114801030632694,45,0.324,0.0,1
46,0,2,0,0,4,0,36,4,3,1,0.0,0,1438.3,0.906,0.21649012310334953,77,0.833,0.0,0
47,0,3,2,1,4,0,34,4,2,1,0.20166758873803198,541,7568.0,0.958,0.176295448038935,77,0.604,0.06733668341708543,0
31,1,2,5,1,4,0,18,3,2,4,0.0,0,1438.3,1.561,0.12934440309189807,50,1.083,0.0,0
41,0,4,2,2,1,0,31,5,1,2,0.020850905595008122,1383,745.0,0.679,0.1968508445462353,81,0.761,0.6532663316582914,0
49,1,3,4,1,3,0,39,2,3,4,0.5844027849578417,901,19868.0,0.371,0.07472087031205267,43,0.72,0.04321608040201004,1
53,0,2,5,1,4,0,41,4,2,2,0.4346342097546081,1217,14598.0,1.266,0.0918980818780418,48,0.846,0.07738693467336683,0
32,1,1,2,1,1,0,36,3,2,4,0.22854370164793805,1471,7527.0,0.844,0.0802175780131692,48,0.371,0.16381909547738693,0
65,1,0,3,2,1,0,53,3,2,2,0.0323087760031683,1613,894.0,1.082,0.16003435442313196,67,0.675,0.6462311557788945,0
43,1,4,2,2,3,0,32,3,2,3,0.20843952269958313,774,7559.0,0.984,0.19232751216719152,81,0.723,0.09346733668341707,0
41,0,4,0,1,4,0,22,4,2,3,0.0,1125,313.3,0.611,0.11474377326080733,52,0.486,0.785929648241206,1
34,0,3,0,2,4,0,36,3,6,1,0.1814424823975065,704,6736.0,0.551,0.09853993701689091,63,0.537,0.09547738693467336,0
54,0,2,3,1,1,0,36,3,3,3,0.07417988554222332,0,3892.0,0.738,0.21689092470655594,74,0.762,0.0,0
43,1,1,2,2,2,0,37,4,3,4,0.5615475078376067,922,19091.0,0.655,0.05657028342399084,39,0.625,0.046231155778894466,0
40,1,3,2,1,2,0,31,6,3,4,0.4742681625385078,1201,15925.0,0.802,0.19244202691096476,79,0.881,0.07035175879396985,0
47,0,4,0,0,4,0,36,4,3,3,0.16115691236089574,274,6495.0,0.998,0.24935585456627538,54,0.35,0.04020100502512563,1
47,0,2,3,1,4,0,34,4,2,4,0.0390504781166768,1970,760.0,0.848,0.18957915831663325,69,0.865,0.7256281407035174,0
54,1,3,2,2,3,0,38,4,2,1,0.8392874958053311,1310,27890.0,1.092,0.14383051817921555,73,1.028,0.045226130653266326,0
52,0,2,2,1,1,0,43,1,2,3,0.08016579145466585,1649,2441.0,0.752,0.8569710850271972,92,0.673,0.4050251256281407,0
54,0,2,5,1,4,0,50,3,6,3,0.024448495512082162,0,2247.0,0.641,0.11938162038362439,37,0.423,0.0,1
44,0,3,1,1,4,0,36,4,3,0,0.016225432844484355,1264,711.0,0.671,0.13907815631262524,63,0.8,0.6432160804020101,0
40,1,4,2,1,4,0,34,3,1,2,0.03442500536615304,1812,765.0,0.666,0.20635556827941595,62,0.824,0.7065326633165828,0
61,0,0,4,1,1,0,53,4,3,2,0.03409245503768401,2164,402.0,0.578,0.21837961637560835,73,0.659,0.8472361809045225,0
47,0,1,3,1,4,0,41,6,3,2,0.06698470570807524,0,3654.0,0.63,0.08405382192957343,44,0.467,0.0,1
49,0,1,2,1,4,0,39,3,4,2,0.04431081967609599,2203,701.0,0.796,0.18997995991983965,66,0.692,0.7628140703517587,0
50,1,2,0,2,2,0,36,5,3,2,0.13685050653461397,688,5277.0,0.673,0.1632980246206699,58,1.071,0.11557788944723618,0
52,0,3,2,2,4,0,46,3,3,3,0.03814352267539763,1623,1077.0,0.848,0.2084740910392213,78,0.814,0.6040201005025125,0
35,0,2,2,1,4,0,23,4,2,2,0.15994763843919016,2375,4354.0,0.579,0.08874892642427712,50,0.351,0.3547738693467336,0
54,0,3,3,1,4,0,38,4,2,4,0.1113650586346693,1642,3480.0,0.935,0.0789006584597767,39,0.696,0.32261306532663314,0
39,0,2,1,1,1,0,29,5,2,3,0.00770005169646016,1101,592.0,0.778,0.21030632693959345,87,0.851,0.6532663316582914,0
44,1,3,3,2,1,0,34,5,3,1,0.22851346979989542,708,8289.0,0.586,0.23063269395934724,62,0.676,0.0793969849246231,0
49,1,3,2,1,4,0,36,3,3,5,0.046487512735166,1817,1159.0,0.739,0.16043515602633837,60,0.667,0.6140703517587939,0
39,0,1,4,2,1,3,32,5,2,3,0.4950676739918435,0,17814.0,0.82,0.23945032922988832,76,0.689,0.0,0
49,0,2,0,2,1,0,36,3,2,1,0.1491246368399254,1946,4425.0,0.582,0.1753220727168623,79,0.756,0.30653266331658285,0
49,0,2,2,2,4,0,31,5,1,2,0.12146249588091074,951,4505.0,0.737,0.032407672487832814,27,0.588,0.17487437185929647,1
59,1,1,2,2,1,0,53,4,3,2,0.02109276037934924,1502,634.0,0.648,0.0789006584597767,37,0.37,0.7065326633165828,0
41,0,1,3,2,4,0,33,4,2,0,0.20000483709568684,1023,7031.0,0.75,0.16283996564557685,45,0.875,0.12763819095477386,0
45,1,4,3,1,1,0,34,6,3,3,0.050357189284623786,1766,1338.0,0.828,0.04712281706269682,24,1.182,0.571859296482412,0
42,0,3,3,1,4,0,36,4,3,1,0.007186110279735293,1372,304.0,0.522,0.2204981391354137,77,0.571,0.8231155778894471,0
46,0,4,2,2,4,0,38,6,2,2,0.037266799082161094,1713,958.0,0.732,0.22839965645576868,79,0.795,0.6442211055276381,0
56,0,1,2,1,4,0,50,4,3,2,0.004404780259812509,1311,273.0,0.867,0.21030632693959345,73,0.78,0.8321608040201004,0
33,0,1,1,2,4,0,15,1,1,3,0.06864745735042038,1180,2529.0,0.645,0.43515602633839107,74,0.897,0.3195979899497487,1
46,1,5,0,2,3,0,36,1,2,3,0.3551849130985528,2241,10946.0,0.689,0.8487832808474091,112,0.931,0.1708542713567839,0
58,0,0,2,1,4,0,52,1,2,2,0.013020856951964623,1255,614.0,0.847,0.27134268537074147,80,0.633,0.6743718592964824,0
60,0,1,5,2,4,0,47,1,3,2,0.10480474760941663,2413,2492.0,0.853,0.8558831949613512,109,0.73,0.4944723618090452,0
49,1,2,3,1,3,0,36,4,3,1,0.0771123748023593,2514,1475.0,0.469,0.26676209561981107,82,0.519,0.6331658291457286,0
31,1,0,2,1,3,0,36,2,3,3,0.9478500621264477,1607,31184.0,0.752,0.7241339822502147,106,0.738,0.04924623115577889,0
45,1,2,2,1,1,0,27,2,2,3,0.13186225160757853,1434,4366.0,0.715,0.4392785571142285,89,0.679,0.24824120603015074,0
47,1,3,4,1,4,3,38,2,1,2,0.9597311784072048,855,32329.0,0.728,0.3813340967649585,93,0.525,0.026130653266331655,0
30,0,0,2,2,4,0,17,3,2,1,0.10368616923183899,1090,3778.0,0.679,0.13610077297452045,69,0.816,0.2251256281407035,0
41,1,4,2,1,3,3,28,3,2,3,1.0000000000000002,825,33691.0,0.616,0.08542799885485255,52,0.733,0.024120603015075376,1
61,1,0,3,0,2,0,51,6,3,4,0.13343430770579576,1935,3917.0,0.829,0.18087603778986544,55,0.618,0.33266331658291454,0
59,1,2,2,2,2,0,36,6,3,2,0.0,788,650.3,0.741,0.21568851989693671,65,0.585,0.5507537688442211,0
60,0,1,2,1,4,0,36,3,4,3,0.04364571901915793,2081,801.0,0.644,0.2521042084168337,103,0.661,0.7256281407035174,0
62,1,0,2,1,1,0,48,5,1,5,0.03484825123874998,0,2591.0,0.601,0.09121099341540223,56,0.697,0.0,0
51,1,2,3,1,2,0,37,6,6,3,0.22216478171094126,1087,7700.0,0.974,0.229430289149728,75,1.273,0.12462311557788944,0
56,0,1,2,2,4,0,38,4,1,3,0.009030253010336275,0,1737.0,0.953,0.24008016032064125,78,0.625,0.0,0
50,1,1,5,1,3,0,39,6,3,4,0.4044628254080544,1463,13354.0,0.795,0.1994846836530203,70,0.628,0.09949748743718592,0
43,0,3,3,2,4,0,25,5,1,2,0.2680567270396672,1870,8435.0,0.722,0.19971371314056682,63,0.8,0.18190954773869344,0
56,0,1,2,1,4,0,50,2,3,3,0.11789513781187932,0,5338.0,0.919,0.2066418551388491,69,0.865,0.0,0
54,0,4,2,1,4,0,43,3,3,0,0.11187900005139417,0,5139.0,0.33,0.06430002862868595,44,0.692,0.0,1
38,0,2,5,1,4,0,28,1,1,2,0.06622890950700927,1891,1738.0,0.917,0.884740910392213,113,0.687,0.5236180904522613,0
64,1,0,3,1,4,0,54,4,3,2,0.021213687771519794,1361,779.0,0.46,0.0429430289149728,34,1.0,0.6391959798994974,0
57,0,3,3,2,4,0,36,1,4,2,0.2101325061899709,1960,6429.0,0.384,0.04603492699685084,38,0.407,0.23517587939698492,1
43,0,2,3,2,1,0,38,4,2,2,0.10979300253645208,0,5070.0,0.67,0.20973375322072715,67,0.811,0.0,0
53,0,1,3,1,4,0,47,6,1,2,0.06066624946716368,1074,2371.0,0.67,0.031148010306326936,31,0.632,0.31356783919597986,0
53,0,1,3,1,4,0,41,1,2,3,0.06148250936431494,2517,955.0,0.75,0.2284569138276553,84,0.68,0.728643216080402,0
52,0,2,3,2,1,0,36,1,2,2,0.033306426988575395,1093,1447.0,0.783,0.5043801889493272,99,0.737,0.43216080402010043,0
47,1,4,0,2,2,0,41,5,2,3,0.4279529713371849,0,15594.0,0.631,0.2413398225021471,75,0.786,0.0,0
46,1,3,2,1,1,0,41,5,2,2,0.034031991341598726,0,2564.0,1.026,0.08634411680503865,45,0.364,0.0,0
49,0,2,4,2,4,0,36,3,3,2,0.7094114766141539,0,24904.0,0.636,0.26601774978528486,71,0.479,0.0,0
36,1,4,3,2,0,0,36,1,3,3,0.800862816943137,1898,26031.0,0.725,0.8144861150873175,123,0.732,0.06834170854271357,0
41,1,4,3,1,1,0,29,5,4,2,0.06535218591377273,746,2854.0,0.824,0.20921843687374747,61,0.694,0.2080402010050251,0
42,0,4,2,1,4,0,32,3,1,2,0.026474029330938974,1547,767.0,0.804,0.23750357858574292,74,1.0,0.6723618090452261,0
48,1,3,2,0,1,0,43,2,3,3,0.23174827754045782,145,8959.0,0.765,0.1164042370455196,34,0.417,0.01608040201005025,1
58,0,1,2,2,4,0,50,5,2,2,0.21388125534725813,799,7714.0,0.451,0.09098196392785571,37,0.542,0.09447236180904522,1
52,0,3,2,2,4,0,44,4,1,3,0.059789525873927156,2044,1372.0,0.994,0.07981677640996278,48,0.92,0.601005025125628,0
49,1,2,4,1,2,0,37,5,3,3,0.03536219265547485,1589,1019.0,0.982,0.08834812482107071,47,0.516,0.6120603015075377,0
39,1,1,5,2,2,0,22,4,3,3,0.2347714623447217,845,8359.0,0.673,0.07386200973375322,58,0.611,0.09246231155778893,0
42,1,3,2,1,2,0,29,3,3,1,0.32818787279647615,2517,9777.0,0.775,0.42233037503578585,87,0.611,0.20603015075376882,0
41,0,3,2,1,4,0,28,3,2,2,0.17521472170072286,1420,5814.0,0.539,0.22536501574577725,92,0.736,0.19698492462311556,0
39,0,4,1,1,4,0,27,2,1,1,0.21611841210241342,1324,7263.0,0.897,0.4766103635843115,92,0.643,0.15477386934673365,0
52,1,2,3,1,2,3,35,4,4,3,0.9596102510150343,511,32669.0,0.681,0.015287718293730313,14,0.273,0.015075376884422108,1
43,0,3,2,2,1,3,36,2,3,4,0.5524779534248149,531,19182.0,0.792,0.44494703693100485,70,0.591,0.027135678391959798,1
53,1,2,5,2,3,0,47,6,1,1,0.6474664199747867,0,22855.0,0.741,0.1821356999713713,83,0.804,0.0,0
56,1,1,0,1,2,0,44,5,3,3,0.00803260202492919,0,1704.0,0.701,0.0074434583452619545,17,0.308,0.0,1
39,0,2,2,2,4,0,27,1,3,3,0.0,811,627.3,0.571,0.1034068136272545,46,0.278,0.5668341708542712,1
34,1,0,3,1,1,0,13,3,3,2,0.07351478488528526,1394,2476.0,0.827,0.060578299456054974,36,0.714,0.3618090452261306,0
46,0,4,2,1,4,0,42,4,2,0,0.06244992850167939,1698,1806.0,0.575,0.22381906670483823,70,0.628,0.4874371859296482,0
44,1,3,3,1,2,0,36,4,1,2,0.02266481647756647,1241,947.0,0.782,0.22782708273690236,67,0.675,0.5698492462311556,0
57,0,2,4,1,4,0,36,3,0,1,0.038506304851909305,1445,1267.0,0.819,0.2284569138276553,79,0.881,0.5356783919597989,0
39,0,2,2,2,1,0,28,3,1,1,0.17095203112671076,2517,4576.0,0.745,0.7676495848840538,120,0.846,0.3567839195979899,0
43,0,3,2,1,4,0,36,4,2,4,0.06302433361448953,0,3523.0,0.973,0.15138849126825077,44,0.222,0.0,1
40,0,3,3,2,4,0,34,5,1,3,0.008123297569057102,989,718.0,0.555,0.1949613512739765,76,0.52,0.5819095477386934,0
61,1,0,2,1,3,0,56,4,2,4,0.21106969347929275,1389,7031.0,0.522,0.03343830518179215,34,0.545,0.1658291457286432,0
49,1,4,1,1,2,0,44,3,1,1,0.05758260096681451,1581,1762.0,1.146,0.05811623246492986,31,0.824,0.4753768844221105,0
40,1,4,2,0,1,1,28,4,2,2,0.6815074808707982,1788,22193.0,0.631,0.05101631835098769,34,0.308,0.07537688442211055,0
49,1,3,2,2,3,0,36,2,3,1,0.09428406449057827,985,3572.0,0.592,0.38952190094474665,91,0.596,0.21708542713567838,0
47,1,5,2,2,0,0,27,5,3,4,0.31204406594170697,2306,9454.0,0.616,0.05542513598625823,49,0.96,0.19698492462311556,0
43,0,4,2,1,4,0,29,6,2,3,0.04403873304371223,0,2895.0,0.663,0.11125107357572288,42,0.273,0.0,1
37,1,1,3,1,0,0,32,6,2,2,0.4823400659658924,1409,15984.0,0.608,0.06653306613226453,38,0.652,0.0814070351758794,0
38,1,3,2,1,2,0,31,6,1,2,0.017404474918147277,896,1118.0,1.055,0.11050672774119667,52,0.857,0.4472361809045226,0
36,1,0,3,1,0,0,24,3,3,2,0.2617685026467983,2139,7958.0,1.408,0.14669338677354707,67,0.763,0.2130653266331658,0
39,0,1,0,2,4,0,32,4,2,3,0.021334615163690347,1557,587.0,0.775,0.23137703979387345,85,0.848,0.7296482412060301,0
46,0,2,5,0,4,0,40,5,2,3,0.5635730416564635,0,20080.0,0.56,0.23418265101631833,70,0.667,0.0,0
41,0,2,3,2,4,0,36,4,3,3,0.02305783050212077,2104,97.0,0.648,0.1075293444030919,38,0.583,0.9608040201005024,1
57,0,3,2,1,1,0,46,2,2,2,0.040894620847277775,1550,1241.0,0.672,0.2811336959633553,83,0.66,0.5577889447236181,0
31,0,1,0,0,4,0,21,2,2,3,0.01882537177615131,1904,157.0,0.786,0.22616661895219006,86,0.87,0.928643216080402,0
39,1,2,5,1,0,0,26,2,3,4,0.2257623716280153,0,8906.0,0.315,0.01597480675636988,15,0.25,0.0,1
42,0,4,5,1,4,0,36,6,2,3,0.12451591253321725,2246,3311.0,0.518,0.10128829086744918,39,0.444,0.40603015075376886,1
48,0,4,3,1,1,0,42,3,1,3,0.08367268582761198,1100,3106.0,0.587,0.03515602633839107,22,1.0,0.2633165829145728,0
33,1,2,2,1,0,0,21,2,2,4,0.8027674233698232,0,27992.0,0.433,0.017578013169195533,18,1.0,0.0,1
38,0,3,4,1,4,0,29,4,1,0,0.01329294358434837,1247,631.0,0.67,0.23590037217291723,71,0.614,0.6673366834170854,0
55,0,3,2,2,4,0,29,6,1,2,0.17905416640213803,1309,6052.0,0.504,0.036931004866876616,34,0.7,0.17889447236180903,0
55,1,1,0,2,0,0,42,6,2,3,0.06278247883014842,2517,998.0,1.051,0.2166046378471228,72,0.8,0.7195979899497487,0
39,0,4,4,1,4,0,22,3,3,1,0.12140203218482545,1108,4346.0,1.021,0.12275980532493559,67,0.675,0.20402010050251257,0
44,1,3,2,1,1,0,40,2,2,6,0.24378055306142812,2457,7045.0,0.915,0.10191812195820212,57,0.676,0.26030150753768844,1
47,1,3,2,1,3,0,36,3,2,3,0.24925251755714575,1116,8567.0,0.721,0.8644145433724592,104,0.825,0.11557788944723618,0
45,1,5,2,1,0,0,26,6,3,2,1.0000000000000002,797,33719.0,1.133,0.17824219868308042,59,1.034,0.023115577889447233,0
43,0,2,2,1,4,0,31,6,3,3,0.019067226560492416,839,1230.0,0.923,0.20538219295734325,70,0.707,0.40804020100502514,0
43,0,1,3,0,4,3,35,3,2,2,0.27437518328057875,1580,8934.0,0.504,0.04002290294875466,27,0.8,0.1507537688442211,0
65,0,0,2,2,4,0,56,3,2,2,0.12100901816027113,812,4629.0,0.534,0.22616661895219006,76,0.551,0.14974874371859295,0
34,1,1,2,1,2,0,29,3,2,3,0.07411942184613804,2286,1604.0,0.633,0.07781276839393071,51,0.457,0.5909547738693467,0
27,1,0,2,2,1,0,16,4,1,2,0.052594346039779076,1118,2060.0,0.643,0.084740910392213,31,0.55,0.3537688442211055,0
65,0,1,2,2,4,0,56,6,2,2,0.09597704798096604,1619,2994.0,0.697,0.10294875465216145,62,0.722,0.3527638190954773,0
48,1,4,4,0,2,0,38,3,2,2,0.3070860428627142,1258,10338.0,0.426,0.23796163756083596,67,0.675,0.10854271356783919,0
59,0,1,5,1,1,0,36,4,2,3,0.05797561499136882,985,2371.0,0.35,0.026853707414829658,28,0.556,0.29547738693467335,0
56,0,3,2,1,4,0,45,6,2,3,0.02408571333557049,0,2235.0,0.556,0.04002290294875466,27,0.35,0.0,0
47,0,4,4,0,1,0,40,2,2,3,0.038899318876463605,1851,874.0,0.687,0.2504437446321214,85,0.7,0.6824120603015075,0
28,1,1,3,0,4,0,36,5,3,4,0.02499266877684967,1935,330.0,0.653,0.10168909247065559,61,0.525,0.8582914572864321,0
51,0,4,2,2,4,0,43,6,3,2,0.050961826245476564,2517,607.0,0.635,0.23967935871743487,68,0.581,0.8100502512562814,0
56,1,3,3,0,3,0,52,2,3,1,0.20172805243411726,2051,6060.0,0.999,0.18259375894646435,69,0.643,0.2542713567839196,0
36,1,4,2,2,2,0,36,3,2,1,0.5713426266034216,1605,18732.0,0.805,0.11050672774119667,74,1.312,0.0793969849246231,0
51,0,4,2,1,4,0,32,2,2,3,0.027562375860473977,1272,1078.0,0.873,0.23572860005725735,86,0.911,0.543718592964824,0
55,0,2,2,1,4,0,46,5,3,4,0.0,0,1438.3,0.907,0.21419982822788433,79,0.756,0.0,0
41,1,2,2,2,3,0,28,1,2,3,0.3700589823355312,2267,11412.0,1.232,0.8388204981391354,103,0.689,0.16683417085427135,0
38,0,1,2,1,4,0,29,3,3,3,0.2271832684860193,0,8953.0,0.403,0.08313770397938734,43,0.303,0.0,1
34,0,0,3,1,1,0,36,5,1,3,0.05335014224084505,2229,974.0,1.146,0.11995419410249068,52,0.625,0.6994974874371859,0
49,0,1,1,1,4,0,36,3,1,2,0.214062646435514,0,8519.0,0.873,0.1813913541368451,65,0.625,0.0,0
56,0,1,2,2,1,0,47,3,2,1,0.1390574314417266,0,6038.0,0.741,0.052505010020040085,30,0.875,0.0,0
47,1,3,1,0,1,0,36,4,2,3,0.10120715769234259,1516,3270.0,0.94,0.2543945032922989,74,0.85,0.3185929648241206,0
47,1,4,0,1,3,0,33,3,1,3,0.22419031552979804,2382,6472.0,0.67,0.24265674205553964,81,0.929,0.27035175879396983,0
53,0,1,2,2,4,0,45,3,1,2,0.061452277516272295,1785,1686.0,1.051,0.02988834812482107,24,0.714,0.5165829145728643,0
40,0,4,3,1,4,0,33,4,5,3,0.009786049211402248,1224,538.0,0.815,0.2501574577726882,87,0.812,0.6984924623115577,0
51,1,2,2,2,0,0,42,2,4,2,0.4081208790212137,0,14938.0,0.758,0.43870598339536215,80,0.778,0.0,1
49,0,2,2,1,4,0,36,3,1,3,0.054831502794934366,2517,735.0,0.878,0.3943887775551102,90,0.579,0.7778894472361808,0
35,0,3,2,1,4,0,21,3,1,1,0.025204291713148134,604,1668.0,0.987,0.23383910678499856,75,0.974,0.26733668341708544,0
55,0,3,2,1,4,0,35,3,2,3,0.01311155249609254,1167,705.0,0.517,0.09779559118236474,45,0.607,0.6261306532663315,0
51,0,2,1,1,4,0,45,6,6,2,0.15305477708546847,0,6501.0,0.651,0.26017749785284855,81,0.688,0.0,0
54,0,1,2,1,4,0,48,4,3,2,0.1625173455228145,1570,5244.0,0.653,0.046321213856284,30,0.364,0.23115577889447236,0
49,1,5,0,1,2,1,35,1,2,2,1.0000000000000002,1064,33452.0,0.796,0.433152018322359,81,0.62,0.03115577889447236,0
65,1,0,5,1,4,0,56,3,3,2,0.2631893995048023,1295,8849.0,0.758,0.040309189808187804,24,1.182,0.128643216080402,0
35,0,1,2,0,4,0,24,5,3,3,0.0,0,1438.3,0.849,0.10449470369310047,47,0.567,0.0,1
31,0,0,2,1,4,0,22,3,3,2,0.04470383370065029,2127,790.0,1.074,0.07449184082450616,36,1.0,0.7326633165829145,0
47,0,3,5,2,1,0,35,6,5,2,0.09386081861798132,1028,3515.0,0.799,0.20400801603206412,77,0.571,0.22713567839195978,0
39,0,0,3,2,4,0,23,5,3,2,0.05564776269208561,0,3279.0,0.765,0.2586888061837962,75,0.923,0.0,0
34,1,4,0,2,2,0,20,5,1,2,0.021969483972585767,1952,213.0,0.822,0.1214428857715431,81,0.841,0.9065326633165829,0
54,1,2,4,1,2,2,42,1,3,1,1.0000000000000002,1996,32520.0,0.988,0.8304036644718007,114,0.81,0.05829145728643216,0
38,0,1,3,1,4,0,30,2,3,0,0.0,583,855.3,0.888,0.04174062410535356,24,1.0,0.40703517587939697,0
44,0,3,3,2,4,0,25,2,1,1,0.01955093612917464,1528,557.0,0.664,0.18751789292871454,79,0.795,0.7366834170854271,0
40,0,4,4,1,4,0,29,5,3,1,0.22325312824047625,0,8823.0,0.812,0.22462066991125104,84,0.787,0.0,0
43,0,5,2,2,4,0,26,6,0,3,0.05141530396611615,1089,2050.0,1.034,0.23578585742914396,80,0.778,0.34874371859296477,0
38,1,3,3,1,2,0,26,5,4,2,0.13258781596060187,1542,4282.0,0.827,0.07277411966790724,44,0.571,0.2663316582914573,0
48,0,3,4,1,4,0,37,2,1,3,0.18231920599074303,2474,4995.0,0.674,0.4399083882049814,86,0.623,0.33266331658291454,0
60,0,0,2,1,4,0,50,4,2,2,0.05165715875045727,1602,1545.0,0.569,0.058860578299456054,23,0.643,0.5115577889447236,0
42,1,3,2,1,1,0,37,2,2,3,0.05208040462305421,1788,1373.0,0.865,0.7536215287718293,117,0.828,0.5688442211055276,0
60,1,0,5,2,3,0,36,6,3,2,0.6980443017501217,2396,22132.0,0.81,0.20269109647867162,67,0.718,0.09849246231155778,0
47,0,4,0,2,4,0,36,2,2,3,0.024932205080764387,0,2263.0,0.752,0.10621242484969941,33,0.375,0.0,1
52,0,2,2,1,4,0,36,6,3,1,0.030615792512780522,1733,718.0,0.724,0.27214428857715434,90,0.698,0.7105527638190954,0
56,1,2,2,2,1,0,51,1,3,1,0.0008374221907811036,723,743.0,0.793,0.2622387632407673,86,0.593,0.4954773869346733,0
58,0,4,3,1,4,0,48,1,4,3,0.11964858499835238,1803,3593.0,0.493,0.09029487546521614,39,0.393,0.335678391959799,1
39,1,3,3,2,2,0,32,3,2,2,0.6130928087503061,2386,19332.0,0.743,0.16959633552819925,66,0.692,0.11055276381909547,0
37,1,2,3,0,0,0,24,4,2,2,0.06223830556538091,1665,1832.0,0.627,0.10346407099914114,61,0.564,0.4783919597989949,0
55,0,2,3,1,1,0,42,2,2,3,0.12070669967984474,2007,3424.0,0.661,0.23126252505010017,82,0.608,0.371859296482412,0
50,1,2,3,1,3,0,36,6,2,1,0.45195705868304026,2001,14387.0,0.547,0.22599484683653018,83,0.66,0.12261306532663316,0
52,0,1,2,1,1,0,39,3,2,1,0.0,635,803.3,0.744,0.23401087890065844,79,0.927,0.44321608040201,0
34,0,2,0,2,4,0,20,5,2,3,0.038597000396037216,1503,1212.0,0.704,0.20881763527054106,68,0.659,0.5567839195979899,0
48,0,2,2,2,4,0,37,3,3,2,0.06517079482551691,1996,1598.0,0.795,0.8217005439450329,109,0.703,0.5577889447236181,0
46,0,3,0,1,4,0,36,2,3,4,0.011055786829193087,0,1804.0,0.537,0.08857715430861723,44,0.419,0.0,1
46,1,3,3,0,0,0,37,5,3,4,0.15172457577159237,0,6457.0,0.531,0.2265674205553965,73,0.431,0.0,0
52,0,3,2,2,4,3,34,3,2,2,0.35282682895122697,1375,11734.0,0.742,0.17366160893215,73,0.553,0.10552763819095476,0
64,0,1,3,0,4,0,36,3,3,1,0.5018396079533946,1184,16854.0,0.827,0.20830231892356138,64,0.6,0.06633165829145729,0
58,1,1,3,2,1,0,46,4,1,0,0.12518101319015532,0,5579.0,0.481,0.028342399083882048,35,0.667,0.0,0
61,0,0,3,2,4,0,36,4,3,4,0.009725585515316972,0,1760.0,0.457,0.10048668766103637,46,0.643,0.0,1
39,1,2,5,2,2,0,29,2,2,3,0.6640032408541102,958,22444.0,0.646,0.40309189808187806,98,0.633,0.04120603015075377,0
50,1,0,1,2,3,0,38,5,2,2,0.06111972718780328,1881,1579.0,0.622,0.058173489836816486,35,1.059,0.5467336683417086,0
49,1,3,3,2,0,0,42,5,3,2,0.33834577373880287,1822,10808.0,0.947,0.20349269968508443,66,0.571,0.14472361809045223,0
38,1,2,3,0,2,3,25,1,2,3,0.7665496694147417,821,25973.0,0.848,0.47283137703979383,58,0.933,0.03115577889447236,1
57,1,0,5,1,1,0,45,6,2,2,0.03515056971917637,0,2601.0,0.814,0.04019467506441454,32,0.684,0.0,0
34,1,5,2,1,2,0,27,5,2,2,0.03212738491491247,1909,592.0,0.956,0.07557973089035214,34,1.125,0.7668341708542713,0
46,1,2,3,1,4,0,37,3,1,1,0.14147597928513775,1092,5026.0,0.757,0.22353277984540507,81,0.62,0.17889447236180903,0
42,0,2,4,2,1,0,34,3,3,3,0.12784141581790756,812,4855.0,0.62,0.08783280847409104,42,0.4,0.1437185929648241,1
55,1,1,2,2,3,0,44,4,3,2,0.03702494429781999,1784,879.0,0.785,0.21683366733466933,81,0.929,0.6733668341708543,0
49,0,2,5,1,4,0,37,6,3,3,0.25046179147885134,2459,7264.0,0.444,0.04168336673346694,24,1.0,0.2542713567839196,0
54,0,3,1,2,4,0,36,4,2,2,0.040501606822723475,743,2035.0,0.812,0.22817062696822213,74,0.51,0.26834170854271355,0
48,0,3,3,1,4,0,36,2,1,1,0.0,0,1438.3,0.885,0.25674205553965074,84,0.909,0.0,0
52,1,3,4,1,3,0,43,5,2,2,0.16357546020430686,2126,4723.0,0.611,0.06418551388491268,43,0.344,0.3115577889447236,0
47,0,5,1,1,4,0,42,3,5,3,0.0878749127055388,2176,2169.0,0.752,0.11039221299742343,44,0.467,0.5035175879396985,1
50,0,1,2,2,4,0,46,4,2,3,0.01943000873700409,1235,846.0,1.485,0.04620669911251074,29,1.071,0.5959798994974873,0
54,0,2,2,2,4,0,47,3,2,3,0.02729028922809023,1550,791.0,0.656,0.16467220154594903,57,1.478,0.6653266331658291,0
40,0,3,0,2,4,0,22,4,2,4,0.05845932456005103,2517,855.0,0.729,0.21064987117091324,72,0.756,0.7497487437185929,0
57,1,3,2,2,0,0,49,5,3,3,0.9443733996015443,2134,30542.0,0.797,0.19811050672774116,88,0.76,0.06532663316582914,0
56,1,1,5,2,2,0,36,6,4,3,0.41661602832119526,2281,12938.0,0.832,0.4062410535356427,78,0.95,0.1507537688442211,1
41,0,3,0,1,4,0,31,2,2,2,0.08004486406249528,1974,2112.0,0.775,0.42381906670483827,87,0.642,0.4854271356783919,0
31,1,0,2,0,3,3,19,1,3,3,1.0000000000000002,1984,32532.0,0.757,0.8267391926710563,96,0.811,0.057286432160804014,0
44,0,3,5,1,4,0,36,2,3,1,0.06761957451697065,2517,1158.0,0.766,0.07918694531920985,35,0.667,0.6884422110552764,1
39,0,3,2,1,4,0,28,3,3,3,0.23982018096784238,1066,8305.0,0.89,0.24185513884912682,78,0.857,0.11457286432160803,0
39,1,1,5,1,1,0,29,4,2,2,0.08720981204860073,1267,3056.0,1.102,0.14589178356713425,58,0.611,0.2944723618090452,0
38,1,1,5,1,0,0,21,4,2,3,0.8043092476199978,1786,26257.0,0.802,0.801087890065846,109,0.847,0.064321608040201,0
41,0,2,2,2,4,0,28,2,1,3,0.08987021467635298,2517,1894.0,0.988,0.015631262525050097,15,0.875,0.5738693467336683,1
39,1,1,2,2,1,0,33,6,1,2,0.02469035029642328,0,2255.0,0.73,0.2222731176638992,81,0.884,0.0,0
37,1,1,2,2,2,0,27,4,1,3,0.08615169736710837,2349,1939.0,0.718,0.11800744345834525,57,0.541,0.5507537688442211,0
30,0,2,5,1,4,0,24,4,2,1,0.018885835472236587,0,2063.0,0.553,0.0760950472373318,43,0.536,0.0,0
62,0,0,2,2,4,0,56,6,3,3,0.034576164606366235,1528,1054.0,0.771,0.20103063269395932,67,0.457,0.5949748743718593,0
42,0,4,2,2,4,0,33,4,2,2,0.0441596604358828,1952,947.0,0.667,0.25055825937589465,94,0.679,0.6763819095477387,0
37,0,3,0,1,4,0,24,4,2,4,0.29629327311149206,0,11239.0,0.32,0.08731749212711136,43,0.162,0.0,1
53,0,2,2,2,4,0,48,3,2,2,0.06792189299739704,0,3685.0,0.762,0.19937016890924705,59,0.639,0.0,0
50,0,1,5,1,4,0,38,3,3,3,0.0,0,1438.3,0.679,0.23269395934726592,86,0.72,0.0,0
46,0,4,5,1,1,0,40,6,3,1,0.0010792769751222162,843,631.0,0.751,0.22456341253936443,65,1.097,0.5748743718592964,0
49,0,3,5,1,4,0,40,5,2,2,0.13938998177019565,796,5253.0,0.821,0.22547953048955052,71,0.511,0.13266331658291458,0
55,0,2,2,2,4,0,39,3,2,3,0.02985999631171455,1589,837.0,0.87,0.26596049241339825,82,0.822,0.6582914572864321,0
50,0,2,0,1,4,0,39,2,3,2,0.0,0,1438.3,0.588,0.0760950472373318,41,0.464,0.0,1
42,1,2,2,1,2,0,35,6,1,2,0.020941601139136047,1288,843.0,0.797,0.2137990266246779,81,0.841,0.6070351758793969,0
44,0,3,5,1,4,0,36,6,3,3,0.0074279650640764056,0,1684.0,0.557,0.09991411394217005,45,0.607,0.0,1
46,0,3,2,1,4,0,34,3,3,1,0.0,0,1438.3,0.714,0.1218436873747495,43,0.654,0.0,1
39,0,1,2,1,4,0,30,3,2,3,0.04470383370065029,1357,1560.0,1.593,0.10833094760950472,46,0.438,0.4673366834170854,0
63,1,2,2,1,2,0,49,5,2,3,0.3808215202387107,2061,11974.0,2.271,0.06160893215001431,30,1.5,0.14773869346733667,0
51,0,3,0,1,4,0,36,6,2,2,0.015046390770821434,0,1936.0,0.705,0.20280561122244486,72,0.756,0.0,0
46,0,2,2,2,4,0,30,3,1,0,0.12261130610653101,2142,3352.0,1.014,0.44649298597194387,78,0.733,0.39195979899497485,0
47,1,2,5,1,3,3,38,4,3,4,1.0000000000000002,733,33783.0,1.229,0.14245634125393644,60,0.538,0.021105527638190954,0
48,0,4,5,1,1,0,32,6,1,3,0.037841204194971244,1903,787.0,0.824,0.2311480103063269,81,0.8,0.7105527638190954,0
38,0,1,4,2,4,0,33,4,2,1,0.02472058214446591,0,2256.0,0.713,0.23229315774405954,92,0.878,0.0,0
57,0,2,5,2,4,0,36,5,3,2,0.20514425126293548,1239,6985.0,0.793,0.9040366447180074,124,0.653,0.15175879396984923,0
46,0,2,2,1,1,0,22,6,1,3,0.026201942698555226,1627,678.0,0.747,0.04008016032064128,36,0.565,0.7095477386934672,0
55,0,2,3,1,4,0,36,5,1,4,0.0167998379572945,1175,819.0,0.794,0.22473518465502432,82,0.547,0.5919597989949748,0
46,0,2,3,2,4,0,36,3,3,4,0.025536842041617165,1020,1263.0,0.944,0.18076152304609217,68,1.125,0.4492462311557789,0
42,0,3,0,1,4,0,36,6,2,1,0.20623259779247047,2517,5743.0,1.049,0.15854566275407958,64,0.73,0.30653266331658285,0
44,0,3,3,1,4,0,31,3,3,4,0.10722329545282774,1379,3606.0,0.896,0.21139421700543942,61,0.605,0.27839195979899495,0
62,0,0,2,2,4,0,45,2,2,3,0.27404263295210973,0,10503.0,0.886,0.24191239622101343,88,0.725,0.0,0
56,0,3,3,1,4,0,37,6,1,3,0.07768677991516945,1650,2358.0,1.0,0.28050386487260237,71,0.732,0.4140703517587939,0
37,0,1,3,1,4,0,30,3,5,0,0.047303772632317255,1810,1193.0,0.719,0.14989979959919839,68,0.789,0.6060301507537688,0
53,0,1,0,2,4,0,45,3,2,2,0.026413565634853704,1997,315.0,0.787,0.2608073289436015,78,0.773,0.8683417085427135,0
36,0,0,5,0,4,0,32,3,2,3,0.06798235669348232,1655,2032.0,0.742,0.1098196392785571,63,0.5,0.45125628140703516,0
49,1,2,5,1,3,0,39,2,3,1,0.4370225257499766,1293,14601.0,0.693,0.7859146865158889,118,0.735,0.0814070351758794,0
48,0,2,3,2,4,0,35,4,6,1,0.007488428760161682,1271,415.0,1.087,0.16690523904952762,64,0.73,0.757788944723618,0
37,1,1,2,2,3,0,24,4,4,4,1.0000000000000002,934,33582.0,0.681,0.07088462639564844,52,0.576,0.027135678391959798,0
34,1,2,5,1,2,0,36,6,1,2,0.2159370210141576,2326,6255.0,1.226,0.11354136845118808,63,0.615,0.2723618090452261,0
53,0,2,0,1,4,0,41,5,1,3,0.12759956103356643,1393,4266.0,0.436,0.05954766676209562,40,0.6,0.2472361809045226,0
40,0,2,2,1,1,0,36,3,1,2,0.02109276037934924,1250,886.0,0.74,0.4152304609218437,88,0.66,0.5879396984924622,0
50,0,3,2,1,4,0,37,3,2,4,0.0,0,1438.3,0.868,0.17789865445176065,80,0.86,0.0,0
38,1,1,2,1,1,0,18,1,1,2,0.24867811244433566,1983,7681.0,0.873,0.42742628113369596,56,0.806,0.20603015075376882,1
61,0,1,2,1,1,0,55,4,3,3,0.0,0,1438.3,0.573,0.22834239908388201,81,0.723,0.0,0
39,0,1,3,1,1,0,34,6,5,3,0.0922282988236788,2498,1991.0,0.779,0.09292871457200115,58,0.568,0.5587939698492462,0
32,0,0,3,1,1,0,22,4,2,2,0.018855603624193952,1665,397.0,1.276,0.10689951331233898,41,0.64,0.8110552763819096,0
53,1,2,0,1,1,0,33,3,3,1,0.07940999525359987,2180,1885.0,0.321,0.04242771256799313,36,0.2,0.5386934673366834,0
49,1,2,1,0,3,0,36,3,3,1,0.7176950029778371,1803,23375.0,0.767,0.4183223590037217,87,0.582,0.07236180904522611,0
41,1,4,5,2,3,0,33,6,3,3,0.08917488217137226,1519,2869.0,0.787,0.22192957343257944,74,0.574,0.3477386934673366,0
38,1,3,2,2,4,0,34,5,3,2,0.0500548708041974,1317,1777.0,0.957,0.17618093329516174,81,0.884,0.4281407035175879,0
54,1,2,0,1,3,0,44,4,3,3,0.5233646837597535,1705,17045.0,0.807,0.038362439164042375,36,0.895,0.09145728643216079,0
38,1,3,2,2,1,0,31,3,1,3,0.11862070216490267,1110,4252.0,0.651,0.17280274835385054,69,0.5,0.2080402010050251,0
51,0,3,2,2,4,0,39,5,1,3,0.04691075860776294,0,2990.0,0.598,0.20240480961923846,76,0.767,0.0,0
64,1,1,2,1,4,0,55,4,3,4,0.03874815963625041,1904,816.0,0.634,0.06200973375322073,43,0.344,0.7035175879396984,0
42,0,2,2,2,4,0,27,5,3,3,0.02499266877684967,0,2265.0,0.603,0.1887202977383338,71,0.543,0.0,0
51,0,3,2,1,1,0,36,3,3,3,0.0038303751470023656,944,621.0,0.872,0.24437446321213854,73,1.147,0.6060301507537688,0
34,0,2,3,2,1,0,36,2,3,1,0.007216342127777935,0,1677.0,0.7,0.20068708846263955,87,0.891,0.0,0
53,1,3,3,2,2,0,47,2,1,3,0.14480148256982803,1738,4490.0,0.829,0.44397366160893215,77,0.604,0.2804020100502513,0
48,0,3,2,1,4,0,36,3,2,2,0.006914023647351546,0,1667.0,0.686,0.22072716862296018,80,0.951,0.0,0
47,0,3,2,0,4,0,42,3,4,0,0.0,0,1438.3,0.635,0.24076724878328085,87,0.673,0.0,0
60,0,1,2,2,4,0,36,1,1,3,0.027471680316346066,1488,859.0,0.621,0.197366160893215,83,0.886,0.6371859296482412,0
51,1,1,3,2,2,3,43,2,3,2,0.8233553118868604,0,28673.0,0.537,0.18276553106212423,69,0.725,0.0,0
57,0,3,2,1,1,0,48,4,2,2,0.06489870819313315,1244,2341.0,0.507,0.04660750071571715,37,0.85,0.34874371859296477,0
46,0,5,3,2,4,0,38,2,2,3,0.2977444018175387,1513,9774.0,0.672,0.2649298597194389,72,0.946,0.13467336683417086,0
46,0,2,2,1,4,0,39,5,2,2,0.047303772632317255,1454,1549.0,0.595,0.22032636701975375,96,0.548,0.48643216080402,0
42,0,3,2,2,4,0,27,6,2,2,0.018583516991810198,0,2053.0,0.866,0.14446034926996848,50,0.562,0.0,1
39,0,3,5,2,4,0,27,6,2,1,0.1186509340129453,0,5363.0,0.67,0.20561122244488977,78,0.625,0.0,0
42,0,4,0,1,1,0,34,1,3,2,0.007760515392545436,0,1695.0,0.453,0.08731749212711136,46,0.314,0.0,1
48,0,3,4,1,4,0,35,3,3,3,0.036329611792839285,2133,507.0,1.008,0.2534211279702262,72,0.846,0.8120603015075377,0
56,1,1,2,2,2,0,36,5,3,2,0.17040785786194326,1676,5399.0,1.268,0.20784425994846834,75,0.667,0.2381909547738693,0
43,1,4,3,1,0,0,30,3,2,3,0.47735181103885704,1331,15897.0,0.519,0.09728027483538505,44,0.375,0.07738693467336683,1
42,0,3,3,2,4,0,32,5,3,3,0.01489523153060824,1297,634.0,1.037,0.23836243916404234,66,0.833,0.6753768844221105,0
50,1,1,2,1,3,0,45,3,2,2,0.46480559410116185,1185,15628.0,0.552,0.05450901803607215,46,0.643,0.07035175879396985,0
47,0,4,4,2,1,0,27,4,6,3,0.16466380673384184,1611,5274.0,0.955,0.18746063555682793,67,0.861,0.23517587939698492,0
43,0,4,4,0,4,0,30,4,3,3,0.06402198459989661,2517,1039.0,0.651,0.12075579730890353,53,0.71,0.7115577889447235,1
45,0,3,2,1,4,0,36,6,1,3,0.21224873555295562,757,7702.0,0.648,0.23744632121385625,87,0.673,0.08944723618090451,0
40,0,3,3,1,4,0,30,5,2,2,0.22234617279919708,918,7875.0,0.471,0.2755224735184655,64,0.684,0.10452261306532662,0
65,0,0,2,2,4,0,56,6,3,3,0.041227171175746806,2403,399.0,0.636,0.19221299742341824,61,0.419,0.8623115577889446,0
57,0,2,4,2,1,0,36,3,4,2,0.10114669399625731,1629,3155.0,0.706,0.2509018036072144,82,0.783,0.342713567839196,0
44,0,2,2,1,4,0,32,5,1,3,0.10320245966315678,1777,3075.0,0.667,0.07128542799885486,55,1.037,0.36783919597989945,0
37,0,2,2,1,4,0,18,3,3,1,0.01767656155053103,1587,436.0,0.647,0.22107071285427995,79,0.837,0.7879396984924623,0
58,0,0,2,2,4,0,36,5,3,1,0.04745493187253045,2517,491.0,0.674,0.23458345261952476,68,0.659,0.8412060301507537,0
55,0,1,3,2,1,0,46,5,3,4,0.11913464358162751,962,4417.0,0.827,0.07145720011451474,40,0.29,0.17989949748743717,0
42,0,2,2,1,4,0,31,6,2,3,0.033669209165087054,2220,332.0,0.782,0.22370455196106495,61,1.033,0.8743718592964823,0
59,0,2,2,1,4,0,46,2,6,2,0.11426731604676263,1907,3311.0,0.797,0.23635843114801028,85,0.889,0.36683417085427134,0
57,1,1,1,1,3,0,52,3,2,3,0.27026365194677987,1540,8838.0,0.547,0.0444317205840252,32,0.28,0.1487437185929648,0
48,0,2,1,1,1,0,34,3,1,4,0.10976277068840942,1843,3226.0,0.826,0.20183223590037216,66,0.692,0.36582914572864317,0
41,0,4,5,1,1,0,29,4,3,2,0.029980923703885103,0,2430.0,0.569,0.21780704265674203,71,0.578,0.0,0
46,1,3,5,1,2,0,36,4,3,3,0.2926049876502901,0,11117.0,0.814,0.14709418837675348,69,0.816,0.0,0
38,1,2,4,2,3,0,22,4,1,2,0.4223903112973393,0,15410.0,0.638,0.16249642141425708,69,0.533,0.0,0
33,1,3,3,2,1,0,24,6,3,3,0.11239294146811901,1427,3729.0,0.48,0.08743200687088462,54,0.421,0.27839195979899495,0
58,0,1,0,2,4,0,46,1,5,1,0.0034373611224480585,0,1552.0,0.762,0.2405382192957343,71,0.651,0.0,0
50,1,1,5,1,1,0,45,5,3,3,0.021546238099988825,1163,988.0,0.849,0.11354136845118808,62,0.59,0.543718592964824,0
35,0,3,1,1,4,0,30,5,2,2,0.076719360777805,1789,2187.0,0.931,0.22267391926710564,75,0.829,0.4522613065326633,0
46,1,4,2,2,3,0,35,4,3,3,0.510516148341632,723,17602.0,0.815,0.056513026052104204,33,0.65,0.03919597989949748,0
43,0,4,5,2,4,0,36,5,3,2,0.029739068919543983,1014,1408.0,0.688,0.10918980818780417,44,0.467,0.4211055276381909,1
36,1,0,2,1,2,0,31,5,1,2,0.18830511190318555,0,7667.0,0.632,0.05559690810191813,35,0.667,0.0,0
46,1,4,0,1,1,3,36,3,2,2,0.5295924444565372,1694,17262.0,0.702,0.4295448038935013,88,0.66,0.08944723618090451,0
53,0,3,3,1,4,0,41,3,3,2,0.003286201882234864,0,1547.0,0.845,0.10203263670197539,43,0.303,0.0,1
29,1,1,3,2,2,0,17,6,1,3,0.49295144462885876,829,16915.0,0.851,0.5226452905811623,78,0.773,0.04723618090452261,1
50,0,0,2,2,4,0,36,5,1,4,0.17533564909289343,2111,5127.0,1.085,0.08559977097051245,36,1.118,0.29346733668341707,0
47,1,4,3,1,3,0,37,5,3,3,0.04382711010741377,0,2888.0,0.717,0.21843687374749496,75,0.786,0.0,0
47,1,2,0,2,2,0,41,2,3,3,0.5856725225756325,1302,19509.0,0.793,0.38144861150873177,82,0.708,0.06331658291457286,0
51,1,2,2,2,3,0,36,3,1,2,0.09395151416210923,0,4546.0,0.651,0.18373890638419696,53,0.963,0.0,0
54,1,4,3,2,3,3,49,1,3,4,1.0000000000000002,214,34302.0,0.0,0.038419696535929,22,0.0,0.006030150753768844,1
36,0,2,2,1,4,0,30,1,3,2,0.12953439930829533,0,5723.0,0.85,0.6798167764099627,120,0.69,0.0,0
37,0,1,3,2,4,0,36,3,2,3,0.15997787028723282,1093,5637.0,1.01,0.24529058116232463,89,0.854,0.1628140703517588,0
64,0,0,5,1,4,0,54,6,1,2,0.05477103909884908,1992,1258.0,0.715,0.04723733180647008,36,0.565,0.6160804020100502,0
51,0,2,2,1,4,0,36,5,3,3,0.48291447107870256,730,16682.0,0.837,0.25576868021757804,84,0.615,0.04221105527638191,0
48,1,2,3,1,3,0,36,2,1,1,0.2818424497471106,1722,9039.0,0.7,0.2405382192957343,82,0.783,0.16080402010050251,0
48,0,4,5,1,4,0,41,5,3,4,0.027260057380047588,1680,660.0,0.791,0.24168336673346694,83,0.804,0.7216080402010049,0
62,0,0,2,0,4,0,56,3,1,1,0.023934554095357295,1716,514.0,0.811,0.2002290294875465,75,0.5,0.7738693467336683,0
47,1,2,5,2,3,0,36,3,2,2,1.0000000000000002,1264,33252.0,0.774,0.41780704265674207,77,0.54,0.0371859296482412,0
49,0,1,2,1,4,0,39,1,1,3,0.12143226403286808,2091,3364.0,0.748,0.21866590323504148,58,0.812,0.38492462311557785,0
61,0,1,3,2,4,0,56,3,2,2,0.05994068511414035,2266,1155.0,0.659,0.36656169481820783,75,0.744,0.6653266331658291,0
38,0,2,2,2,4,0,27,4,2,3,0.36250102032487147,1246,12183.0,1.055,0.19461780704265672,66,0.737,0.09346733668341707,0
44,1,4,1,1,0,0,32,3,2,3,1.0000000000000002,1356,33160.0,1.169,0.05731462925851703,48,0.655,0.03919597989949748,0
47,0,2,5,0,4,3,34,6,4,2,0.37607512009601635,2222,11656.0,0.853,0.06458631548811909,38,0.357,0.16080402010050251,0
33,0,3,4,1,1,0,28,5,2,3,0.012869697711751428,1081,783.0,1.416,0.11892356140853134,44,1.75,0.5829145728643215,0
45,1,2,5,1,3,0,41,6,2,2,0.6600428687605245,1262,22009.0,0.718,0.04992842828514171,34,0.889,0.054271356783919596,0
43,0,2,3,1,4,0,35,3,3,4,0.141203892652754,1549,4560.0,0.683,0.22330375035785857,69,0.865,0.2552763819095477,0
52,1,1,2,1,1,0,36,4,3,3,0.2121278081607851,2517,5938.0,0.809,0.4348124821070713,73,1.028,0.2994974874371859,1
46,0,4,3,1,4,0,37,5,3,3,0.18482844937828208,0,7552.0,1.047,0.28668766103635845,63,0.853,0.0,1
46,0,3,2,2,4,0,28,2,2,3,0.21503006557287843,1067,7484.0,0.931,0.03246492985971944,32,0.778,0.12562814070351758,1
47,0,5,5,1,4,0,34,4,1,3,0.05105252178960449,2094,1033.0,0.709,0.22834239908388201,86,0.83,0.6733668341708543,0
42,0,3,2,1,4,0,33,6,3,3,0.21735791787216166,1077,7551.0,0.872,0.0655596908101918,58,0.415,0.12562814070351758,0
46,1,5,5,1,3,0,28,6,1,1,1.0000000000000002,1259,33257.0,0.671,0.2158602920125966,94,0.741,0.03618090452261306,0
61,0,0,2,1,4,0,56,3,3,3,0.020669514506752286,554,1568.0,0.857,0.02399083882049814,17,0.133,0.2623115577889447,1
47,0,2,3,1,4,0,40,5,1,3,0.02496243692880703,0,2264.0,0.67,0.21465788720297738,75,0.531,0.0,0
53,0,2,1,2,4,0,49,3,2,2,0.09256084915214785,0,4500.0,0.761,0.2318350987689665,78,0.814,0.0,0
44,0,4,2,2,4,3,36,2,3,3,0.3515570913334361,1943,11124.0,0.85,0.8383624391640424,118,1.034,0.14974874371859295,0
47,0,4,3,1,4,0,42,3,3,2,0.47039848598905,1404,15594.0,0.785,0.769939879759519,127,0.693,0.08341708542713568,0
28,1,1,4,2,4,0,13,4,3,3,0.5620614492543314,1204,18826.0,0.979,0.8778700257658173,127,0.693,0.06030150753768843,0
52,0,2,2,1,4,0,45,4,3,1,0.024871741384679104,1127,1134.0,0.814,0.22479244202691093,68,0.789,0.500502512562814,0
48,1,3,2,1,0,1,36,1,4,2,1.0000000000000002,1823,32693.0,1.062,0.8601202404809619,108,0.831,0.05326633165829145,0
53,0,2,2,2,4,0,43,3,3,4,0.1636963875964774,1480,5373.0,0.513,0.1318637274549098,70,0.556,0.21708542713567838,0
46,1,1,5,1,3,0,33,3,1,2,0.35932667628039433,0,13324.0,0.917,0.21271113655883192,76,1.0,0.0,0
32,1,0,4,1,2,0,25,6,2,2,0.09162366186282603,2331,2138.0,1.006,0.44569138276553105,67,0.763,0.5246231155778894,1
56,0,0,5,2,4,0,36,4,3,1,0.053833851809527274,2114,1105.0,0.655,0.209447466361294,75,0.667,0.6603015075376885,0
39,0,3,1,1,1,0,28,5,3,0,0.17606121344591677,1466,5796.0,0.512,0.0519896936730604,28,0.556,0.20301507537688443,0
56,0,2,2,1,4,0,45,4,3,3,0.03708540799390527,1844,821.0,0.554,0.07729745204695104,58,0.758,0.6954773869346732,0
57,0,2,0,1,4,0,44,6,3,2,0.07484498619916138,0,3914.0,0.524,0.082107071285428,54,0.8,0.0,0
43,1,4,2,1,3,0,27,5,2,0,0.7806074787545688,0,27259.0,0.731,0.048439736616089316,35,0.591,0.0,0
36,1,3,5,1,2,0,22,6,3,4,0.023753163007101473,1772,452.0,0.81,0.08439736616089322,44,0.419,0.8010050251256281,0
61,0,0,2,1,4,0,56,4,1,3,0.12536240427841117,1465,4120.0,1.503,0.07197251646149441,31,0.722,0.2633165829145728,0
31,1,1,2,2,1,0,25,5,3,3,0.0150161589227788,1033,902.0,0.623,0.11268250787288862,60,1.0,0.5366834170854271,0
49,1,4,5,1,2,0,36,1,2,2,0.14211084809403315,1585,4554.0,0.713,0.42233037503578585,80,0.633,0.25929648241206027,0
52,1,3,5,1,3,0,44,3,3,3,0.30738836134314057,0,11606.0,0.797,0.11983967935871744,39,0.393,0.0,1
47,0,4,2,2,1,0,37,4,1,1,0.0,703,735.3,0.865,0.21820784425994844,80,0.951,0.49145728643216074,0
50,1,2,2,2,0,0,45,6,2,4,0.9456733690673778,1650,31069.0,0.717,0.2008016032064128,60,0.714,0.05025125628140703,0
44,0,2,3,2,4,0,29,6,1,2,0.02568800128183036,1505,783.0,0.788,0.22135699971371312,68,0.659,0.6613065326633165,0
39,1,2,0,1,2,0,26,3,1,4,0.03908070996471944,1573,1158.0,0.943,0.07346120813054681,38,0.727,0.5788944723618089,0
48,0,3,2,0,4,0,40,3,2,3,0.0507502033091781,1603,1514.0,1.167,0.05193243630117378,37,0.609,0.5165829145728643,0
58,0,0,5,1,4,0,36,1,2,3,0.06946371724757164,2209,1527.0,0.98,0.8792442026910965,118,0.662,0.5939698492462311,0
45,1,2,3,1,2,0,32,1,2,3,0.013051088800007264,0,1870.0,0.761,0.24969939879759515,65,0.806,0.0,0
38,0,2,3,2,1,0,25,6,2,3,0.0,0,1438.3,0.783,0.19811050672774116,75,0.596,0.0,0
44,0,4,2,1,1,1,31,2,2,3,0.6815074808707982,2135,21846.0,0.749,0.4211279702261666,86,0.564,0.08944723618090451,0
56,0,3,3,1,4,0,44,4,3,2,0.006914023647351546,595,1072.0,0.63,0.108445462353278,40,0.481,0.35879396984924616,1
30,1,0,2,1,4,0,36,3,3,2,0.033608745469001784,1623,927.0,0.65,0.07672487832808474,51,0.275,0.6391959798994974,0
36,1,3,2,1,2,0,36,4,2,2,0.04588287577431322,2411,545.0,0.971,0.07821356999713713,31,0.824,0.8201005025125627,0
47,1,3,2,1,4,0,43,1,3,3,0.040592302366851386,1950,831.0,0.98,0.5039221299742341,93,0.5,0.7045226130653265,0
56,1,2,2,1,2,0,49,3,3,3,0.0791983723173014,793,3265.0,0.758,0.8780417978814772,105,0.667,0.19597989949748743,0
44,1,4,5,2,3,0,31,3,2,3,0.5526593445130707,1303,18416.0,0.91,0.4497566561694818,97,0.565,0.06633165829145729,0
48,1,2,3,1,3,0,39,5,1,3,0.20112341547326448,1996,6095.0,0.646,0.04752361866590324,28,0.647,0.24824120603015074,0
27,0,0,2,1,4,0,17,4,2,2,0.018250966663341167,1567,475.0,0.744,0.26430002862868596,78,0.733,0.7708542713567839,0
38,0,2,0,1,4,0,29,2,1,0,0.07167064215468427,1172,2637.0,0.9,0.21666189521900941,81,0.976,0.3095477386934673,0
59,0,0,4,1,1,0,40,1,4,1,0.0,0,1438.3,1.038,0.00910392212997423,23,0.353,0.0,1
43,0,2,2,1,4,0,33,5,2,2,0.0754193913119715,852,3081.0,0.433,0.05490981963927856,45,0.324,0.21809045226130652,0
39,1,2,4,1,2,0,36,6,3,2,0.12191597360155032,2056,3415.0,0.465,0.08371027769825365,46,0.704,0.3778894472361809,0
53,1,2,4,2,2,3,47,1,3,3,0.8343899364224237,2295,26743.0,0.657,0.6581734898368164,103,0.807,0.0793969849246231,0
41,0,2,1,1,1,0,33,1,3,3,0.005009417220665287,0,1604.0,0.644,0.09928428285141712,47,0.516,0.0,1
44,0,4,5,2,4,0,36,3,3,4,0.20063970590458227,317,7758.0,0.585,0.10793014600629831,41,0.577,0.03919597989949748,1
61,1,0,1,2,2,0,56,4,1,3,0.10111646214821468,2517,2266.0,1.024,0.13398225021471513,50,1.174,0.528643216080402,0
42,0,3,5,0,4,0,38,5,2,2,0.05117344918177504,849,2282.0,0.992,0.14760950472373316,62,0.59,0.2723618090452261,0
44,1,4,2,1,0,0,32,6,3,4,1.0000000000000002,2517,31999.0,0.765,0.21173776123675922,83,0.596,0.07336683417085427,0
53,1,4,2,1,0,0,40,1,1,3,0.14948741901643708,1512,4871.0,0.558,0.25508159175493844,87,0.776,0.2381909547738693,0
37,1,0,3,0,1,0,36,3,1,5,0.049964175260069486,0,3091.0,0.665,0.11691955339249928,65,0.548,0.0,0
56,1,3,0,1,0,0,43,6,2,2,0.48675391578011773,2517,15022.0,0.743,0.039507586601774974,30,0.765,0.14472361809045223,0
45,1,3,1,2,3,0,36,6,2,4,0.2312041042756903,1254,7832.0,0.93,0.19330088748926422,81,0.8,0.13869346733668342,0
46,1,2,5,2,0,0,33,6,2,3,1.0000000000000002,676,33840.0,0.814,0.1705124534783853,58,0.871,0.020100502512562814,0
46,0,3,5,1,4,0,36,2,3,1,0.04334340053873154,357,2515.0,0.869,0.1201832235900372,41,0.64,0.12462311557788944,1
46,1,1,5,1,2,0,27,1,3,1,0.3512245410049671,1890,11166.0,0.713,0.787288863441168,102,0.672,0.14572864321608037,0
50,0,1,4,2,4,0,39,4,2,2,0.0,851,587.3,0.983,0.22038362439164041,64,0.829,0.5949748743718593,0
37,1,4,2,1,3,0,26,6,2,3,0.04255737248962293,1818,1028.0,0.711,0.05399370168909247,37,1.176,0.6422110552763819,0
52,0,2,2,2,4,0,46,3,3,3,0.22742512327036044,1382,7579.0,0.797,0.2220440881763527,80,0.778,0.15477386934673365,0
50,0,3,2,2,4,0,36,1,3,3,0.014864999682565598,952,978.0,0.67,0.1907815631262525,80,0.818,0.4954773869346733,0
48,0,4,2,1,4,0,41,3,1,3,0.06296386991840425,672,2849.0,0.655,0.15808760377898654,65,0.757,0.19195979899497487,0
49,1,3,0,1,3,0,38,3,3,3,0.09842582767241981,0,4694.0,0.582,0.18711709132550813,56,1.24,0.0,0
51,1,3,3,1,2,0,36,3,2,4,0.2680567270396672,691,9614.0,0.485,0.05273403950758661,25,0.667,0.06733668341708543,0
44,0,3,3,1,4,0,35,5,3,0,0.05924535260915965,2415,983.0,0.891,0.22782708273690236,93,0.661,0.7145728643216079,0
51,0,2,2,1,4,0,47,2,2,1,0.11124413124249874,980,4138.0,0.786,0.8052104208416834,109,0.627,0.19195979899497487,0
40,1,3,2,1,2,0,27,4,2,3,0.41561837733578816,0,15186.0,0.483,0.07752648153449757,33,0.435,0.0,1
49,1,3,2,1,0,0,37,1,1,1,1.0000000000000002,1316,33200.0,0.569,0.1908388204981391,69,0.643,0.03819095477386934,0
43,0,3,0,1,1,0,31,5,3,2,0.041166707479661536,2517,283.0,0.816,0.08382479244202691,41,0.64,0.9035175879396984,0
51,1,3,1,1,0,0,42,4,1,2,0.3072069702548847,738,10862.0,0.692,0.16936730604065273,80,0.778,0.064321608040201,0
51,0,1,5,2,4,3,41,6,2,3,0.39678393600522405,1309,13254.0,0.708,0.3365588319496135,70,0.944,0.09045226130653265,1
47,1,4,0,1,2,0,35,4,2,3,0.15674306254667045,1823,4800.0,0.811,0.10094474663612939,47,0.567,0.27638190954773867,0
59,0,2,2,2,4,0,46,2,3,2,0.6739495188601384,1890,21841.0,0.677,0.751044947036931,93,0.576,0.08040201005025126,0
44,0,4,2,2,4,0,36,4,3,3,0.036873785057606794,1884,774.0,0.627,0.24328657314629257,83,0.93,0.7125628140703517,0
53,0,2,5,2,4,0,45,1,1,1,0.01640682393274019,1518,463.0,1.019,0.025365015745777268,25,0.923,0.7698492462311557,1
39,1,1,3,0,2,0,33,5,3,3,0.13567146446095105,1251,4675.0,0.944,0.045004294302891504,28,1.154,0.21206030150753766,0
58,0,1,5,1,1,0,39,5,1,1,0.029255359350861772,0,2406.0,1.016,0.22444889779559116,73,0.698,0.0,0
34,0,2,2,2,4,0,36,3,3,2,0.040894620847277775,2160,631.0,0.825,0.0964214142570856,56,0.6,0.7778894472361808,0
54,0,2,1,1,4,0,35,1,4,2,0.007458196912119047,0,1685.0,0.457,0.2075579730890352,85,0.667,0.0,0
37,1,2,0,2,3,0,36,3,2,2,0.34783857402419155,1399,11545.0,0.507,0.22095619811050674,84,0.68,0.10854271356783919,0
57,0,2,2,0,1,0,36,5,2,2,0.054801270946891724,1887,1364.0,1.007,0.1544803893501288,67,0.763,0.5829145728643215,0
57,0,2,3,2,4,0,45,4,1,3,0.030706488056908433,1610,844.0,1.036,0.2549670770111652,79,0.795,0.6592964824120603,0
34,1,1,5,1,2,0,18,3,2,2,0.27358915523147015,1636,8852.0,0.681,0.8124248496993988,116,0.681,0.15678391959798993,0
36,1,3,2,2,2,0,21,4,2,3,0.1796588033629908,1608,5773.0,0.784,0.2924706555969081,86,0.654,0.21909547738693466,0
38,1,5,0,2,2,0,25,4,3,0,0.1257251864549228,1118,4479.0,0.753,0.23298024620669908,89,0.648,0.20100502512562812,0
54,0,2,2,1,4,0,45,5,2,4,0.037629581258672766,1671,1012.0,0.784,0.050157457772688235,37,0.423,0.6261306532663315,0
45,1,5,5,2,0,3,36,4,2,1,1.0000000000000002,0,34516.0,0.732,0.46223876324076724,84,0.615,0.0,1
55,1,2,3,1,3,0,47,3,1,4,0.13007857257306285,1894,3847.0,1.111,0.09390208989407386,51,0.962,0.3316582914572864,0
45,0,3,1,2,4,0,27,1,6,3,0.04470383370065029,1523,1394.0,0.724,0.248955052963069,92,0.804,0.5246231155778894,0
46,0,2,4,2,4,0,35,4,2,3,0.04382711010741377,1641,1247.0,0.976,0.18167764099627826,61,1.179,0.5708542713567838,0
51,0,3,2,2,1,0,36,3,3,4,0.034666860150494146,1847,738.0,0.627,0.16890924706555968,64,0.6,0.7185929648241205,0
49,1,3,4,2,0,3,36,6,1,5,1.0000000000000002,1323,33193.0,0.934,0.16558831949613512,78,0.529,0.03819095477386934,0
42,0,3,2,2,1,0,36,6,2,3,0.0003839444701415201,599,852.0,0.752,0.09516175207557974,35,0.458,0.41507537688442203,1
54,0,1,2,2,4,3,47,6,3,4,0.34569211281316414,0,12873.0,1.005,0.15115946178070425,70,0.842,0.0,0
46,1,3,2,0,3,0,33,1,3,1,1.0000000000000002,975,33541.0,0.738,0.7066132264529058,104,0.552,0.028140703517587937,0
60,0,0,2,1,1,0,48,4,2,1,0.05812677423158202,2473,888.0,0.895,0.2324076724878328,69,1.029,0.7396984924623115,0
60,0,1,2,0,4,0,53,5,5,3,0.04428058782805335,1251,1652.0,0.879,0.23046092184368736,76,0.727,0.4331658291457286,0
55,0,2,3,2,4,0,36,2,1,2,0.1498199693449061,0,6394.0,0.656,0.16833667334669336,69,0.917,0.0,0
50,0,4,2,2,4,0,41,5,3,3,0.03236923969925359,0,2509.0,0.702,0.10025765817348985,41,0.367,0.0,1
40,1,4,2,0,1,0,28,1,2,3,0.13249712041647396,894,4927.0,0.461,0.08479816776409962,42,0.273,0.15477386934673365,1
52,1,3,5,2,0,0,48,5,3,4,0.5906003138065827,0,20974.0,0.0,0.04099627827082737,27,0.0,0.0,1
57,1,3,1,1,3,0,50,3,2,3,0.09322594980908588,1861,2661.0,0.957,0.07306040652734039,38,0.727,0.4140703517587939,0
48,0,3,3,2,1,0,42,6,1,1,0.06967534018387012,2090,1653.0,0.969,0.23727454909819637,67,0.718,0.5608040201005026,0
51,0,3,5,1,4,0,43,4,3,2,0.04364571901915793,0,2882.0,0.722,0.22421986830804466,68,0.744,0.0,0
53,1,2,2,1,3,0,41,2,3,1,0.26793579964749664,2451,7850.0,0.906,0.9063269395934727,111,0.657,0.23919597989949745,0
55,0,1,3,1,4,0,36,3,2,3,0.1671730501213809,1430,5538.0,0.95,0.2008016032064128,69,1.029,0.20603015075376882,0
55,0,4,5,0,1,0,43,5,3,2,0.015923114364057966,1525,440.0,0.855,0.23710277698253648,69,0.816,0.7798994974874371,0
51,0,4,2,0,4,0,36,2,3,2,0.046729367519507105,2512,472.0,0.861,0.44466075007157174,91,0.685,0.8462311557788944,0
54,1,3,0,1,3,0,45,4,3,0,0.05870117934439215,1655,1725.0,0.636,0.06332665330661323,58,0.706,0.4924623115577889,0
46,1,4,0,1,3,0,34,5,3,2,0.37172173397787633,568,13166.0,0.719,0.2148869166905239,67,0.861,0.04120603015075377,0
54,0,1,5,1,4,0,50,4,0,3,0.0445526744604371,0,2912.0,0.621,0.11079301460062983,54,1.077,0.0,1
51,1,2,2,2,3,0,39,2,1,1,0.22630654489278276,0,8924.0,0.46,0.2239335814486115,87,0.673,0.0,0
44,0,3,2,1,4,3,26,1,3,1,0.2853493441200567,1802,9075.0,0.706,0.4262238763240767,90,0.731,0.16683417085427135,0
57,0,4,3,1,1,0,47,5,2,4,0.16218479519434545,1332,5471.0,0.809,0.05416547380475237,30,0.579,0.19698492462311556,0
35,0,0,2,1,4,0,24,6,1,1,0.034878483086792623,2227,365.0,0.633,0.06670483824792442,48,0.548,0.8633165829145728,0
54,1,4,2,1,2,0,36,4,3,3,0.16526844369469462,2303,4602.0,0.712,0.048096192384769546,25,0.786,0.335678391959799,0
54,1,1,2,1,3,0,36,4,1,2,0.14319919462356817,960,5215.0,0.709,0.07540795877469224,59,0.405,0.1557788944723618,0
43,1,3,2,2,3,0,31,6,2,4,0.3242879643989757,0,12165.0,1.16,0.2024620669911251,74,0.682,0.0,0
36,1,2,2,1,1,0,18,3,1,3,0.1910562100750657,1408,6350.0,0.365,0.0022330375035785853,23,0.643,0.18190954773869344,1
49,0,3,0,1,4,0,29,6,1,2,0.0335482817729165,1998,550.0,0.679,0.238877755511022,79,0.927,0.7879396984924623,0
47,1,5,3,2,4,0,35,4,3,5,0.08243318005786376,0,4165.0,0.813,0.9483538505582594,111,0.82,0.0,0
35,0,2,1,1,1,0,24,5,2,3,0.03678308951347888,1527,1128.0,0.715,0.07964500429430289,26,0.444,0.5778894472361809,0
50,0,2,2,2,4,0,36,6,2,4,0.03545288819960276,1824,787.0,0.711,0.21196679072430574,80,0.633,0.7025125628140703,0
42,1,3,2,1,1,0,23,5,3,2,0.1315901649751948,2517,3274.0,0.69,0.11371314056684799,64,0.641,0.43718592964824116,1
49,0,3,2,2,1,0,32,1,3,3,0.11976951239052294,1426,3974.0,0.595,0.23549957056971085,80,0.702,0.26532663316582916,0
56,0,1,0,1,4,0,36,6,2,3,0.03635984364088193,1257,1384.0,0.891,0.05204695104494704,39,1.053,0.4783919597989949,0
56,1,4,3,1,2,0,46,3,3,3,0.027260057380047588,1930,410.0,0.987,0.01437160034354423,15,0.364,0.829145728643216,1
58,1,3,3,2,3,0,51,2,2,1,0.25947088219555775,1952,8069.0,0.699,0.22336100772974518,68,0.581,0.19597989949748743,0
42,0,4,2,1,4,0,36,1,4,2,0.18231920599074303,837,6632.0,0.828,0.44380188949327226,80,0.739,0.11256281407035175,0
50,1,2,3,1,0,0,38,5,6,0,0.28141920387451363,1027,9720.0,0.925,0.22948754652161465,63,0.658,0.0964824120603015,0
39,1,4,5,1,0,0,36,6,3,2,0.7361968939799322,1798,23992.0,0.973,0.10953335241912397,70,0.556,0.07035175879396985,0
51,1,2,2,1,0,0,36,5,3,2,0.8211483869797477,0,28600.0,0.506,0.2179215574005153,66,0.61,0.0,0
44,0,2,5,2,4,0,37,5,1,2,0.18709583798148,1742,5885.0,0.771,0.21866590323504148,75,0.705,0.22914572864321606,0
65,0,0,3,1,4,0,36,3,3,2,0.0,747,691.3,0.491,0.023933581448611508,24,0.714,0.521608040201005,0
49,0,2,2,1,4,0,39,3,3,3,0.04104578008749097,1035,1761.0,0.664,0.24843973661608929,78,0.857,0.371859296482412,0
38,1,2,2,1,2,0,36,2,3,2,0.0,0,1438.3,0.461,0.06418551388491268,42,0.5,0.0,1
60,1,1,2,2,2,0,50,4,3,0,0.2799378433204243,1790,8908.0,0.981,0.20412253077583736,67,0.914,0.1678391959798995,0
45,0,3,2,1,4,3,36,3,2,2,0.39551419838743324,0,14521.0,0.41,0.2088748926424277,66,0.467,0.0,0
48,0,1,2,2,4,0,36,1,1,2,0.07496591359133192,813,3105.0,1.149,0.8781563126252505,103,1.06,0.20904522613065324,0
40,1,5,3,1,2,0,33,3,1,2,0.08213086157743738,1315,2840.0,0.767,0.8772401946750644,128,0.855,0.3175879396984924,0
48,0,3,2,1,1,0,39,2,4,3,0.1450131055061265,0,6235.0,0.848,0.039793873461208135,34,0.478,0.0,1
51,0,3,5,2,4,0,36,5,3,3,0.06979626757604065,2268,1479.0,0.709,0.2335528199255654,87,0.74,0.6080402010050251,0
38,1,0,2,0,4,0,36,3,3,2,0.11236270962007638,684,4471.0,0.588,0.05868880618379617,37,0.48,0.13366834170854272,0
41,0,2,3,2,4,0,34,1,3,4,0.0067326325590957095,0,1661.0,0.786,0.11125107357572288,49,0.75,0.0,1
42,0,4,0,0,1,0,36,4,3,2,0.06940325355148635,2517,1217.0,0.724,0.24403091898081877,87,0.74,0.6773869346733669,0
28,0,0,2,1,4,0,36,3,4,2,0.06305456546253216,1306,2218.0,0.8,0.21311193816203836,78,0.814,0.3728643216080402,0
46,1,3,2,0,3,0,40,6,3,3,0.06755911082088537,2292,1381.0,0.637,0.0416261093615803,34,0.545,0.6271356783919597,0
49,0,1,2,2,4,0,44,5,2,1,0.06344757948708649,0,3537.0,0.763,0.24025193243630114,78,0.814,0.0,0
26,0,0,5,2,4,0,20,3,2,4,0.0,0,1438.3,0.506,0.023876324076724877,20,0.053,0.0,1
63,0,0,2,1,4,0,54,4,2,1,0.029678605223458714,1912,508.0,1.256,0.06870884626395649,36,0.565,0.7939698492462312,0
53,1,3,3,2,3,0,42,6,3,3,0.5167439090384156,1548,16983.0,0.833,0.11188090466647581,52,0.857,0.08442211055276382,0
57,1,2,2,1,3,0,40,3,2,3,0.3255879338648092,1980,10228.0,0.616,0.05032922988834812,34,0.619,0.1628140703517588,0
58,1,3,2,1,3,0,54,4,3,3,0.522246105382176,1022,17691.0,0.682,0.056913827655310625,42,0.615,0.055276381909547735,0
54,0,4,2,2,4,3,36,3,2,3,0.3684566943892713,0,13626.0,0.411,0.06762095619811051,30,0.25,0.0,1
46,1,2,3,1,0,0,36,5,3,2,0.5529011992974119,1785,17942.0,0.572,0.040939020898940734,25,0.786,0.09045226130653265,0
42,0,5,2,1,4,0,25,3,1,1,0.041529489656173195,2238,574.0,0.713,0.2458058975093043,77,0.833,0.7999999999999999,0
48,1,5,2,1,2,0,36,4,1,2,0.08046810993509224,1956,2144.0,0.617,0.17486401374176924,61,0.743,0.47939698492462307,0
50,1,1,5,1,0,0,23,5,2,1,0.17164736363169147,981,6135.0,0.858,0.241511594617807,85,0.735,0.13869346733668342,0
49,1,2,2,1,3,0,43,5,2,2,0.5121486681359345,999,17380.0,0.466,0.20566847981677638,70,0.707,0.054271356783919596,0
50,1,1,0,2,1,0,41,3,1,1,0.041166707479661536,1338,1462.0,0.818,0.24843973661608929,90,0.8,0.4804020100502512,0
41,0,5,2,1,4,0,24,2,3,3,0.022362497997140067,1408,770.0,0.635,0.26103635843114803,80,0.455,0.6492462311557788,0
43,1,4,1,1,2,0,28,3,2,4,0.5076138909295387,0,18229.0,0.544,0.08760377898654452,39,0.625,0.0,1
33,0,2,3,2,1,0,28,3,2,3,0.0,746,692.3,0.913,0.2224448897795591,77,0.878,0.521608040201005,0
40,1,4,0,1,1,3,34,3,2,1,0.4242344540279403,1291,14180.0,0.651,0.19828227884340108,77,0.674,0.08341708542713568,0
35,1,3,0,2,2,0,36,5,1,3,0.040562070518808745,0,2780.0,0.565,0.11102204408817636,67,0.811,0.0,0
43,1,3,0,2,1,0,23,6,2,2,0.09434452818666353,1664,2895.0,0.871,0.06424277125679931,37,0.609,0.36683417085427134,0
51,0,2,2,1,4,0,34,2,3,2,0.18479821753023942,0,7551.0,0.894,0.14010878900658458,46,0.394,0.0,1
61,1,1,2,1,3,0,52,6,6,1,0.22409961998567016,0,8851.0,0.731,0.0416261093615803,36,0.44,0.0,0
51,0,4,5,1,4,0,40,3,3,4,0.17095203112671076,918,6175.0,0.56,0.19164042370455195,75,0.744,0.12964824120603013,0
47,0,3,3,1,4,3,31,3,3,2,1.0000000000000002,2517,31999.0,0.618,0.12373318064700829,42,0.5,0.07336683417085427,1
48,1,5,2,1,1,0,38,4,4,1,0.11429754789480528,1081,4138.0,0.568,0.1689665044374463,78,0.625,0.2080402010050251,0
44,1,5,2,1,0,0,24,4,1,4,0.3155509603146531,1926,9950.0,0.51,0.04792442026910965,33,0.737,0.1628140703517588,0
47,1,3,5,2,2,0,35,2,3,1,0.383723777650804,1333,12798.0,0.767,0.7013455482393358,103,0.689,0.09447236180904522,0
47,0,3,5,1,4,0,42,4,1,4,0.7131299939233986,1501,23526.0,1.063,0.16186659032350414,62,0.771,0.06030150753768843,0
53,1,3,2,1,0,0,34,6,2,2,0.045399166205630996,1264,1676.0,0.562,0.04174062410535356,33,0.5,0.43216080402010043,0
45,1,2,2,1,2,0,35,1,2,3,0.1878818660305886,1693,5960.0,0.683,0.399541941024907,93,0.576,0.22211055276381908,0
31,1,0,5,1,1,0,22,3,3,0,0.07889605383687501,1113,2935.0,0.717,0.0702547953048955,45,0.607,0.27638190954773867,0
63,1,1,2,1,2,0,56,3,3,2,0.2653358607158297,1010,9205.0,0.843,0.07867162897223018,40,1.0,0.09949748743718592,0
50,0,3,0,2,4,0,32,5,3,4,0.09011206946069408,1218,3201.0,0.879,0.22931577440595477,75,0.562,0.27738693467336684,0
48,1,5,4,2,2,0,30,6,3,2,0.13264827965668716,1482,4344.0,0.729,0.2064128256513026,76,0.767,0.2552763819095477,0
44,0,2,5,1,4,3,35,4,3,2,0.9433757486161372,0,32643.0,1.3,0.030231892356140853,24,2.429,0.0,0
38,1,3,3,1,1,0,32,6,6,2,0.21660212167109563,1046,7557.0,0.826,0.07031205267678213,40,0.739,0.12261306532663316,0
27,0,1,0,1,4,0,20,5,3,3,0.01374642130498796,0,1893.0,0.691,0.26601774978528486,91,0.784,0.0,0
43,1,5,2,2,3,0,36,1,1,3,0.17406591147510259,696,6500.0,0.839,0.46716289722301746,93,0.898,0.09748743718592964,0
46,0,3,1,2,4,0,36,5,1,4,0.02305783050212077,651,1550.0,0.825,0.15087317492127109,65,0.585,0.2974874371859296,0
47,1,4,2,1,2,3,39,4,2,4,0.9578568038285612,1587,31535.0,0.475,0.1497280274835385,63,0.75,0.04824120603015075,0
42,0,1,5,1,4,0,29,3,4,2,0.039836506165785414,1911,845.0,0.774,0.236243916404237,62,0.879,0.6964824120603014,0
41,1,4,2,0,1,0,30,4,2,3,0.02707866629179175,1138,1196.0,0.826,0.09304322931577441,48,0.714,0.49045226130653263,0
65,0,1,3,1,4,0,36,5,2,2,0.13053205029370243,0,5756.0,1.046,0.09241339822502147,44,0.63,0.0,0
34,0,2,2,1,4,3,16,2,2,1,0.9327643699531709,1731,30561.0,0.751,0.40274835385055824,76,0.81,0.054271356783919596,0
41,1,2,5,1,2,0,13,4,2,2,0.02432756811991161,1944,299.0,0.942,0.15379330088748924,77,0.674,0.8713567839195979,0
44,0,3,1,1,4,0,38,6,1,3,0.1748519395242112,0,7222.0,0.685,0.022330375035785856,18,0.5,0.0,1
49,1,3,0,2,0,0,36,5,2,4,1.0000000000000002,0,34516.0,0.646,0.0723160606928142,44,0.833,0.0,0
44,0,3,5,2,4,0,38,4,1,3,0.0,0,1438.3,0.801,0.2151159461780704,80,0.667,0.0,0
56,0,2,5,1,4,0,36,3,3,5,0.20568842452770297,0,8242.0,0.434,0.05891783567134269,44,0.467,0.0,0
46,1,4,1,1,3,0,39,3,3,1,0.11088134906598707,1539,3567.0,0.907,0.18631548811909532,74,0.609,0.3025125628140703,0
48,0,2,0,1,4,0,41,2,2,2,0.12430428959691878,2517,3033.0,0.767,0.36953907815631265,85,0.545,0.45628140703517583,0
56,0,3,3,2,4,0,48,6,5,3,0.20865114563588158,1902,6438.0,0.81,0.18465502433438302,77,0.833,0.22914572864321606,0
50,0,1,3,2,4,0,42,5,0,4,0.26055922872509274,0,10057.0,0.792,0.10609791010592613,42,0.448,0.0,1
51,1,2,2,1,3,0,39,6,1,3,0.254422163572437,1886,7968.0,0.921,0.19364443172058401,76,0.949,0.19195979899497487,0
31,1,1,4,1,2,0,22,5,1,3,0.03769004495475805,1580,1105.0,0.727,0.06367019753793302,36,0.636,0.5909547738693467,0
28,0,0,5,2,4,3,20,6,3,3,0.34327356496975303,1650,11143.0,0.783,0.12258803320927568,67,0.763,0.12964824120603013,0
56,1,2,3,1,3,0,45,3,2,3,0.13549007337269522,1589,4331.0,0.512,0.0502719725164615,28,0.273,0.2693467336683417,0
42,1,3,5,1,1,0,37,2,3,3,0.10646749925176177,1724,3236.0,0.879,0.44019467506441456,88,0.913,0.34974874371859294,0
56,1,2,5,1,1,0,50,4,2,3,0.09129111153435701,1880,2578.0,1.107,0.05118809046664759,29,1.417,0.4241206030150753,0
36,1,3,2,1,2,0,30,5,2,3,0.35195010535799043,0,13080.0,0.685,0.08411107930146006,44,0.571,0.0,0
49,1,0,5,1,2,0,38,1,3,2,0.0653219540657301,0,3599.0,0.738,0.7325508159175493,110,0.594,0.0,0
61,1,0,2,2,2,0,48,3,2,4,0.5854306677912914,1446,19357.0,0.736,0.08834812482107071,43,0.654,0.07035175879396985,0
45,1,4,0,0,2,0,40,5,1,0,0.27117060738805904,1186,9222.0,1.689,0.11623246492985971,42,1.211,0.11457286432160803,0
57,1,4,2,2,3,0,36,5,3,4,0.1850098404665379,1364,6194.0,0.719,0.18013169195533923,67,0.558,0.1809045226130653,0
58,0,2,2,0,1,0,47,1,4,3,0.025899624218128837,0,2295.0,0.376,0.09218436873747494,40,0.429,0.0,1
50,0,2,0,1,4,0,40,3,2,4,0.21094876608712218,1549,6867.0,0.643,0.7705697108502719,124,0.771,0.18492462311557786,0
56,0,2,5,1,4,0,43,6,3,2,0.04926884275508878,1765,1303.0,0.853,0.23366733466933867,73,0.698,0.5778894472361809,0
49,0,3,2,2,4,0,44,4,2,4,0.0032559700341922224,0,1546.0,0.793,0.22708273690237615,83,0.66,0.0,0
54,1,2,3,1,3,0,38,6,3,4,0.12762979288160908,2006,3654.0,0.779,0.059490409390208984,39,0.773,0.3557788944723618,0
41,0,4,2,1,4,0,31,4,3,4,0.04521777511737516,933,2001.0,0.898,0.21316919553392497,66,0.737,0.3195979899497487,0
39,0,2,4,1,4,0,36,4,3,4,0.0,0,1438.3,0.7,0.046263956484397364,28,0.867,0.0,0
33,1,1,2,2,3,0,20,5,3,2,0.355759318211363,925,12281.0,0.766,0.1037503578585743,51,1.318,0.07035175879396985,0
53,0,3,2,2,4,0,36,2,3,1,0.0,630,808.3,0.667,0.23899227025479527,79,0.756,0.4402010050251256,0
44,0,3,5,2,1,0,34,3,3,3,0.024388031815996893,1342,903.0,0.687,0.23441168050386488,87,0.706,0.601005025125628,0
56,0,5,1,1,4,0,48,4,2,2,0.2975630107292829,2118,9163.0,0.534,0.04151159461780704,30,0.304,0.18894472361809045,0
46,1,3,2,1,3,0,40,6,1,1,0.285409807816142,860,10019.0,0.974,0.23469796736329798,69,0.725,0.0793969849246231,0
48,1,2,3,2,3,0,36,3,2,4,0.26569864289234135,1695,8532.0,0.875,0.17446321213856283,82,0.783,0.16683417085427135,0
43,0,4,2,1,4,0,29,3,3,3,0.040501606822723475,1640,1138.0,0.82,0.1990838820498139,75,0.705,0.5929648241206029,0
43,1,2,3,0,3,0,31,6,2,4,1.0000000000000002,1075,33441.0,0.727,0.14228456913827653,65,0.477,0.03115577889447236,0
51,0,1,5,1,4,0,44,6,2,1,0.0639312890557687,0,3553.0,0.844,0.25153163469796735,89,0.648,0.0,0
42,1,1,2,2,2,0,37,4,1,1,0.034999410478963176,1210,1386.0,0.549,0.2354423131978242,78,0.696,0.46834170854271356,0
45,1,4,3,0,4,0,34,4,2,3,0.061996450781039804,2517,972.0,0.721,0.12333237904380188,39,0.56,0.7246231155778894,1
57,1,2,5,2,0,0,46,3,2,3,1.0000000000000002,1244,33272.0,0.606,0.8385914686515888,126,0.8,0.03618090452261306,0
43,1,3,0,1,2,0,36,2,3,3,0.0,0,1438.3,0.539,0.06739192671056399,38,1.111,0.0,1
40,1,3,3,2,3,0,36,2,3,2,0.09618867091726452,0,4620.0,0.654,0.3500715717148583,61,0.694,0.0,1
51,1,1,4,1,0,3,31,2,5,2,1.0000000000000002,1991,32525.0,0.718,0.4002290294875465,79,0.681,0.05829145728643216,0
41,0,1,3,2,1,0,31,6,3,2,0.10673958588414553,838,4131.0,0.591,0.05490981963927856,32,0.455,0.16984924623115577,0
59,0,0,2,1,4,0,53,4,5,1,0.04884559688249184,2517,537.0,1.061,0.23910678499856855,84,0.647,0.8281407035175878,0
44,1,4,5,1,3,0,36,1,3,1,0.7252529649884968,1528,23900.0,0.725,0.7346120813054681,97,0.796,0.06030150753768843,0
49,1,4,2,1,2,0,39,3,2,2,0.1360040147894201,2120,3817.0,0.654,0.21173776123675922,70,0.75,0.35879396984924616,0
45,1,4,2,1,0,0,36,5,2,3,1.0000000000000002,880,33636.0,0.687,0.1695390781563126,64,0.455,0.025125628140703515,0
48,1,3,2,2,1,0,36,5,2,3,0.16451264749362865,1390,5490.0,1.205,0.07180074434583453,35,0.944,0.20301507537688443,0
64,1,1,2,2,4,0,45,5,3,2,0.0900516057646088,0,4417.0,0.904,0.21316919553392497,72,0.895,0.0,0
46,0,3,2,2,1,0,41,5,2,4,0.18195642381423136,0,7457.0,0.717,0.1507014028056112,64,0.73,0.0,0
43,1,3,0,1,3,0,25,3,3,3,0.044189892283925426,2517,383.0,0.719,0.09447466361294017,31,0.409,0.8723618090452261,1
43,0,4,2,1,4,0,34,5,3,3,0.016104505452313803,979,992.0,1.024,0.28147724019467507,75,0.974,0.49949748743718586,0
40,1,3,2,2,3,0,34,3,3,4,0.6331062921545332,1220,21160.0,0.884,0.18471228170626966,73,0.78,0.055276381909547735,0
45,0,2,2,1,4,0,40,6,3,3,0.13331338031362522,2517,3331.0,0.561,0.0841683366733467,32,0.28,0.43216080402010043,1
46,0,4,2,1,4,0,28,4,2,3,0.20798604497894355,2517,5801.0,0.69,0.10861723446893788,52,0.625,0.3045226130653266,1
52,0,4,0,1,4,0,39,6,3,1,0.018039343727042696,1343,692.0,0.835,0.23549957056971085,86,0.686,0.6633165829145728,0
48,1,3,2,2,3,0,37,3,3,2,0.048240959921639064,468,2566.0,0.553,0.2085313484111079,66,0.784,0.15477386934673365,0
53,0,1,2,1,1,0,36,6,3,3,0.038506304851909305,2487,225.0,0.571,0.20778700257658173,69,0.683,0.921608040201005,0
49,1,3,2,0,2,0,30,6,1,2,0.03318549959640483,1823,713.0,0.703,0.05370741482965932,23,0.353,0.722613065326633,0
59,0,0,2,2,1,0,52,2,4,3,0.012506915535239763,0,1852.0,0.902,0.13289436014886916,49,0.75,0.0,1
52,1,3,2,0,0,3,42,6,2,3,1.0000000000000002,1230,33286.0,0.608,0.08989407386200973,38,0.407,0.03618090452261306,0
49,1,4,1,1,1,0,39,5,1,2,0.0,0,1438.3,0.562,0.1809905525336387,77,0.51,0.0,0
50,1,2,2,1,3,3,42,2,3,3,1.0000000000000002,2517,31999.0,0.759,0.4383624391640424,85,0.635,0.07336683417085427,0
42,0,4,2,2,4,0,30,3,2,1,0.00023278522992832562,621,825.0,0.826,0.24792442026910963,68,0.7,0.4311557788944723,0
43,0,2,2,1,4,0,29,4,1,1,0.05709889139813228,2517,810.0,0.793,0.2502719725164615,88,0.913,0.7608040201005024,0
32,1,1,2,0,1,0,19,2,3,5,0.06707540125220315,1135,2522.0,0.795,0.8992842828514171,94,0.808,0.3115577889447236,0
41,0,3,1,2,4,0,31,4,2,1,0.00906048485837891,0,1738.0,0.654,0.21127970226166617,68,0.889,0.0,0
27,1,0,2,1,1,0,14,4,1,4,0.07209388802728123,2130,1693.0,0.371,0.08565702834239908,49,0.441,0.5597989949748744,0
31,0,1,2,2,4,0,20,3,1,2,0.007760515392545436,0,1695.0,0.561,0.10867449184082449,43,0.593,0.0,1
39,0,2,2,1,1,0,26,4,1,1,0.06683354646786205,929,2720.0,0.633,0.19662181505868878,77,0.75,0.2562814070351759,0
51,1,2,2,1,1,0,40,5,1,2,0.3265553530021737,1566,10674.0,0.539,0.051073575722874326,26,0.529,0.128643216080402,0
29,1,1,2,1,3,3,36,1,2,1,1.0000000000000002,1666,32850.0,0.82,0.7695963355281993,116,0.812,0.04824120603015075,0
50,0,3,3,1,4,3,40,5,2,2,0.26071038796530593,1149,8913.0,0.76,0.082107071285428,44,0.467,0.11457286432160803,0
37,0,2,3,2,4,0,36,5,2,1,0.0331552677483622,1352,1183.0,0.509,0.1895219009447466,72,0.565,0.5356783919597989,0
62,0,0,3,2,4,0,50,6,2,2,0.5254506812746956,0,18819.0,0.894,0.21431434297165758,87,0.977,0.0,0
56,1,3,2,1,3,0,47,6,3,3,0.2657893384364693,1082,9148.0,0.658,0.0546235327798454,34,0.545,0.1065326633165829,0
57,0,3,2,2,4,0,52,5,5,0,0.04978278417181365,0,3085.0,0.719,0.19559118236472944,73,0.825,0.0,0
50,1,1,2,2,0,0,44,5,3,1,0.49546068801639775,0,17827.0,0.846,0.25651302605210424,88,0.725,0.0,0
42,1,3,3,0,3,0,37,6,3,3,0.7821493030047434,0,27310.0,0.919,0.05765817348983682,41,1.05,0.0,0
51,0,4,2,2,1,0,37,2,3,2,0.09884907354501676,920,3788.0,0.544,0.09441740624105353,50,1.273,0.19597989949748743,1
37,1,3,4,2,3,0,31,6,3,3,0.03590636592024234,1736,890.0,0.786,0.2395648439736616,93,0.788,0.664321608040201,0
45,1,4,2,2,4,0,36,5,2,3,0.01586265066797269,1549,414.0,0.778,0.1825365015745777,75,0.596,0.792964824120603,0
54,0,1,3,2,4,0,43,5,2,4,0.01946024058504673,805,1277.0,1.049,0.2206126538791869,75,0.875,0.3889447236180904,0
49,1,4,2,1,2,0,36,4,6,2,0.045761948382142655,2517,435.0,0.809,0.18894932722588031,77,0.51,0.8572864321608039,0
44,1,2,2,1,3,0,33,3,2,3,0.6719542168893242,1624,22041.0,0.574,0.20956198110506727,87,0.706,0.06934673366834171,0
49,1,3,2,1,3,0,40,4,1,3,0.06716609679633107,766,2894.0,0.535,0.8007443458345261,122,0.848,0.21005025125628138,0
61,1,0,4,1,1,0,53,5,1,2,0.12463683992538782,1434,4127.0,1.423,0.07386200973375322,42,0.826,0.25929648241206027,0
45,1,2,2,2,2,3,33,4,2,2,1.0000000000000002,1529,32987.0,0.609,0.7678213569997137,105,0.81,0.04422110552763819,0
51,0,1,0,1,4,0,42,4,2,2,0.030011155551927744,0,2431.0,0.886,0.1599198396793587,65,1.097,0.0,0
45,0,2,3,2,4,2,36,1,3,1,0.439834087617942,2262,13725.0,0.714,0.8578872029773833,127,0.649,0.1417085427135678,0
46,1,4,3,1,2,0,36,1,3,2,0.1988862587181092,0,8017.0,0.559,0.06452905811623247,43,0.654,0.0,1
58,0,1,5,1,4,0,36,5,2,3,0.10114669399625731,0,4784.0,0.905,0.09332951617520756,54,0.929,0.0,0
44,1,5,5,0,2,0,39,5,2,0,0.441254984475946,1597,14437.0,0.775,0.17738333810478096,59,0.903,0.10050251256281406,0
45,1,2,3,1,1,0,33,1,3,3,0.30506050904385734,1823,9706.0,0.727,0.4354423131978242,97,0.702,0.1587939698492462,0
52,0,1,2,2,1,0,40,2,1,2,0.09875837800088882,890,3815.0,0.723,0.4406527340395076,97,0.644,0.1899497487437186,0
39,0,1,5,2,4,0,34,3,1,4,0.165238211846652,1148,5756.0,0.649,0.1691955339249928,84,0.615,0.16683417085427135,0
44,0,3,5,1,4,0,36,2,3,3,0.15846627788510087,1839,4841.0,0.617,0.40664185513884915,95,0.532,0.27638190954773867,0
39,0,1,2,1,1,0,36,3,1,1,0.006007068206072372,0,1637.0,0.889,0.24448897795591182,70,0.795,0.0,0
49,1,4,5,1,1,0,33,5,1,3,0.06695447386003259,881,2772.0,0.846,0.1584311480103063,66,0.692,0.24221105527638187,0
54,0,3,2,2,4,0,47,2,3,1,0.14232247103033163,2210,3936.0,0.905,0.7114801030632694,97,0.796,0.3618090452261306,0
44,0,3,0,1,4,0,36,3,1,4,0.22041133452446818,1427,7302.0,0.829,0.27580876037789864,96,0.524,0.16381909547738693,0
39,1,3,3,2,3,0,30,5,3,3,0.14839907248690207,569,5778.0,0.668,0.19450329229888347,82,0.577,0.09045226130653265,0
50,0,1,4,2,1,0,38,3,1,4,0.08294712147458863,0,4182.0,0.853,0.23836243916404234,82,0.608,0.0,0
50,0,1,2,2,4,0,39,6,3,3,0.23610166365859783,0,9248.0,0.613,0.10277698253650157,45,0.552,0.0,1
49,1,2,3,1,2,0,42,6,1,2,0.0477270185049142,786,2231.0,1.081,0.06355568279415975,37,0.762,0.2623115577889447,0
41,1,3,2,1,0,3,36,3,3,2,1.0000000000000002,1453,33063.0,0.357,0.20709991411394216,76,0.949,0.04221105527638191,0
47,0,4,1,2,4,0,36,4,3,2,0.022815975717779664,1084,1109.0,0.974,0.24191239622101343,81,0.761,0.49648241206030147,0
54,0,2,3,1,4,0,45,6,1,1,0.03249016709142414,1126,1387.0,0.324,0.05290581162324649,30,0.25,0.450251256281407,0
45,1,2,0,1,2,0,35,6,3,2,0.4971839033548282,2096,15788.0,0.477,0.08594331520183224,49,0.633,0.11758793969849246,0
56,0,3,0,2,4,0,43,6,1,3,0.011418569005704753,1052,764.0,0.547,0.20870312052676782,65,0.667,0.5819095477386934,0
33,0,2,5,1,1,0,22,4,2,2,0.012234828902856008,1293,550.0,0.349,0.08857715430861723,61,0.694,0.7055276381909547,1
51,1,2,3,1,3,0,40,4,3,2,0.20348149962059034,794,7375.0,0.665,0.2517606641855139,70,0.944,0.09748743718592964,0
59,1,1,2,1,1,0,36,6,2,2,0.026050783458342032,1965,335.0,0.596,0.06659032350415116,27,0.688,0.8582914572864321,0
44,0,2,5,1,4,0,34,3,3,1,0.02592985606617148,0,2296.0,0.749,0.262124248496994,87,0.74,0.0,0
49,0,4,2,2,4,3,37,1,2,2,0.26473122375497693,2389,7806.0,0.427,0.0591468651588892,36,0.44,0.23517587939698492,1
49,0,1,3,1,4,0,39,5,2,2,0.014230130873670185,866,1043.0,0.88,0.2385914686515889,83,0.844,0.45628140703517583,0
59,1,1,1,1,1,0,52,3,2,2,0.0335482817729165,2020,528.0,2.357,0.06807901517320356,27,1.7,0.7969849246231155,0
54,0,1,2,1,1,0,49,4,3,6,0.0312204294736333,0,2471.0,0.722,0.11388491268250787,35,0.522,0.0,1
43,0,3,2,1,4,0,24,6,1,4,0.12412289850866295,1095,4449.0,0.572,0.18889206985399368,55,0.964,0.19899497487437184,0
37,0,4,3,2,4,0,36,6,2,3,0.0,0,1438.3,0.568,0.24534783853421124,84,0.787,0.0,0
51,1,1,2,2,0,0,42,6,2,3,0.22969251187355835,2327,6709.0,0.649,0.03441168050386488,18,0.636,0.25929648241206027,0
47,1,2,3,1,2,0,33,4,2,2,0.030827415449079,1399,1059.0,0.739,0.0591468651588892,40,1.222,0.571859296482412,0
52,1,3,5,1,0,0,45,4,1,2,0.5035930551398676,2404,15692.0,0.734,0.19181219582021183,68,0.478,0.13366834170854272,0
60,0,0,5,2,4,0,48,3,2,3,0.05634309519706631,2517,785.0,0.785,0.2337818494131119,85,0.932,0.7658291457286431,0
64,1,0,2,1,4,0,56,6,1,0,0.023481076374717712,1915,300.0,0.794,0.04237045519610649,27,0.588,0.8693467336683416,0
41,1,5,2,1,3,0,29,6,2,1,0.29484214440544537,0,11191.0,0.808,0.18946464357286,73,0.78,0.0,0
49,1,2,5,1,2,0,44,6,3,0,0.19290035280566667,1560,6259.0,0.827,0.06023475522473519,25,0.786,0.20100502512562812,0
53,1,2,2,2,2,0,43,2,2,3,0.13503659565205564,0,5905.0,0.797,0.4782708273690237,83,0.729,0.0,1
57,0,2,2,1,4,0,48,5,2,2,0.03016231479214094,680,1756.0,1.19,0.05954766676209562,29,0.611,0.2804020100502513,0
53,0,1,4,2,1,0,43,5,1,0,0.03566451113590124,2026,592.0,0.669,0.21002004008016031,68,0.619,0.7778894472361808,0
36,0,5,2,1,4,0,30,3,3,3,0.050326957436581145,2399,704.0,0.581,0.07477812768393931,48,0.655,0.7768844221105528,0
46,0,4,0,2,1,0,41,2,3,3,0.3719938206102601,0,13743.0,0.947,0.5082164328657315,106,0.767,0.0,0
38,1,2,4,2,2,3,36,3,3,4,1.0000000000000002,1954,32562.0,0.436,0.076839393071858,52,0.486,0.057286432160804014,0
38,0,3,3,2,1,0,25,1,1,2,0.048422351009894886,1908,1132.0,0.758,0.29121099341540224,73,0.659,0.6311557788944723,0
50,0,3,5,1,4,0,38,4,4,1,0.30376053957802385,0,11486.0,0.383,0.2512453478385342,79,0.549,0.0,0
30,1,2,2,1,1,0,36,4,3,3,0.1161719224734489,0,5281.0,0.535,0.4503292298883481,62,0.722,0.0,1
26,1,0,5,2,4,0,36,4,3,4,0.03708540799390527,1567,1098.0,0.586,0.11359862582307471,64,0.455,0.5909547738693467,0
36,0,1,2,2,4,0,31,6,1,2,0.02369269931101619,0,2222.0,0.769,0.20412253077583736,65,0.912,0.0,0
63,0,0,3,2,4,0,36,4,3,3,0.01921838580070561,1688,386.0,0.62,0.21196679072430574,75,0.5,0.8180904522613064,0
50,0,1,5,2,4,0,37,6,1,1,0.012053437814600172,665,1172.0,0.844,0.24174062410535355,88,0.66,0.3638190954773869,0
50,1,1,1,2,3,0,41,6,1,2,0.04195273552877015,1741,1085.0,0.669,0.2266246779272831,73,0.825,0.6190954773869346,0
42,1,3,5,1,0,2,23,3,4,3,1.0000000000000002,2070,32446.0,0.88,0.7587174348697394,102,0.545,0.06030150753768843,0
49,1,3,4,1,3,0,36,3,3,2,0.3610801234668674,1159,12223.0,0.404,0.07432006870884626,45,0.5,0.08743718592964823,1
40,0,4,2,2,4,0,30,4,2,2,0.03385060025334289,0,2558.0,0.728,0.2350415115946178,82,0.64,0.0,0
51,0,2,2,1,4,0,33,3,1,4,0.10589309413895165,786,4155.0,0.833,0.18849126825078727,50,1.083,0.15979899497487435,0
43,0,2,5,1,4,0,38,6,3,1,0.046003803166483774,1853,1107.0,0.949,0.19415974806756367,63,0.853,0.629145728643216,0
41,1,2,2,2,1,3,30,5,2,3,0.49180263440323846,1081,16625.0,1.087,0.18036072144288576,81,0.723,0.06130653266331658,0
52,0,5,3,2,4,3,36,3,2,2,0.29753277888124025,1523,9757.0,0.765,0.8993415402233037,128,0.753,0.135678391959799,0
51,1,1,3,2,3,0,38,2,3,3,0.8212995462199609,0,28605.0,1.054,0.28594331520183225,67,0.718,0.0,1
53,0,2,0,2,4,0,38,2,3,3,0.45812435568373855,1435,15157.0,0.76,0.4072144288577154,89,0.648,0.08643216080402008,0
38,1,0,3,1,2,0,31,4,3,3,0.4573080957865874,1200,15365.0,0.68,0.9279129687947323,99,0.8,0.07236180904522611,0
35,0,3,5,2,4,0,23,3,2,2,0.04292015466613459,1251,1607.0,0.576,0.13249355854566275,73,0.622,0.4402010050251256,0
44,0,5,3,1,4,0,33,4,3,2,0.3600824724814603,0,13349.0,0.882,0.17200114514743772,78,0.902,0.0,0
41,0,2,2,2,4,1,36,5,3,4,0.4312784746218752,1991,13713.0,0.699,0.2265674205553965,71,0.543,0.12763819095477386,0
40,0,3,5,1,4,0,35,5,2,4,0.05144553581415879,2183,957.0,0.58,0.2621815058688806,78,0.733,0.6984924623115577,0
40,1,3,4,1,3,0,36,5,3,2,0.5723705094368714,1832,18539.0,0.907,0.06498711709132551,45,0.8,0.09045226130653265,0
51,1,3,2,1,0,0,42,2,1,3,0.1963165516344849,2140,5792.0,0.554,0.20005725737188662,92,0.614,0.271356783919598,0
65,1,0,1,2,4,0,56,3,2,2,0.8154043358516463,1608,26802.0,0.913,0.10008588605782993,77,1.139,0.057286432160804014,0
49,1,5,2,2,1,3,41,4,2,2,0.5840097709332874,1710,19046.0,0.816,0.05565416547380475,31,0.824,0.08241206030150754,0
44,1,4,0,1,3,0,31,2,1,1,0.06148250936431494,1687,1785.0,0.645,0.7711995419410249,119,0.725,0.4884422110552763,0
47,0,1,3,1,4,0,41,3,3,4,0.03841560930778138,2034,675.0,0.606,0.2510735757228743,92,0.84,0.7547738693467336,0
53,0,3,0,1,1,0,46,2,1,1,0.026171710850512585,1144,1160.0,0.772,0.2275980532493558,85,1.179,0.49949748743718586,0
58,1,0,3,1,3,0,36,6,3,2,0.047031685999933494,2351,643.0,0.469,0.0578299456054967,32,0.185,0.7889447236180904,0
43,0,3,2,2,1,0,36,5,2,4,0.03493894678287789,1686,908.0,0.624,0.2274835385055826,67,0.811,0.6532663316582914,0
26,1,0,2,2,4,0,20,6,2,3,0.0,495,943.3,1.062,0.1154308617234469,40,0.333,0.3457286432160803,0
32,0,0,2,1,4,0,26,3,3,2,0.022181106908884245,1381,791.0,1.145,0.1382765531062124,69,0.408,0.6391959798994974,0
32,1,0,3,1,1,0,28,5,1,2,0.05241295495152324,2055,1117.0,0.663,0.08067563698826224,36,0.636,0.6512562814070352,0
47,0,3,5,0,1,0,36,2,3,3,2.1162293629854723e-05,0,1439.0,0.638,0.25863154881190953,79,0.837,0.0,0
47,0,3,2,1,4,0,36,3,1,2,0.05165715875045727,2453,694.0,0.744,0.22530775837389064,82,0.952,0.7829145728643215,0
47,1,2,0,1,1,0,43,3,4,1,0.17134504515126509,736,6370.0,0.687,0.26693386773547095,75,0.562,0.10452261306532662,0
49,1,3,3,1,2,1,42,3,1,4,1.0000000000000002,0,34516.0,0.838,0.8339536215287718,102,0.759,0.0,0
47,0,3,1,2,1,0,35,3,3,2,0.04334340053873154,2517,355.0,0.606,0.1777841397079874,62,0.824,0.8804020100502512,0
42,0,2,5,1,4,0,31,4,2,0,0.6433246567929451,0,22718.0,0.791,0.03784712281706269,37,1.176,0.0,0
43,0,5,2,1,4,1,38,2,2,1,0.439834087617942,1372,14615.0,0.649,0.8318350987689664,109,0.912,0.08643216080402008,0
61,0,1,2,1,1,3,48,2,3,3,0.43109708353361936,2000,13698.0,0.749,0.7128542799885486,82,0.64,0.12763819095477386,0
30,1,1,3,1,2,0,16,1,3,3,0.4340295727937553,1742,14053.0,1.022,0.7239049527626682,96,0.846,0.11055276381909547,0
63,1,0,0,2,3,0,56,6,2,2,0.2296018163294304,0,9033.0,0.78,0.22479244202691093,85,0.635,0.0,0
58,0,1,0,1,4,0,38,4,2,3,0.057219818790302836,2251,1080.0,1.044,0.2776409962782708,92,0.643,0.6793969849246231,0
49,0,4,2,2,1,0,36,4,3,2,0.24659211492939356,509,9086.0,0.625,0.201545949040939,72,0.5,0.05326633165829145,0
62,0,0,1,2,4,0,50,6,3,5,0.04527823881346043,326,2610.0,0.935,0.12379043801889493,29,0.526,0.11155778894472361,1
49,1,4,2,1,3,0,39,6,3,2,0.4790750263772874,1853,15432.0,0.882,0.2437446321213856,60,0.714,0.10753768844221104,0
48,0,4,2,1,4,0,36,5,2,2,0.03814352267539763,2480,220.0,0.686,0.10684225594045234,49,0.531,0.9236180904522613,1
55,0,2,0,1,1,0,45,2,3,3,0.046759599367549746,1651,1334.0,0.693,0.7819639278557114,103,0.873,0.5557788944723618,0
45,0,3,1,1,4,0,36,1,2,2,0.021304383315647706,1479,664.0,0.708,0.22181505868880616,77,0.75,0.693467336683417,0
59,0,1,2,2,4,0,39,5,3,2,0.0896585917400545,2272,2132.0,0.809,0.8691096478671629,93,0.722,0.5185929648241205,0
60,0,1,5,0,4,0,49,5,2,2,0.00014208968580040754,0,1443.0,0.875,0.23721729172630976,59,0.735,0.0,0
45,0,4,2,2,4,1,27,1,2,3,1.0000000000000002,0,34516.0,0.331,0.09550529630689951,42,0.355,0.0,1
43,1,2,2,1,3,0,38,2,1,2,1.0000000000000002,0,34516.0,0.674,0.7804179788147724,124,0.771,0.0,0
48,0,3,2,1,4,0,43,3,1,2,0.05081066700526337,2196,923.0,0.81,0.23904952762668194,77,1.2,0.707537688442211,0
50,1,2,0,1,2,0,37,4,1,2,0.09990718822650912,1687,3056.0,0.957,0.18373890638419696,55,0.618,0.35778894472361805,0
47,0,3,2,2,4,3,40,1,2,2,0.2929375379787591,2517,8611.0,0.8,0.4578299456054967,93,0.661,0.22713567839195978,0
46,1,3,2,2,3,0,36,5,1,3,0.34747579184767985,1893,11039.0,0.804,0.8498139135413685,97,0.796,0.14673366834170853,0
50,1,1,2,0,0,0,42,1,3,2,0.006581473318882515,0,1656.0,0.626,0.08834812482107071,44,0.833,0.0,1
37,0,2,0,2,4,0,26,1,1,2,0.0,0,1438.3,0.587,0.1957056971085027,84,0.68,0.0,0
44,0,2,2,2,4,0,36,5,2,3,0.028106549125241485,1244,1124.0,0.935,0.21523046092184367,71,0.868,0.5276381909547738,0
52,0,2,2,2,4,0,47,6,3,3,0.3578755475743477,1917,11359.0,1.075,0.07849985685657028,33,0.833,0.14472361809045223,0
42,1,3,2,1,3,0,34,6,3,0,0.09443522373079147,2258,2304.0,0.861,0.18379616375608357,55,0.833,0.4974874371859296,0
50,0,1,2,1,4,0,32,6,1,3,0.03669239396935096,1911,741.0,0.831,0.2454050959060979,79,0.881,0.7246231155778894,0
44,1,3,2,2,1,0,40,1,3,1,0.23462030310450852,1230,7969.0,0.591,0.8495276266819353,123,0.685,0.13467336683417086,0
41,0,4,5,1,4,0,36,3,5,1,0.0,1055,383.3,0.809,0.22914400229029483,78,0.472,0.7376884422110552,0
55,1,2,5,2,2,3,48,5,3,3,1.0000000000000002,1384,33132.0,0.625,0.18763240767248782,82,0.864,0.04020100502512563,0
36,0,1,2,2,4,0,26,3,3,2,0.03261109448359469,0,2517.0,0.946,0.1740051531634698,62,0.771,0.0,0
59,0,0,4,2,1,0,40,5,3,3,0.03614822070458346,1644,990.0,1.092,0.20956198110506727,71,0.732,0.6271356783919597,0
55,0,2,2,2,4,0,45,6,2,3,0.05280596897607754,1820,1365.0,0.965,0.2598912109934154,81,1.025,0.5738693467336683,0
45,0,2,3,2,4,0,26,4,3,4,0.0,0,1438.3,0.71,0.18431148010306325,77,0.604,0.0,0
61,1,0,2,2,3,1,50,3,3,3,1.0000000000000002,1357,33159.0,0.687,0.7553392499284283,124,0.746,0.03919597989949748,0
43,0,3,2,1,4,0,33,6,1,3,0.19689095674729504,1456,6495.0,0.882,0.22456341253936443,65,0.512,0.18391959798994972,0
35,1,1,2,2,1,0,25,5,3,3,0.03684355320956415,1983,674.0,0.831,0.11800744345834525,59,0.903,0.7497487437185929,0
47,1,3,0,2,3,0,38,5,3,3,0.20396520918927255,1556,6629.0,0.806,0.22885771543086172,83,0.93,0.19095477386934673,0
44,0,2,3,1,1,0,32,2,2,3,0.17551704018114925,2031,5213.0,0.724,0.42341826510163183,90,0.5,0.2814070351758794,0
51,0,2,3,2,1,0,32,4,1,2,0.11828815183643362,0,5351.0,0.763,0.2328084740910392,78,0.5,0.0,0
51,0,1,0,2,4,0,36,4,4,2,0.009030253010336275,1145,592.0,0.809,0.0815344975665617,42,1.333,0.6623115577889447,0
26,1,0,3,2,1,0,36,5,2,2,0.0233903808305898,1670,542.0,0.777,0.11394217005439451,51,0.545,0.7587939698492462,0
55,0,0,2,2,4,0,36,6,1,1,0.03799236343518444,0,2695.0,0.816,0.23057543658746063,94,0.843,0.0,0
52,1,0,5,1,3,0,36,6,4,4,0.11961835315030975,2084,3311.0,0.798,0.23813340967649585,69,0.725,0.3879396984924623,0
53,1,2,0,1,1,0,40,2,3,0,0.037297030930203735,1604,1068.0,0.62,0.24254222731176636,75,1.083,0.6030150753768844,0
44,1,4,2,2,2,0,36,3,1,4,0.28900739773321604,1586,9412.0,0.907,0.0977383338104781,33,0.435,0.14472361809045223,0
36,0,2,5,0,4,0,36,3,2,1,0.38895388736218056,699,13605.0,0.549,0.24139707987403378,73,0.521,0.04924623115577889,0
51,1,1,5,2,3,0,37,1,3,2,0.7823911577890845,2416,24902.0,0.917,0.39799599198396796,96,0.548,0.08844221105527637,0
42,0,4,0,2,4,0,36,2,3,2,0.08197970233722418,2517,1633.0,0.619,0.23418265101631833,76,1.171,0.6100502512562813,0
46,1,4,2,1,2,0,29,6,3,2,0.129897181484807,2410,3325.0,0.616,0.1934154022330375,75,0.63,0.42211055276381904,0
59,0,1,3,2,4,0,52,2,1,1,0.1810494683729522,2421,5006.0,0.701,0.23509876896650442,91,0.82,0.32763819095477387,0
63,1,0,2,2,4,0,55,5,0,2,0.5173183141512258,0,18550.0,0.908,0.11943887775551103,42,0.826,0.0,1
41,1,3,2,1,3,0,26,6,3,3,0.9665031123687561,0,33408.0,0.816,0.1845977669624964,77,0.878,0.0,0
28,1,0,4,1,1,0,16,5,1,3,0.06731725603654426,0,3665.0,0.737,0.07346120813054681,31,0.409,0.0,0
31,0,0,5,0,4,0,36,6,3,1,0.11342082430156875,1682,3508.0,0.888,0.2502147151445749,81,0.8,0.3256281407035176,0
50,0,3,1,1,4,0,41,3,3,2,0.028227476517412038,1148,1224.0,0.872,0.22261666189521898,80,0.818,0.48643216080402,0
47,1,2,5,2,2,0,36,3,3,2,0.3347179519736862,1871,10639.0,0.748,0.7722874320068709,128,0.778,0.1507537688442211,0
39,0,1,3,2,1,0,20,3,2,2,0.2575058120727862,1117,8839.0,0.515,0.052505010020040085,39,0.696,0.11256281407035175,0
37,0,1,2,1,1,0,30,5,3,4,0.15208735794810402,2351,4118.0,1.018,0.0679645004294303,50,0.667,0.36482412060301506,0
50,1,2,2,1,0,0,32,2,3,1,0.7318132760137495,1083,24562.0,0.757,0.21597480675636987,63,0.5,0.04221105527638191,0
54,0,2,1,2,4,0,42,3,4,3,0.0077302835445027945,0,1694.0,0.354,0.08016032064128256,41,0.519,0.0,1
56,0,3,2,2,4,0,36,5,5,2,0.08515404638170129,0,4255.0,0.948,0.2333810478099055,79,0.795,0.0,0
48,0,2,2,1,4,0,36,5,1,3,0.17270547831318384,800,6351.0,0.986,0.018551388491268247,22,0.375,0.11256281407035175,1
54,1,4,2,1,3,0,42,3,3,1,0.005523358637390154,618,1003.0,0.846,0.24534783853421124,83,1.024,0.38291457286432157,0
36,0,1,3,2,4,0,36,5,3,4,0.11544635812042556,1572,3685.0,0.732,0.13123389636415686,73,0.659,0.300502512562814,0
48,0,5,0,0,1,0,40,3,1,1,0.08847954966639157,0,4365.0,0.598,0.17245920412253077,57,1.111,0.0,0
50,1,1,4,1,3,0,38,2,3,4,0.03732726277824638,0,2673.0,1.043,0.2518751789292872,54,0.459,0.0,1
54,1,3,3,1,3,0,36,2,3,4,0.24242011989950937,350,9107.0,1.024,0.03813340967649585,28,0.333,0.0371859296482412,1
32,1,3,0,1,3,0,36,3,5,2,0.4224507749934246,0,15412.0,0.589,0.19828227884340108,73,0.659,0.0,0
44,1,2,3,2,1,0,31,5,1,1,0.022936903109950217,0,2197.0,0.921,0.23006012024048092,64,0.641,0.0,0
32,1,0,5,2,1,0,36,4,3,3,0.17418683886727315,0,7200.0,0.894,0.14176925279129687,83,0.93,0.0,0
45,0,4,2,1,4,0,38,2,2,1,0.02895304087043537,887,1509.0,0.604,0.3979387346120813,84,0.787,0.371859296482412,0
35,0,3,1,2,4,0,24,1,1,3,0.3279762498601777,770,11517.0,0.612,0.23309476095047235,65,0.757,0.06331658291457286,0
47,0,2,5,2,4,0,42,3,1,2,0.025174059865105507,2154,117.0,1.13,0.20727168622960204,69,0.865,0.9527638190954772,0
46,0,4,4,2,4,0,37,3,2,2,0.012023205966557537,0,1836.0,0.323,0.07265960492413398,28,0.167,0.0,1
45,0,4,0,1,4,0,36,5,2,3,0.08309828071480183,2199,1988.0,0.908,0.23572860005725735,81,0.884,0.5276381909547738,0
52,1,3,1,1,0,0,45,1,3,3,1.0000000000000002,550,33966.0,0.674,0.3899799599198397,71,0.732,0.01608040201005025,1
49,1,3,3,1,2,0,36,3,2,2,0.24526191361551744,1833,7718.0,1.675,0.15362152877182936,52,1.476,0.192964824120603,0
51,1,3,2,1,2,0,43,6,1,3,0.02172762918824466,1494,663.0,0.765,0.24357286000572573,69,0.605,0.6964824120603014,0
47,0,5,1,1,1,0,40,6,1,1,0.10005834746672232,1008,3740.0,0.484,0.15270541082164327,70,0.707,0.2130653266331658,0
32,1,0,2,2,1,0,21,6,2,3,0.041196939327704164,1472,1329.0,1.027,0.11090752934440308,54,0.8,0.528643216080402,0
43,1,4,3,1,3,0,37,4,2,3,0.3761960474881869,758,13124.0,0.5,0.06389922702547952,42,0.75,0.055276381909547735,0
49,0,3,5,2,4,0,36,4,1,4,0.08736097128881393,2058,2270.0,0.835,0.16553106212424848,61,1.033,0.4783919597989949,0
45,1,5,1,1,3,0,35,2,2,2,0.023813626703186742,1229,997.0,0.784,0.2518179215574005,77,0.638,0.5547738693467337,0
30,1,2,3,1,4,0,23,4,2,0,0.04712238154406142,1393,1604.0,1.12,0.05994846836530203,35,0.522,0.4673366834170854,0
37,1,1,3,1,2,0,27,6,3,3,0.2685102047603068,1799,8521.0,0.75,0.07008302318923561,45,0.5,0.17487437185929647,0
50,0,2,2,1,4,0,40,3,2,3,0.005069880916750563,0,1606.0,0.824,0.2060692814199828,68,0.744,0.0,0
57,1,3,4,1,2,0,36,6,1,4,0.06166390045257077,2517,961.0,0.685,0.05032922988834812,49,0.75,0.7276381909547738,0
36,1,2,2,2,0,0,28,4,3,0,0.05247341864760852,2462,712.0,0.772,0.14944174062410534,74,0.721,0.7798994974874371,0
46,1,2,2,1,0,0,34,2,3,3,0.009544194427061135,894,860.0,0.691,0.24872602347552245,79,0.837,0.5125628140703518,0
45,1,4,2,2,1,3,37,4,3,4,0.42746926176850264,0,15578.0,0.716,0.22439164042370455,81,0.723,0.0,0
40,0,3,3,0,4,0,35,3,1,3,0.03375990470921498,2117,438.0,1.049,0.04603492699685084,32,0.6,0.8331658291457286,0
58,1,0,1,2,4,0,46,6,4,3,0.0,0,1438.3,0.808,0.20337818494131119,82,0.822,0.0,0
50,0,1,2,1,4,0,36,1,1,3,0.2714426940204428,2290,8127.0,1.122,0.24855425135986256,75,1.027,0.22110552763819094,0
43,1,3,2,1,2,0,28,3,2,3,0.08847954966639157,0,4365.0,0.32,0.06813627254509018,40,0.379,0.0,0
58,1,1,0,2,0,3,45,1,3,2,1.0000000000000002,0,34516.0,0.964,0.24815344975665612,48,0.548,0.0,1
50,1,2,5,2,4,0,40,4,3,5,0.029648373375416072,2380,39.0,0.695,0.20435156026338389,73,0.659,0.9889447236180904,0
39,0,4,2,1,4,0,21,6,1,4,0.10840233752649067,1613,3411.0,0.758,0.07987403378184942,40,0.667,0.32261306532663314,0
54,0,2,1,1,4,0,41,2,2,3,0.07384733521375428,2517,1364.0,0.815,0.11067849985685656,38,0.407,0.6522613065326632,1
51,1,3,3,1,0,0,40,6,3,2,0.1777844287843472,1692,5627.0,0.701,0.04025193243630118,29,0.611,0.2321608040201005,0
45,1,2,0,2,2,0,33,6,3,0,0.6584405808142646,1814,21404.0,1.178,0.06979673632980246,37,2.083,0.07839195979899496,0
43,0,4,0,1,4,0,33,5,4,3,0.013474334672604206,1216,668.0,0.945,0.23252218723160603,85,0.735,0.6482412060301507,0
36,1,2,5,1,2,0,36,5,3,4,0.12596704123926394,1322,4283.0,1.204,0.10352132837102777,41,0.952,0.23718592964824117,0
36,1,0,0,1,3,0,27,3,3,2,0.14812698585451833,2379,3959.0,0.624,0.06784998568565703,39,0.5,0.37688442211055273,0
41,1,4,2,2,3,3,29,2,3,6,1.0000000000000002,0,34516.0,0.434,0.17154308617234468,53,0.828,0.0,1
55,1,3,3,1,2,0,50,2,1,2,0.11620215432149153,1144,4138.0,0.8,0.7433724592041225,115,0.597,0.21809045226130652,0
56,1,2,3,1,3,0,43,2,2,1,0.845152474325603,1002,28392.0,0.935,0.8228456913827655,92,0.673,0.034170854271356785,0
41,0,5,4,1,4,0,33,3,1,2,0.153598950350236,851,5668.0,0.679,0.14646435728600055,65,0.711,0.1316582914572864,0
58,0,0,2,1,4,0,36,6,3,1,0.08884233184290324,1500,2877.0,0.789,0.19295734325794445,62,0.938,0.34472361809045227,0
59,1,1,3,1,1,0,53,6,2,5,0.12116017740048432,1885,3561.0,0.643,0.05582593758946465,33,0.32,0.3477386934673366,0
35,1,2,5,2,2,0,21,4,3,3,0.1912980648594068,1278,6488.0,0.806,0.10838820498139136,74,0.609,0.1658291457286432,0
42,1,3,2,1,3,0,36,1,1,3,1.0000000000000002,781,33735.0,0.803,0.018494131119381616,12,0.091,0.023115577889447233,1
45,0,2,2,1,4,0,38,3,3,3,0.0022583190487851373,788,725.0,0.677,0.20818780417978813,71,0.868,0.5236180904522613,0
49,0,4,5,1,4,0,39,6,3,2,0.061361581972144384,2517,951.0,0.746,0.1124534783853421,39,0.345,0.7296482412060301,1
32,0,2,4,2,4,0,16,3,3,2,0.046396817191038074,2446,527.0,0.612,0.18545662754079587,78,0.95,0.8271356783919597,0
61,0,0,4,1,4,0,48,3,3,3,0.051929245382841015,2155,1001.0,0.438,0.048439736616089316,44,0.571,0.6864321608040201,0
55,0,1,2,1,4,0,46,3,3,3,0.005069880916750563,0,1606.0,0.855,0.23006012024048092,76,0.652,0.0,0
52,0,2,2,2,1,0,33,5,2,2,0.1403574009075601,989,5092.0,1.222,0.22450615516747777,70,0.429,0.16381909547738693,0
43,0,2,2,1,4,0,36,6,3,2,0.03421338242985456,2107,463.0,0.651,0.20200400801603205,83,0.766,0.8241206030150753,0
36,1,2,2,1,2,0,36,3,1,4,0.12430428959691878,1518,4032.0,1.182,0.1150873174921271,62,0.771,0.27537688442211056,0
50,0,1,2,1,4,0,42,1,1,2,0.023329917134504517,1539,671.0,0.843,0.25233323790438017,75,0.974,0.6994974874371859,0
49,0,2,5,1,4,0,36,3,4,1,0.03224831230708302,0,2505.0,0.62,0.2049241339822502,61,0.743,0.0,0
39,0,1,5,1,1,0,36,4,1,4,0.055436139755787144,2323,949.0,1.123,0.24237045519610648,86,0.593,0.7135678391959798,0
35,1,1,0,2,2,0,26,3,2,3,0.6653636740160289,1515,21932.0,0.622,0.13192098482679643,77,0.638,0.06532663316582914,0
45,1,4,0,2,0,0,40,3,3,3,0.044189892283925426,1782,1118.0,1.351,0.23796163756083596,64,0.561,0.6170854271356784,0
47,1,3,2,2,0,0,36,6,2,4,1.0000000000000002,933,33583.0,0.946,0.07294589178356714,32,0.6,0.027135678391959798,0
39,1,2,5,1,0,3,19,2,1,2,1.0000000000000002,796,33720.0,0.841,0.41173776123675926,75,0.667,0.023115577889447233,1
48,1,4,3,1,1,0,40,5,1,2,0.03252039893946678,2251,263.0,0.852,0.19536215287718292,65,0.625,0.8994974874371858,0
58,0,4,3,0,4,0,45,4,1,1,0.5933514119784629,2517,18548.0,0.84,0.030346407099914114,32,0.333,0.11959798994974873,1
40,1,2,5,2,3,0,36,2,2,1,0.4279529713371849,1690,13904.0,0.69,0.891554537646722,127,0.608,0.10854271356783919,0
47,1,2,4,2,2,0,39,1,3,2,0.4878422623096528,618,16957.0,0.917,0.8555969081019181,128,0.684,0.035175879396984924,0
50,0,0,5,1,4,0,42,3,4,2,0.06985673127212594,1594,2155.0,0.738,0.4271399942742628,89,0.534,0.42713567839195976,0
63,0,0,2,2,4,0,36,6,1,1,0.10305130042294358,1856,2991.0,0.61,0.23945032922988832,76,0.81,0.38492462311557785,0
45,1,3,2,0,2,0,36,6,3,2,0.5499384781892332,0,19629.0,0.766,0.2028628685943315,79,0.881,0.0,0
44,1,4,3,2,2,0,32,5,3,2,0.054257097682124215,1034,2199.0,0.759,0.04156885198969368,29,0.706,0.32160804020100503,0
39,0,2,2,1,4,0,19,5,3,1,0.051929245382841015,2095,1061.0,1.281,0.12648153449756655,56,0.75,0.6673366834170854,0
37,1,2,1,2,0,0,31,2,1,3,0.027864694340900366,1204,1156.0,0.539,0.18127683939307185,82,0.822,0.5125628140703518,0
52,1,4,3,1,3,0,42,6,1,0,0.1299878770289349,1112,4626.0,1.519,0.07970226166618952,48,0.655,0.19497487437185929,0
36,0,1,4,1,4,0,23,6,3,3,0.05044788482875171,2354,753.0,1.248,0.12539364443172057,48,1.182,0.7618090452261306,0
37,0,0,1,2,4,0,36,2,2,3,0.2339854342956131,1585,7593.0,0.617,0.824620669911251,110,0.803,0.1738693467336683,0
58,1,1,2,2,3,0,36,6,3,4,0.6433246567929451,0,22718.0,0.747,0.43343830518179216,77,0.833,0.0,1
62,0,1,2,2,4,0,36,3,3,2,0.17040785786194326,1396,5679.0,0.532,0.22210134554823932,75,0.531,0.1979899497487437,0
41,1,3,2,1,1,0,32,3,3,2,0.15075715663422792,915,5510.0,0.958,0.08622960206126538,44,0.692,0.14271356783919595,0
49,1,2,2,1,0,0,36,4,2,0,0.5539895458269469,2517,17246.0,0.664,0.05061551674778128,35,0.25,0.12763819095477386,0
59,1,1,2,2,1,0,53,3,3,3,0.1389667358975987,1392,4643.0,0.361,0.058459776696249646,32,0.6,0.2321608040201005,0
51,0,3,5,1,4,0,33,3,3,3,0.18107970022099484,0,7428.0,0.873,0.4321786430002863,62,0.722,0.0,1
60,0,2,2,1,4,0,54,1,2,2,0.05797561499136882,1664,1692.0,0.862,0.267391926710564,81,0.929,0.49849246231155775,0
26,0,1,0,2,4,0,15,5,2,4,0.0,737,701.3,0.806,0.13318064700830232,39,0.5,0.514572864321608,0
47,1,3,4,1,3,0,36,6,2,2,0.36159406488359225,2505,10894.0,0.627,0.045576868021757797,31,0.824,0.18793969849246228,0
58,1,1,5,1,3,0,50,5,3,2,0.16747536860180728,1148,5830.0,1.645,0.0476381334096765,26,1.0,0.1658291457286432,0
56,0,3,0,2,4,0,36,5,1,3,0.0,0,1438.3,0.76,0.25130260521042086,83,0.627,0.0,0
39,1,3,0,2,1,0,28,6,2,2,0.00609776375020029,1177,463.0,0.695,0.14852562267391925,66,0.784,0.7216080402010049,0
60,0,0,3,1,4,0,55,4,1,3,0.12427405774887615,0,5549.0,0.703,0.10775837389063843,38,0.52,0.0,1
52,0,2,5,1,1,0,36,5,1,4,0.0,0,1438.3,0.529,0.06578872029773833,39,0.5,0.0,0
48,1,4,2,1,3,0,36,1,2,3,0.8025255685854821,1793,26191.0,0.754,0.43612940166046377,81,0.588,0.064321608040201,0
53,0,0,2,2,4,0,34,5,2,1,0.015288245555162547,1140,804.0,0.582,0.25141711995419413,82,0.907,0.5889447236180904,0
65,1,0,2,1,1,0,56,3,3,2,0.02596008791421412,0,2297.0,0.511,0.08079015173203549,51,0.417,0.0,0
43,1,1,0,2,2,0,37,6,3,3,0.039141173660804725,1819,914.0,0.767,0.023074720870312048,25,0.923,0.6693467336683416,0
45,1,3,3,1,0,0,35,6,2,3,0.9374200745517374,1974,30472.0,0.621,0.0679645004294303,39,0.696,0.06130653266331658,0
49,0,3,3,2,4,3,36,3,2,2,0.9127811183969865,0,31631.0,0.632,0.1653592900085886,58,0.758,0.0,0
41,0,2,5,1,4,0,33,3,3,3,0.07421011739026595,1157,2736.0,1.169,0.05760091611795019,39,0.773,0.29849246231155774,0
47,1,5,2,2,2,0,36,6,3,2,0.03877839148429305,1264,1457.0,0.796,0.23057543658746063,71,0.972,0.4673366834170854,0
62,0,2,2,1,4,0,52,4,2,2,0.031794834586443436,513,1977.0,0.678,0.019123962210134553,20,0.333,0.20703517587939696,1
34,1,2,2,1,1,0,17,6,2,1,0.05697796400596173,1062,2261.0,0.729,0.233610077297452,78,0.773,0.32160804020100503,0
47,0,5,5,0,4,0,36,6,2,3,0.33686441318471355,1235,11346.0,0.611,0.2231319782421987,76,1.303,0.09849246231155778,0
58,0,0,2,2,4,0,48,2,2,5,0.08648424769557739,1334,2965.0,0.66,0.8324076724878328,123,0.685,0.3115577889447236,0
54,0,2,0,2,4,0,36,1,3,3,0.2233740556326468,0,8827.0,0.782,0.12098482679645005,50,0.515,0.0,1
33,0,2,3,2,4,0,36,4,1,1,0.20048854666436908,2350,5720.0,1.03,0.09086744918408245,61,0.649,0.2924623115577889,0
46,1,5,5,2,2,0,33,4,1,3,0.051294376573945595,0,3135.0,0.572,0.2053249355854566,68,0.7,0.0,0
47,1,3,2,1,0,0,28,3,2,2,0.30808369384812123,802,10827.0,0.912,0.18448325221872314,78,0.902,0.06934673366834171,0
40,0,2,1,1,4,3,36,3,2,4,1.0000000000000002,1686,32830.0,0.562,0.1497852848554251,66,0.65,0.04924623115577889,0
47,0,3,5,1,4,0,33,4,5,2,0.04691075860776294,890,2100.0,0.711,0.2420269109647867,79,0.837,0.2994974874371859,0
65,1,1,2,2,4,0,36,3,4,4,0.02759260770851662,0,2351.0,0.881,0.06086458631548812,35,0.591,0.0,1
48,1,2,2,1,2,3,35,2,4,4,1.0000000000000002,0,34516.0,0.763,0.009218436873747491,15,0.5,0.0,1
43,0,3,0,1,4,0,36,3,2,4,0.023843858551229384,1394,833.0,1.481,0.08256513026052104,41,0.864,0.629145728643216,0
42,0,4,2,2,4,0,32,3,2,3,0.1426852532068433,0,6158.0,1.411,0.1489836816490123,66,0.784,0.0,0
38,0,1,2,1,4,0,20,2,2,3,0.005523358637390154,580,1041.0,0.421,0.07804179788147723,41,0.171,0.35979899497487433,1
58,1,3,2,1,0,0,52,5,2,5,0.49869549575696015,1578,16356.0,0.593,0.08445462353277984,48,0.778,0.08844221105527637,0
48,0,3,3,1,4,3,36,4,2,3,0.9424083294787727,1718,30893.0,0.971,0.19387346120813054,61,0.605,0.05326633165829145,0
42,1,3,5,1,2,0,25,6,2,3,0.3660381465458602,1720,11826.0,0.538,0.19541941024906956,73,0.698,0.12763819095477386,0
40,1,2,0,2,2,0,28,1,2,3,0.28544003966418463,2025,8855.0,0.753,0.2534783853421128,90,0.765,0.18693467336683414,0
40,1,2,2,0,2,0,36,3,1,2,0.05020603004441059,0,3099.0,0.72,0.1770397938734612,75,0.667,0.0,0
30,1,0,2,2,2,0,20,1,3,3,0.674826242453375,1349,22411.0,0.961,0.7210993415402233,103,0.746,0.057286432160804014,0
42,0,4,3,2,4,0,30,3,1,3,0.14310849907944026,1212,4960.0,0.723,0.9213856283996564,99,0.65,0.19698492462311556,0
46,1,3,2,1,2,0,37,6,3,3,0.5255111449707809,774,18047.0,0.586,0.22170054394503289,75,0.562,0.04120603015075377,0
46,1,3,2,0,3,0,36,2,2,1,0.5742751158635576,1504,18930.0,0.725,0.7300314915545376,106,0.656,0.0743718592964824,0
52,1,2,0,1,2,0,36,1,1,3,0.19471426368822503,1007,6872.0,0.726,0.24700830231892354,83,0.976,0.128643216080402,0
47,1,2,2,1,3,0,37,2,3,3,0.12125087294461226,1628,3821.0,0.696,0.017520755797308902,18,0.385,0.300502512562814,1
56,1,2,0,1,3,0,50,1,1,3,0.2653056288677871,1433,8781.0,0.64,0.22691096478671627,79,0.881,0.1407035175879397,0
45,0,4,2,2,4,0,32,3,3,4,0.04292015466613459,0,2858.0,1.058,0.11915259089607787,43,0.483,0.0,1
56,0,1,2,2,4,0,50,4,4,1,0.007851210936673354,0,1698.0,0.847,0.21992556541654737,74,0.897,0.0,0
51,0,3,3,1,4,0,35,6,1,3,0.0479688732892553,1912,1113.0,0.674,0.2345261952476381,78,0.773,0.6351758793969848,0
45,1,1,2,2,2,0,36,3,1,3,0.1385737218730444,1433,4589.0,0.955,0.16621815058688805,68,0.943,0.23919597989949745,0
40,0,4,5,1,4,0,29,2,3,3,0.05706865955008964,2181,1145.0,0.827,0.7473804752361867,110,0.746,0.6592964824120603,0
33,1,2,0,1,3,0,36,3,1,2,0.02771353510068717,1773,582.0,0.774,0.07071285427998855,27,0.929,0.7567839195979899,0
62,0,0,2,1,1,0,36,4,2,2,0.04612473055865433,2400,564.0,1.296,0.05880332092756943,25,1.778,0.8140703517587939,0
34,0,2,2,1,4,0,18,4,1,3,0.0390504781166768,0,2730.0,0.648,0.2290294875465216,72,0.714,0.0,0
49,0,4,1,2,4,0,42,5,1,4,0.1919933973643875,957,6832.0,0.724,0.1650157457772688,70,0.842,0.1236180904522613,0
43,1,2,5,1,2,0,24,2,3,3,0.39327704163227795,0,14447.0,0.856,0.022044088176352703,29,2.222,0.0,1
39,0,2,2,2,4,0,34,1,3,3,0.05465011170667853,2517,729.0,0.722,0.7524191239622101,103,0.689,0.778894472361809,0
53,1,1,3,1,3,0,47,3,2,2,0.32722045365911173,1836,10426.0,1.584,0.06464357286000573,38,1.533,0.1507537688442211,0
47,0,3,2,1,4,0,42,1,2,3,0.06743818342871483,2517,1152.0,0.83,0.767306040652734,112,0.836,0.6894472361809045,0
44,1,3,2,0,2,0,37,5,2,3,0.05598031302055464,0,3290.0,0.841,0.24334383051817918,84,0.615,0.0,0
38,0,1,3,1,1,0,19,1,1,2,0.12457637622930254,1600,3959.0,0.716,0.27563698826223876,82,0.864,0.28944723618090445,0
47,1,1,3,1,1,0,29,5,3,2,0.05601054486859728,1197,2094.0,0.672,0.1544803893501288,82,0.708,0.36582914572864317,0
36,1,2,3,0,1,0,36,3,3,2,0.03772027680280069,1733,953.0,0.706,0.08743200687088462,53,0.71,0.6482412060301507,0
50,1,3,3,2,3,3,41,2,2,1,1.0000000000000002,0,34516.0,0.627,0.8318923561408531,118,0.735,0.0,0
46,1,4,0,2,2,0,41,3,1,1,0.4908049834178314,1783,15890.0,1.003,0.15058688806183795,59,1.36,0.10150753768844221,0
49,0,2,0,1,4,0,36,4,3,3,0.021636933644116736,1490,664.0,0.727,0.17944460349269967,63,0.853,0.6954773869346732,0
64,0,0,5,2,4,0,36,3,1,3,0.1715264362395209,1358,5754.0,0.553,0.25313484111079304,73,0.587,0.19195979899497487,0
45,0,2,5,2,4,0,36,2,2,2,0.012113901510685456,0,1839.0,0.782,0.2519324363011738,91,0.784,0.0,0
52,0,3,5,1,4,0,43,4,3,3,0.02142531070781826,1173,974.0,0.653,0.047065559690810194,37,0.37,0.5487437185929648,0
45,0,2,1,0,1,0,36,5,3,3,0.040803925303149864,1826,962.0,0.521,0.22370455196106495,67,0.595,0.6582914572864321,0
43,1,4,2,2,2,0,36,4,1,0,0.6313528449680601,953,21369.0,0.769,0.04683653020326367,34,1.125,0.04321608040201004,0
42,1,4,3,2,2,0,33,5,1,3,0.2419666421788698,838,8604.0,0.654,0.15041511594617804,63,0.853,0.08944723618090451,0
41,0,5,4,1,4,0,36,5,3,3,0.0017141457840176358,0,1495.0,0.686,0.1197824219868308,70,0.628,0.0,1
44,0,3,2,1,4,0,36,6,5,3,0.029678605223458714,1223,1197.0,0.718,0.2533066132264529,82,0.783,0.507537688442211,0
48,0,4,2,2,4,0,41,5,3,2,0.11490218485565806,1172,4067.0,0.825,0.2124821070712854,61,0.968,0.2251256281407035,0
50,1,3,2,0,3,0,36,4,3,1,1.0000000000000002,1542,32974.0,0.869,0.0709991411394217,65,0.585,0.045226130653266326,0
45,1,3,0,2,2,0,32,4,1,2,0.0,0,1438.3,0.81,0.05370741482965932,26,0.625,0.0,0
38,1,0,2,1,2,0,33,5,4,4,0.3114696608288968,1560,10181.0,0.773,0.09235614085313484,41,0.783,0.13366834170854272,0
53,1,2,5,2,2,0,40,5,2,2,0.5344295401433594,0,19116.0,0.656,0.037446321213856285,29,0.611,0.0,0
31,1,1,2,2,1,0,20,1,2,3,0.054226865834081574,1564,1668.0,0.969,0.7221299742341827,112,0.75,0.48643216080402,0
65,1,0,3,2,4,3,56,4,2,4,0.33771090492990746,2517,10092.0,0.833,0.09109647867162897,49,0.531,0.20100502512562812,0
53,1,3,2,1,3,0,36,5,1,4,0.17690770519111065,2151,5139.0,0.583,0.04477526481534498,29,0.526,0.29648241206030146,0
42,1,2,2,0,3,0,35,5,3,1,0.16145923084132213,1359,5420.0,0.737,0.16627540795877468,65,0.512,0.20100502512562812,0
51,0,1,2,1,4,0,40,3,3,0,0.04038067943055292,1362,1412.0,0.866,0.24460349269968504,91,0.685,0.493467336683417,0
59,0,1,2,2,1,0,53,2,2,0,0.01637659208469755,1409,571.0,0.743,0.27598053249355853,96,0.714,0.7155778894472361,0
41,1,4,3,2,2,0,28,4,3,3,0.05102228994156185,1503,1623.0,0.892,0.17933008874892642,74,0.644,0.48341708542713563,0
46,1,4,3,1,0,0,30,3,3,3,0.030343705880396775,0,2442.0,0.98,0.009791010592613798,19,0.727,0.0,1
43,1,1,0,1,2,0,36,3,3,2,0.3749263098703961,1079,12761.0,0.947,0.20956198110506727,74,0.805,0.07839195979899496,0
55,0,2,2,1,4,3,45,6,3,3,0.3255577020167666,0,12207.0,0.319,0.3039221299742342,74,1.056,0.0,1
48,1,3,2,1,3,0,43,1,4,1,0.2575965076169141,0,9959.0,0.751,0.8255367878614371,125,0.866,0.0,0
65,1,1,3,1,4,0,47,3,2,1,0.00969535366727433,0,1759.0,1.058,0.01666189521900945,18,0.5,0.0,1
57,1,2,2,2,0,0,51,3,5,3,0.22134852181378997,0,8760.0,0.726,0.11050672774119667,39,0.56,0.0,1
52,0,1,3,2,4,0,43,6,2,2,0.03829468191561083,1581,1124.0,0.851,0.2864013741769253,81,0.841,0.5869346733668341,0
28,0,0,2,2,4,0,13,3,2,2,0.02868095423805162,0,2387.0,0.639,0.22805611222444885,66,0.65,0.0,0
35,1,4,2,1,3,0,24,6,3,4,0.33846670113097344,0,12634.0,0.323,0.010707128542799881,18,0.286,0.0,1
44,1,4,2,2,2,0,36,3,1,2,0.522487960166517,1568,17153.0,0.788,0.229430289149728,81,0.8,0.08442211055276382,0
39,0,2,0,2,4,3,20,1,2,3,0.3295180741103523,1277,11061.0,0.828,0.8782708273690237,109,0.758,0.10452261306532662,0
55,0,3,2,2,4,0,44,6,6,3,0.033699441013129695,1823,730.0,0.574,0.1902662467792728,69,0.683,0.7175879396984923,0
44,0,2,2,2,4,0,36,5,2,4,0.0,0,1438.3,0.421,0.08096192384769539,36,0.5,0.0,1
46,0,3,2,1,4,0,40,1,1,1,0.04854327840206545,1973,1071.0,0.946,0.2414543372459204,73,1.028,0.6512562814070352,0
45,1,4,2,1,0,0,31,1,4,3,0.7457803898094487,0,26107.0,0.55,0.06681935299169768,47,0.424,0.0,1
54,1,2,5,1,2,0,35,4,3,4,0.022695048325609098,382,1807.0,0.884,0.12711136558831948,51,0.594,0.1758793969849246,1
59,1,0,3,2,1,0,48,2,4,3,0.06583589548245494,1054,2562.0,0.616,0.008989407386200975,17,0.545,0.2924623115577889,1
47,0,3,5,2,4,0,36,5,2,1,0.03883885518037832,1588,1135.0,0.852,0.216261093615803,83,0.844,0.585929648241206,0
52,0,1,2,2,4,0,40,1,2,2,0.0265647248750669,0,2317.0,1.005,0.02026910964786716,19,0.727,0.0,1
43,1,3,2,1,1,0,36,2,3,3,0.10398848771226538,2098,2780.0,0.665,0.2571428571428572,84,0.68,0.43216080402010043,0
51,0,1,0,1,1,0,44,4,2,1,0.0,0,1438.3,0.803,0.09602061265387919,68,0.511,0.0,0
48,1,3,3,1,2,0,39,4,3,2,0.1212206410965696,0,5448.0,0.549,0.19364443172058401,72,0.565,0.0,0
51,0,1,3,2,4,0,33,6,3,3,0.017162620133806164,1608,398.0,1.043,0.12768393930718577,38,0.652,0.8060301507537688,1
54,0,3,0,2,4,0,45,5,1,4,0.04908745166683295,2039,1023.0,1.057,0.2008016032064128,71,0.821,0.6693467336683416,0
40,1,5,2,2,1,0,36,2,2,3,0.04264806803375084,1741,1108.0,0.791,0.4660177497852849,99,0.768,0.6140703517587939,0
49,0,3,2,2,4,0,42,5,3,3,0.05510358942731811,814,2447.0,0.85,0.24099627827082734,89,0.712,0.25125628140703515,0
62,0,0,2,2,4,0,36,5,2,4,0.04328293684264626,2284,586.0,0.661,0.19559118236472944,74,0.574,0.7999999999999999,0
41,0,1,3,2,4,0,36,4,3,2,0.028227476517412038,0,2372.0,0.597,0.11273976524477526,41,0.464,0.0,1
46,0,2,2,1,4,0,42,1,0,4,0.01704169274163561,0,2002.0,0.803,0.10838820498139136,39,0.857,0.0,1
44,0,4,3,0,4,0,36,5,3,3,0.027048434443749124,1485,848.0,0.692,0.038247924420269114,31,0.722,0.6402010050251256,0
45,1,3,4,1,1,0,39,3,1,2,0.0898097509802677,1753,2656.0,0.55,0.21540223303750355,76,0.652,0.39999999999999997,0
46,1,4,5,1,3,0,33,1,2,1,0.36434516305547243,1567,11923.0,0.795,0.7231033495562553,105,0.75,0.11658291457286432,0
43,0,3,2,1,4,0,36,4,2,1,0.1672637456655088,1506,5465.0,0.57,0.17434869739478956,67,0.675,0.21708542713567838,0
35,1,3,3,1,1,0,27,1,2,3,0.3913119715095064,1950,12432.0,0.578,0.7106212424849699,131,0.819,0.13668341708542714,0
43,0,2,3,1,4,0,36,2,3,3,0.03750865386650221,1694,985.0,0.603,0.2353277984540509,85,0.809,0.6351758793969848,0
31,1,0,2,0,2,0,24,6,2,2,0.08445871387672058,2092,2140.0,0.604,0.11651875178929287,69,0.865,0.49648241206030147,0
34,0,2,3,2,4,0,24,4,1,0,0.041136475631618895,0,2799.0,0.696,0.10197537933008875,43,0.654,0.0,0
38,0,2,2,1,4,0,31,6,3,3,0.053924547353655185,0,3222.0,0.786,0.264758087603779,80,0.778,0.0,0
53,1,2,2,1,0,0,49,6,2,3,0.05888257043264799,1984,1402.0,0.573,0.045118809046664765,37,0.194,0.5889447236180904,0
35,0,2,2,2,4,0,20,6,1,2,0.037871436043013885,1935,756.0,0.681,0.21958202118522757,86,0.911,0.722613065326633,0
40,0,3,0,0,1,0,28,2,2,3,0.23595050441838464,2019,7224.0,0.707,0.4186086458631549,82,0.608,0.21909547738693466,0
47,0,3,5,2,4,0,41,3,3,0,0.044008501195669604,2117,777.0,0.79,0.39742341826510164,87,0.673,0.7356783919597989,0
47,1,4,2,2,3,0,36,6,3,2,0.6106440290588524,2030,19607.0,0.776,0.039622101345548236,23,0.438,0.09447236180904522,0
42,1,2,2,2,0,0,32,5,2,4,0.08080066026356125,1233,2878.0,0.478,0.04345834526195248,36,0.5,0.3015075376884422,0
42,0,1,1,1,1,0,35,4,3,2,0.046759599367549746,2355,630.0,0.602,0.03063269395934726,27,0.588,0.792964824120603,0
38,0,0,3,2,4,3,36,4,3,2,0.37211474800243066,1941,11806.0,0.748,0.9087317492127112,119,0.608,0.1417085427135678,0
49,0,2,5,2,1,0,37,2,1,3,0.1695009024206641,1293,5752.0,0.628,0.3922702547953049,98,0.607,0.18492462311557786,0
27,0,0,2,2,4,0,36,6,1,2,0.007216342127777935,1598,79.0,0.994,0.10644145433724593,43,0.536,0.957788944723618,0
39,0,2,5,1,4,0,26,4,2,5,0.12230898762610462,2517,2967.0,0.489,0.08559977097051245,51,0.378,0.46130653266331656,0
31,0,1,2,0,4,0,22,2,2,3,0.00558382233347543,0,1623.0,0.501,0.09138276553106213,45,0.364,0.0,1
38,1,3,5,2,2,3,31,5,3,2,1.0000000000000002,1566,32950.0,1.106,0.1964500429430289,53,0.893,0.045226130653266326,0
44,0,2,5,1,1,0,35,3,2,1,0.0,1091,347.3,0.702,0.2552533638705983,90,0.731,0.7628140703517587,0
46,1,4,1,1,0,0,36,3,2,5,0.050357189284623786,862,2242.0,1.057,0.12888634411680502,74,0.682,0.2793969849246231,0
53,1,1,2,1,3,0,36,4,2,3,0.3633475120700653,1248,12209.0,0.512,0.05828800458058975,41,0.519,0.09346733668341707,0
46,1,4,2,2,3,0,26,4,3,0,0.01066277280463878,1337,454.0,0.763,0.1753220727168623,46,0.917,0.7507537688442211,0
65,0,1,3,1,4,0,36,3,2,0,0.053198983000631854,2493,705.0,0.665,0.08050386487260235,44,1.316,0.7839195979899497,0
46,1,4,3,1,3,0,36,2,2,1,0.9526266941171847,1190,31759.0,0.664,0.8223303750357859,113,0.638,0.03618090452261306,0
50,0,4,3,1,1,0,36,6,1,1,0.0012304362153354106,1004,475.0,0.827,0.26258230747208705,75,0.974,0.6824120603015075,0
40,0,3,1,1,4,0,30,6,3,2,0.050992058093519206,2041,1084.0,0.675,0.21998282278843398,68,0.659,0.6562814070351759,0
48,1,4,2,2,1,0,43,2,3,2,0.2972909240968991,1744,9528.0,0.347,0.05296306899513313,34,0.214,0.1557788944723618,1
47,1,2,5,2,2,0,40,5,2,4,0.06441499862445094,1030,2539.0,1.09,0.23372459204122528,75,0.923,0.2904522613065326,0
39,0,2,2,2,4,3,29,3,3,2,0.25956157773968563,913,9111.0,0.568,0.19330088748926422,78,0.592,0.09145728643216079,0
57,1,2,3,2,2,0,36,2,3,3,0.13863418556912968,1532,4492.0,0.867,0.872201545949041,97,0.83,0.2552763819095477,0
57,0,4,4,2,4,0,45,2,2,3,0.048996756122705036,1744,1315.0,0.614,0.41105067277411966,89,0.561,0.5728643216080401,0
54,0,3,2,2,1,0,43,6,3,4,0.1267833011364152,1596,4036.0,0.951,0.17331806470083022,64,1.065,0.2844221105527638,0
43,0,3,0,1,4,0,36,3,3,4,0.7780680035189872,775,26400.0,0.543,0.18803320927569422,72,0.8,0.02914572864321608,0
59,0,1,2,1,4,0,50,3,2,3,0.0,0,1438.3,0.57,0.011107930146006296,16,0.231,0.0,1
50,1,1,3,2,3,3,36,4,5,3,1.0000000000000002,0,34516.0,0.732,0.8868594331520183,105,0.694,0.0,0
43,0,2,3,2,4,0,36,4,3,2,0.026806579659408004,1662,663.0,0.8,0.2256513026052104,83,0.804,0.7185929648241205,0
42,1,4,2,2,1,0,36,1,1,2,0.14177829776556414,2239,3889.0,0.768,0.7429144002290294,116,0.681,0.36683417085427134,0
31,0,0,2,1,4,0,21,4,1,4,0.14743165334953762,1305,5010.0,0.542,0.09590609791010592,43,0.265,0.2080402010050251,0
44,1,4,4,2,0,0,32,2,4,2,0.6807819165177749,2102,21855.0,0.997,0.04271399942742628,26,0.733,0.08844221105527637,0
41,1,3,2,1,2,0,30,3,1,1,0.04382711010741377,1676,1212.0,0.534,0.18711709132550813,58,0.812,0.5829145728643215,0
50,1,3,3,0,0,0,37,3,1,2,0.04942000199530198,1792,1281.0,1.099,0.06893787575150301,35,1.188,0.585929648241206,0
63,1,0,2,1,1,0,56,4,2,5,0.15302454523742584,1786,4714.0,0.524,0.055367878614371605,27,0.35,0.27638190954773867,0
40,1,4,2,2,3,3,22,3,1,3,1.0000000000000002,0,34516.0,0.64,0.02851417119954194,26,0.3,0.0,1
26,0,0,2,2,1,0,17,5,3,3,0.05081066700526337,1328,1791.0,0.722,0.1265387918694532,62,0.512,0.4281407035175879,0
40,1,3,2,1,3,0,31,6,2,4,0.5183461969846755,2446,16138.0,0.76,0.1702834239908388,64,0.882,0.13266331658291458,0
50,1,2,5,2,0,0,40,5,3,4,0.6153904292015466,1368,20426.0,0.691,0.8348697394789579,116,0.706,0.06331658291457286,0
52,0,2,2,1,4,0,36,5,3,4,0.021818324732372572,0,2160.0,0.645,0.10478099055253363,56,0.647,0.0,1
61,1,1,3,1,1,0,56,2,2,3,0.05304782376041866,2517,676.0,1.831,0.0461494417406241,30,1.143,0.7919597989949748,0
47,1,2,2,1,1,0,42,2,3,3,0.029980923703885103,1657,773.0,0.659,0.453134841110793,100,0.449,0.685427135678392,0
47,1,4,2,1,1,0,41,5,3,4,0.3959374442600302,0,14535.0,0.711,0.13970798740337817,76,0.689,0.0,0
38,0,2,0,1,4,0,28,5,1,3,0.09839559582437718,634,4059.0,0.909,0.22502147151445748,79,0.837,0.135678391959799,0
26,0,1,3,1,4,0,13,3,1,3,0.2797866840802111,2517,8176.0,0.88,0.20658459776696247,76,0.727,0.23618090452261303,0
59,0,1,5,1,1,0,36,2,2,3,0.0689800076788894,1569,2151.0,0.891,0.8976810764385914,129,0.792,0.4241206030150753,0
38,1,2,3,2,3,0,31,1,3,2,1.0000000000000002,0,34516.0,0.768,0.7733180647008302,99,0.768,0.0,0
44,1,3,2,2,0,0,37,3,1,5,0.06686377831590468,2512,1138.0,0.739,0.23298024620669908,75,0.471,0.6914572864321606,0
39,0,3,2,2,4,0,30,5,3,4,0.11378360647808042,815,4387.0,1.108,0.058860578299456054,48,0.778,0.15778894472361807,0
53,1,4,2,2,3,0,33,5,3,3,0.1190439480374996,1177,4199.0,0.939,0.07500715717148583,53,0.606,0.2201005025125628,0
54,1,2,4,2,2,0,38,3,3,5,0.38777484528851763,1878,12387.0,0.847,0.19765244775264815,58,0.871,0.13266331658291458,0
44,1,3,5,0,3,0,13,4,2,3,0.4960350931292079,1568,16278.0,1.064,0.17726882336100772,77,0.878,0.08844221105527637,0
41,1,4,2,2,3,0,33,1,1,3,0.9106346571859592,1298,30262.0,0.681,0.4071571714858288,93,0.632,0.04120603015075377,0
36,1,2,0,2,2,0,24,5,2,5,0.6528174570783337,840,22192.0,0.739,0.1292298883481248,73,0.698,0.03618090452261306,0
49,1,2,4,1,2,0,38,3,2,0,0.20070016960066756,1965,6112.0,0.637,0.045748640137417695,26,0.444,0.24422110552763815,0
35,1,2,2,1,2,0,36,3,3,2,0.0,0,1438.3,1.623,0.11233896364156885,55,0.897,0.0,0
43,0,3,3,1,1,3,25,1,2,1,0.48037499584312093,0,17328.0,0.82,0.8495276266819353,105,0.641,0.0,0
44,1,4,2,2,3,0,38,5,3,4,0.07551008685609945,2024,1912.0,0.988,0.25599770970512453,66,0.692,0.5165829145728643,0
45,0,3,2,1,1,0,35,2,3,2,0.08705865280838754,2359,1959.0,0.993,0.7063841969653593,118,0.573,0.5487437185929648,0
64,0,0,2,2,4,0,36,1,3,4,0.007367501367991129,0,1682.0,0.75,0.07334669338677355,39,0.5,0.0,1
32,0,1,2,1,4,0,23,1,2,3,0.07940999525359987,230,3835.0,0.779,0.41878041797881477,64,0.73,0.057286432160804014,1
46,1,2,2,2,2,0,34,1,3,2,0.14613168388370415,1434,4838.0,1.172,0.22811336959633552,66,1.2,0.2301507537688442,0
39,1,1,2,2,0,0,24,6,2,4,0.2610731701418176,2517,7557.0,0.77,0.06865158889206985,52,0.926,0.25125628140703515,0
45,0,4,3,1,4,0,34,6,4,1,0.031613443498187614,1543,941.0,0.703,0.18734612081305466,68,0.447,0.6241206030150753,0
40,0,3,2,2,4,0,33,3,1,1,0.03596682961632763,1771,857.0,0.788,0.2167764099627827,72,0.6,0.6773869346733669,0
46,1,1,2,1,2,0,39,4,3,3,0.11898348434141431,2324,3050.0,0.423,0.05880332092756943,49,0.4,0.43417085427135677,0
44,1,5,3,2,3,0,37,4,2,3,0.429283172651061,1729,13909.0,0.843,0.22135699971371312,83,0.566,0.11155778894472361,0
59,0,1,3,2,4,0,53,4,3,3,0.03862723224407986,1740,976.0,0.65,0.2105926137990266,69,0.568,0.6442211055276381,0
61,0,0,5,2,1,0,55,6,1,2,0.023450844526675084,2123,91.0,0.64,0.2260521042084168,77,0.791,0.9638190954773869,0
47,1,3,3,2,3,0,42,4,1,0,0.6965931730440751,1923,22557.0,0.505,0.05073003149155454,32,0.778,0.0793969849246231,0
55,1,3,5,2,1,0,36,1,3,3,0.2875260371791267,829,10120.0,0.749,0.4096764958488405,91,0.596,0.07638190954773869,0
54,0,3,2,1,4,0,49,5,1,2,0.3164276839078896,0,11905.0,0.881,0.19994274262811335,65,1.167,0.0,0
53,1,2,2,1,1,0,36,2,3,4,0.129897181484807,0,5735.0,1.009,0.490008588605783,64,0.684,0.0,1
60,0,0,0,1,4,0,49,5,3,3,0.005916372661944454,1155,479.0,0.874,0.22857142857142856,83,0.766,0.7105527638190954,0
53,1,2,2,2,0,0,36,3,2,2,0.5173485459992684,1434,17117.0,1.149,0.2767821356999714,90,0.765,0.07738693467336683,0
60,0,0,0,0,4,0,50,5,3,2,0.060091844354353545,1650,1776.0,0.622,0.22542227311766386,69,1.029,0.48442211055276374,0
44,0,2,3,1,4,0,36,2,1,0,0.15704538102709684,1322,5311.0,0.698,0.4503864872602348,106,0.738,0.19999999999999998,0
43,1,2,5,2,2,3,37,4,3,3,0.7963885034328264,0,27781.0,1.0,0.15196106498711706,61,0.743,0.0,0
41,1,4,2,1,2,0,36,2,3,5,0.0,312,1126.3,0.657,0.07191525908960779,26,0.733,0.21809045226130652,1
37,1,0,1,1,0,0,22,3,3,4,0.21814394592127026,0,8654.0,0.446,0.018322359003721724,18,0.385,0.0,1
31,0,0,4,0,4,0,36,6,3,3,0.1037768647759669,0,4871.0,0.89,0.12842828514171198,34,0.789,0.0,1
45,1,4,2,1,1,0,36,3,2,1,0.09924208756957106,1289,3432.0,0.656,0.1904380188949327,74,0.762,0.2743718592964824,0
49,0,2,2,2,4,0,44,5,2,3,0.25269894823400657,998,8799.0,0.886,0.8292585170340682,116,0.841,0.10251256281407034,0
27,0,0,2,1,4,0,36,3,2,2,0.007125646583650017,752,922.0,0.963,0.22805611222444885,57,0.966,0.45125628140703516,0
39,1,4,2,1,3,0,31,1,3,3,0.07529846391980097,542,3387.0,0.811,0.414715144574864,64,0.73,0.13869346733668342,1
39,1,1,2,2,3,0,36,5,3,3,0.7125555888105884,876,24132.0,0.859,0.07002576581734898,43,1.048,0.035175879396984924,0
49,1,1,2,1,4,0,35,5,2,2,0.0,0,1438.3,0.681,0.2049241339822502,71,0.919,0.0,0
44,0,1,2,2,4,0,36,3,3,3,0.06284294252623371,0,3517.0,0.634,0.10724305754365875,48,0.548,0.0,1
49,0,3,4,1,4,0,35,3,3,2,0.01438129011388338,0,1914.0,0.677,0.12350415115946177,41,0.414,0.0,1
52,0,0,0,1,1,0,45,4,2,1,0.09549333841228383,1905,2692.0,0.906,0.25204695104494707,67,0.914,0.4160804020100502,0
46,0,4,5,1,4,0,36,3,3,3,0.0,0,1438.3,0.346,0.056513026052104204,38,0.407,0.0,1
42,1,2,2,2,0,1,37,5,2,2,1.0000000000000002,1230,33286.0,0.72,0.156312625250501,63,1.1,0.03618090452261306,0
46,1,4,2,2,3,3,40,5,1,4,1.0000000000000002,0,34516.0,0.938,0.17394789579158315,57,0.676,0.0,0
45,0,3,3,1,4,0,33,5,1,1,0.14471078702570012,1596,4629.0,0.826,0.2060692814199828,71,0.651,0.257286432160804,0
41,0,3,2,2,4,0,29,4,2,3,0.015953346212100608,1452,514.0,0.621,0.23681649012310332,74,0.682,0.742713567839196,0
62,0,1,5,1,4,3,36,6,1,3,0.3371364998170973,931,11659.0,1.068,0.20910392212997422,78,0.696,0.0743718592964824,0
50,0,1,3,2,4,0,36,6,3,3,0.003679215906789171,995,565.0,0.615,0.08050386487260235,58,0.657,0.6412060301507537,0
46,0,4,2,2,4,0,26,6,1,3,0.012718538471538234,1379,480.0,0.836,0.21356999713713137,72,0.714,0.7457286432160803,0
49,1,3,4,2,3,0,33,3,1,0,0.14631307497195997,462,5816.0,1.161,0.03189235614085313,33,0.941,0.0743718592964824,0
45,1,4,2,2,4,0,36,5,2,3,0.0,1060,378.3,0.301,0.04139707987403378,29,0.318,0.7407035175879396,1
40,1,3,2,2,0,0,27,4,2,3,0.47100312294990276,0,17018.0,0.69,0.05840251932436301,47,0.621,0.0,0
42,0,4,0,1,1,0,37,3,3,1,0.08164715200875516,0,4139.0,0.547,0.09745204695104494,41,0.464,0.0,1
55,1,1,2,2,0,0,42,4,2,3,1.0000000000000002,1478,33038.0,0.967,0.04454623532779846,41,0.414,0.04321608040201004,0
50,1,3,2,1,2,0,36,4,3,2,0.055557067147957696,2353,923.0,0.725,0.2266246779272831,92,0.736,0.7216080402010049,0
50,0,2,2,1,4,0,43,3,3,2,0.0,910,528.3,0.66,0.10535356427139995,44,0.467,0.636180904522613,1
32,1,1,3,2,4,0,23,3,2,3,0.09256084915214785,0,4500.0,0.626,0.10930432293157745,63,0.703,0.0,0
35,0,1,0,1,4,0,29,4,3,3,0.0,966,472.3,0.871,0.2701975379330089,81,0.761,0.6753768844221105,0
42,1,5,2,1,2,0,22,6,2,4,0.11057903058556068,0,5096.0,0.808,0.11703406813627255,43,0.483,0.0,1
61,1,1,5,2,2,0,46,5,3,2,0.02305783050212077,1138,1063.0,0.675,0.03830518179215574,32,0.6,0.5195979899497487,0
38,1,3,2,1,4,3,27,3,2,3,0.2692055372652875,2070,8273.0,0.747,0.817348983681649,115,0.769,0.20100502512562812,0
57,0,3,2,2,4,0,49,1,3,5,0.003407129274405417,790,761.0,0.811,0.10586888061837961,46,0.769,0.5115577889447236,1
48,1,1,3,2,2,0,40,6,2,2,0.026625188571152168,1630,689.0,0.846,0.18373890638419696,68,0.659,0.7065326633165828,0
43,1,2,2,2,2,0,36,3,1,2,0.13908766328976926,1759,4280.0,0.479,0.22948754652161465,86,0.654,0.2924623115577889,0
47,1,2,2,1,0,0,37,6,4,2,0.29976993563639553,0,11354.0,1.007,0.1456054967077011,49,1.227,0.0,0
57,0,2,2,1,4,0,41,3,3,3,0.04104578008749097,0,2796.0,0.729,0.09539078156312626,35,0.75,0.0,1
41,0,3,5,1,4,0,36,2,3,1,0.3716915021298337,0,13733.0,0.325,0.06075007157171486,30,0.875,0.0,1
41,1,3,5,1,0,0,36,1,2,3,1.0000000000000002,0,34516.0,0.377,0.29046664758087604,56,0.244,0.0,1
53,1,2,2,2,3,0,36,5,3,2,0.11589983584106514,1515,3757.0,0.857,0.04345834526195248,33,0.435,0.28844221105527634,0
52,0,3,4,1,1,0,33,3,2,0,0.07442174032656443,0,3900.0,1.092,0.21797881477240194,81,0.8,0.0,0
53,0,3,2,1,1,0,44,3,3,4,0.03620868440066873,2357,279.0,0.654,0.04597766962496422,34,0.545,0.8984924623115578,0
31,0,0,2,1,4,0,20,5,1,1,0.0,0,1438.3,0.689,0.22141425708559972,86,0.755,0.0,0
54,1,3,1,1,0,0,41,3,3,0,0.6092835958969336,1676,19916.0,1.097,0.07689665044374464,52,0.529,0.07839195979899496,0
46,0,4,3,1,4,0,37,3,1,4,0.03309480405227692,2136,397.0,0.757,0.15270541082164327,50,1.174,0.8472361809045225,0
57,1,2,2,1,0,3,39,4,2,3,1.0000000000000002,1444,33072.0,0.568,0.9082164328657314,116,0.657,0.04221105527638191,0
43,1,3,5,2,1,0,36,3,3,3,0.23667606877140793,0,9267.0,0.866,0.42719725164614947,90,1.093,0.0,1
37,0,2,3,2,4,0,36,4,2,2,0.12953439930829533,1873,3850.0,0.851,0.12608073289436014,63,0.853,0.328643216080402,0
38,0,1,1,2,4,0,26,5,2,4,0.014985927074736158,985,949.0,0.72,0.19977097051245346,78,0.857,0.5115577889447236,0
31,0,0,3,1,4,0,13,5,2,3,0.053289678544759765,984,2217.0,0.639,0.2648153449756656,77,0.925,0.3085427135678392,0
41,0,3,2,2,1,0,36,3,2,4,0.11726026900298389,0,5317.0,0.699,0.08434010878900658,29,0.318,0.0,1
57,1,1,1,1,3,0,51,5,2,2,0.2156347025337312,1616,6955.0,0.6,0.049642141425708566,28,0.647,0.1899497487437186,0
42,1,4,1,2,2,0,31,2,2,2,0.05694773215791909,0,3322.0,0.758,0.7588892069853994,108,0.588,0.0,0
36,1,4,2,2,3,0,24,6,1,2,0.4503547707367804,892,15443.0,0.673,0.12613799026624675,71,0.919,0.055276381909547735,0
30,1,1,2,1,4,0,13,3,6,5,0.03533196080743221,1966,641.0,0.65,0.06807901517320356,45,0.607,0.757788944723618,0
40,1,3,2,1,3,0,21,3,2,0,0.011055786829193087,1040,764.0,1.002,0.2735757228743201,78,0.773,0.5788944723618089,0
58,0,0,4,1,4,0,39,5,3,3,0.15843604603705821,1207,5472.0,0.538,0.06407099914113942,29,0.381,0.18190954773869344,0
44,1,4,2,1,0,0,36,4,3,3,1.0000000000000002,0,34516.0,1.043,0.2802748353850558,60,0.875,0.0,1
52,1,2,3,2,0,0,38,6,3,3,1.0000000000000002,0,34516.0,0.639,0.09636415688519896,47,0.382,0.0,1
35,0,2,2,1,1,0,27,5,2,3,0.005281503853049041,1085,528.0,0.659,0.2559404523332379,85,0.848,0.6763819095477387,0
38,0,2,5,2,4,0,28,2,3,3,0.1278111839698649,1393,4273.0,0.84,0.25679931291153735,90,0.915,0.2472361809045226,0
43,0,3,3,2,1,0,34,1,3,2,0.006521009622797239,1474,180.0,0.586,0.0890924706555969,47,0.621,0.8954773869346733,1
51,0,0,1,2,1,0,36,3,2,1,0.036238916248711374,1009,1628.0,0.574,0.22874320068708845,83,0.729,0.38492462311557785,0
48,0,4,2,1,4,0,36,4,3,2,0.03572497483198651,2081,539.0,0.99,0.24832522187231607,67,0.763,0.7979899497487437,0
51,0,2,1,2,4,0,45,6,3,1,0.020276500482197986,683,1426.0,0.593,0.21706269682221585,58,0.812,0.3256281407035176,0
47,0,4,4,2,4,0,36,6,1,0,0.04884559688249184,1862,1192.0,0.589,0.17251646149441738,87,0.812,0.6130653266331657,0
52,1,2,2,2,3,0,47,6,1,3,0.43732484423040296,1024,14880.0,0.369,0.051703406813627256,33,0.5,0.064321608040201,0
59,1,2,3,1,4,0,42,3,3,5,0.08736097128881393,670,3658.0,0.396,0.06012024048096193,54,0.543,0.1557788944723618,0
59,0,1,4,1,1,0,46,5,3,3,0.015288245555162547,1346,598.0,1.052,0.08187804179788148,57,0.727,0.6954773869346732,0
38,1,1,2,1,1,0,27,5,6,0,0.3525547423188432,1436,11664.0,0.519,0.1529344403091898,78,0.5,0.11055276381909547,0
41,1,2,2,2,2,0,30,3,1,2,0.0265647248750669,1232,1085.0,0.733,0.144689378757515,71,0.919,0.5346733668341709,0
57,0,2,3,1,4,0,52,6,3,2,8.162598971513113e-05,0,1441.0,1.364,0.12665330661322644,58,0.758,0.0,0
54,0,2,0,2,1,0,49,4,3,3,0.22162060844617373,1314,7455.0,0.477,0.1882049813913541,60,0.818,0.1507537688442211,0
45,0,3,2,1,1,0,31,5,5,3,0.017464938614232553,1303,713.0,0.599,0.15533924992842826,63,0.615,0.6492462311557788,0
60,1,0,5,1,4,0,52,5,1,2,0.034969178630920535,2189,406.0,0.276,0.05908960778700258,27,0.174,0.8482412060301506,0
37,0,1,2,1,4,0,36,3,3,3,0.07720307034648721,1289,2703.0,1.008,0.0945319209848268,32,0.6,0.3246231155778894,0
57,1,2,4,2,3,3,43,2,3,3,1.0000000000000002,1847,32669.0,0.557,0.4186659032350415,61,0.794,0.054271356783919596,1
46,1,1,2,2,0,0,32,5,2,1,0.3144626137851181,1295,10545.0,0.84,0.058975093043229315,49,0.4,0.10954773869346733,0
37,0,4,0,1,4,0,36,6,3,1,0.0,787,651.3,0.914,0.23229315774405954,58,0.568,0.549748743718593,0
52,0,2,0,1,1,0,40,5,3,1,0.0,0,1438.3,0.825,0.23876324076724878,92,0.704,0.0,0
41,1,2,3,1,2,0,36,6,2,2,0.0925306173041052,0,4499.0,0.765,0.25055825937589465,75,0.667,0.0,0
47,0,3,5,2,4,0,36,2,3,4,0.045761948382142655,0,2952.0,0.82,0.13610077297452045,60,0.875,0.0,1
37,0,1,2,2,4,0,36,3,3,3,0.03765981310671541,0,2684.0,0.66,0.24425994846836527,85,0.635,0.0,0
50,0,2,2,1,4,0,38,1,1,1,0.044099196739797515,0,2897.0,0.7,0.24969939879759515,87,0.776,0.0,0
47,1,3,5,0,3,0,34,5,1,3,0.005674517877603348,1013,613.0,0.826,0.2709418837675351,83,0.729,0.6261306532663315,0
47,0,4,1,2,4,0,36,3,2,2,0.04010859279816916,901,1864.0,0.898,0.2553678786143716,80,0.905,0.32763819095477387,0
56,0,1,2,1,4,0,38,4,3,3,0.03445523721419567,2462,116.0,1.707,0.04855425135986258,29,0.812,0.9597989949748742,0
49,1,4,0,0,1,0,43,3,2,3,0.014623144898224492,710,1212.0,0.951,0.13684511880904665,46,1.421,0.3708542713567839,0
37,1,1,3,1,0,0,26,5,2,1,0.31101618310825724,1925,9801.0,0.855,0.20933295161752075,63,0.703,0.16482412060301507,0
48,0,3,3,0,1,0,40,4,1,2,0.014532449354096574,774,1145.0,0.965,0.05582593758946465,33,0.737,0.4050251256281407,0
47,0,3,2,2,4,0,35,1,3,3,0.11970904869443766,0,5398.0,0.621,0.07769825365015745,36,0.333,0.0,1
38,0,2,3,1,1,0,27,2,1,2,0.05144553581415879,2517,623.0,0.801,0.7527626681935299,122,0.821,0.8060301507537688,0
42,1,2,5,1,1,0,30,1,3,3,0.04818049622555378,0,3032.0,0.429,0.0997995991983968,44,0.517,0.0,1
38,0,2,3,1,1,0,31,4,2,4,0.004676866892196256,1091,502.0,0.87,0.20647008302318923,67,0.718,0.6884422110552764,0
49,1,3,2,1,2,0,36,6,1,3,0.6412991229740883,1085,21566.0,0.81,0.1938162038362439,72,0.674,0.04824120603015075,0
64,0,0,2,2,4,0,53,5,3,4,0.157952336468376,765,5898.0,1.129,0.23206412825651299,78,0.857,0.11557788944723618,0
49,1,2,3,1,2,0,39,6,3,2,0.17488217137225384,1963,5260.0,0.852,0.20595476667620954,70,0.842,0.2733668341708543,0
41,0,3,2,1,4,0,27,6,1,2,0.021032296683263958,1085,1049.0,0.656,0.2115087317492127,75,1.027,0.5105527638190954,0
54,0,4,2,2,4,0,43,3,1,4,0.02275551202169438,1655,536.0,1.008,0.2537074148296593,71,0.821,0.7587939698492462,0
58,1,2,5,1,0,0,49,6,2,3,0.25242686160162287,1794,7994.0,0.778,0.07300314915545376,37,0.762,0.18391959798994972,0
56,0,0,0,1,4,0,38,1,1,2,0.021304383315647706,1194,949.0,0.49,0.2378471228170627,82,0.907,0.5597989949748744,0
36,1,2,2,1,2,0,28,6,2,2,0.033306426988575395,1402,1138.0,1.127,0.10615516747781277,61,0.794,0.5547738693467337,0
54,1,3,0,2,1,0,42,1,2,1,0.12605773678339185,1775,3833.0,0.522,0.21729172630976237,77,0.75,0.3185929648241206,0
55,0,2,0,1,4,0,36,6,3,4,0.04621542610278224,2129,838.0,1.075,0.09430289149728027,59,0.788,0.7216080402010049,0
39,1,3,0,2,0,0,30,4,2,1,0.2238275333532864,0,8842.0,0.624,0.22691096478671627,79,0.756,0.0,0
39,1,3,2,2,2,0,23,1,2,3,0.19296081650175195,2517,5304.0,0.408,0.084740910392213,43,0.344,0.3236180904522613,1
41,1,3,2,2,1,0,36,2,3,2,0.22615538565256957,1723,7196.0,0.848,0.7551674778127684,96,0.714,0.19396984924623115,0
26,1,0,3,2,1,0,15,3,1,3,0.05700819585400437,0,3324.0,0.537,0.025880332092756943,22,0.692,0.0,1
50,1,2,3,2,2,0,40,6,2,2,0.11311850582114236,1211,3969.0,0.809,0.16701975379330086,74,0.85,0.23517587939698492,0
45,1,2,2,1,2,3,36,3,2,3,0.8764122052016918,1721,28707.0,0.717,0.2088748926424277,69,0.605,0.057286432160804014,0
39,1,3,5,2,3,0,36,4,2,1,0.3379829915622912,1585,11033.0,0.586,0.24265674205553964,82,0.864,0.12663316582914572,0
40,1,3,2,0,4,3,36,1,3,2,0.3014326872787407,1658,9751.0,0.989,0.23744632121385625,58,0.706,0.14572864321608037,0
45,0,3,3,2,4,0,35,3,2,6,0.06269178328602049,2517,995.0,0.597,0.07277411966790724,48,0.548,0.7206030150753768,1
49,0,5,2,0,1,0,40,6,4,2,0.04479452924477822,0,2920.0,0.516,0.10168909247065559,39,0.625,0.0,1
38,1,2,3,1,1,0,32,3,2,2,0.0,0,1438.3,0.846,0.08411107930146006,39,0.56,0.0,0
48,0,3,2,2,4,0,43,6,2,2,0.029769300767586625,1773,650.0,0.574,0.08634411680503865,64,0.362,0.7356783919597989,0
52,0,3,2,2,1,0,45,5,3,1,0.13951090916236622,577,5476.0,0.85,0.25794446034927,64,1.37,0.09547738693467336,0
51,0,1,3,2,4,0,43,4,3,2,0.04198296737681278,1308,1519.0,0.79,0.15808760377898654,55,0.618,0.4653266331658291,0
45,1,3,2,1,3,0,28,5,3,1,0.9161670853777621,1332,30411.0,0.665,0.2154594904093902,73,0.622,0.04221105527638191,0
44,1,2,3,1,3,0,38,6,3,3,0.2341365935358263,2191,6992.0,0.582,0.2274835385055826,69,0.643,0.2402010050251256,0
52,1,2,5,2,3,0,36,3,1,4,0.6247320702467222,1515,20588.0,0.506,0.05788720297738334,29,0.318,0.06934673366834171,0
52,0,3,5,1,4,0,47,6,3,2,0.03258086263555205,1486,1030.0,0.503,0.19793873461208128,77,0.54,0.5939698492462311,0
33,1,2,1,1,2,0,28,3,3,3,0.07892628568491764,0,4049.0,0.898,0.06939593472659605,35,1.5,0.0,0
30,1,1,2,1,3,0,19,5,3,2,0.2575965076169141,2377,7582.0,1.1,0.058975093043229315,39,0.696,0.2402010050251256,0
40,0,4,0,2,4,0,20,4,3,2,0.041196939327704164,1731,1070.0,0.644,0.23120526767821356,83,0.93,0.6211055276381909,0
65,1,0,2,2,1,0,49,3,2,3,0.37737508956184984,1201,12720.0,0.556,0.21878041797881476,75,0.923,0.08643216080402008,0
52,0,4,3,2,4,0,47,6,2,3,0.18231920599074303,2338,5131.0,0.441,0.03904952762668194,33,0.32,0.314572864321608,0
59,0,1,0,1,1,0,49,2,2,1,0.061754595996698684,603,2878.0,0.692,0.23051817921557397,81,0.473,0.1738693467336683,0
38,0,2,2,2,4,0,30,4,1,4,0.5489105953557836,610,18985.0,0.582,0.20320641282565127,65,0.585,0.03115577889447236,0
46,1,4,0,2,0,0,36,1,2,2,1.0000000000000002,585,33931.0,0.802,0.7895219009447466,96,0.655,0.017085427135678392,0
56,1,1,5,2,3,0,45,3,1,2,0.4894445502559126,1414,16214.0,0.603,0.1981677640996278,76,0.617,0.08040201005025126,0
46,0,3,2,1,1,0,39,6,3,2,0.0005653355583973563,563,894.0,0.711,0.19679358717434867,69,0.568,0.3879396984924623,0
49,0,2,5,1,4,0,34,6,2,4,0.11499288039978597,1465,3777.0,1.025,0.20429430289149725,68,0.789,0.2804020100502513,0
46,1,3,5,1,1,0,36,4,2,4,0.09881884169697411,1121,3586.0,0.604,0.15219009447466358,71,0.651,0.23919597989949745,0
49,0,4,2,1,1,0,41,5,1,2,0.1454665832267661,644,5606.0,1.06,0.10896077870025765,41,1.158,0.10351758793969848,0
57,0,0,2,1,4,0,42,5,1,4,0.02834840390958259,1515,861.0,0.72,0.18694531920984825,71,0.614,0.6412060301507537,0
56,0,1,5,1,4,0,47,6,1,2,0.04787817774512739,1627,1395.0,0.835,0.22101345548239335,82,0.783,0.5407035175879397,0
35,1,4,3,2,3,0,26,2,1,1,0.689639847994268,0,24250.0,0.753,0.6906956770684225,99,0.768,0.0,0
46,1,3,0,1,3,0,32,4,2,5,0.5871538831297218,1496,19364.0,0.816,0.1663326653306613,56,0.697,0.07236180904522611,0
51,1,0,2,1,2,0,43,4,1,2,0.07130785997817263,1202,2595.0,0.695,0.20961923847695388,65,0.757,0.3185929648241206,0
43,0,3,2,1,4,0,32,2,3,3,0.20786511758677298,1349,6965.0,0.531,0.25754365874606355,80,0.702,0.1628140703517588,0
44,0,4,3,2,1,0,38,6,3,3,0.1947747273843103,2517,5364.0,0.738,0.14531920984826796,77,0.711,0.32060301507537686,0
46,1,4,2,1,2,0,33,6,2,2,0.6079533945830575,1180,20368.0,0.52,0.06023475522473519,38,0.652,0.055276381909547735,0
61,1,0,5,1,3,0,48,2,1,0,0.11862070216490267,1274,4088.0,1.015,0.07706842255940452,41,0.783,0.23919597989949745,0
44,0,3,5,2,4,0,36,5,3,3,0.08672610247991852,0,4307.0,0.745,0.06286859433152019,37,0.542,0.0,0
53,1,2,2,1,2,0,36,6,3,3,0.12639028711186087,1310,4309.0,1.276,0.0736329802462067,30,1.143,0.23417085427135678,0
54,0,1,2,1,4,0,39,3,2,4,0.03874815963625041,1694,1026.0,0.843,0.26183796163756085,81,0.761,0.6261306532663315,0
42,0,1,2,2,4,0,34,5,1,3,0.06335688394295855,1175,2359.0,0.737,0.7476667620956198,94,0.808,0.3336683417085427,0
33,0,3,2,2,1,3,36,2,3,3,0.5488803635077408,971,18623.0,0.761,0.6813054680790152,111,0.542,0.05025125628140703,0
45,1,3,2,2,3,0,36,6,1,3,0.3437875063864779,0,12810.0,1.363,0.15138849126825077,74,1.114,0.0,0
36,0,4,2,1,4,0,31,5,2,0,0.4311575472297046,1276,14424.0,1.389,0.09728027483538505,48,0.778,0.0814070351758794,0
43,0,3,0,2,4,0,28,3,1,3,0.0,0,1438.3,0.83,0.22628113369596334,54,0.636,0.0,0
53,0,3,5,2,4,0,35,6,3,1,0.25236639790553755,0,9786.0,0.701,0.01660463784712282,25,0.562,0.0,1
46,1,2,2,0,2,0,37,6,1,1,0.03799236343518444,1657,1038.0,0.813,0.20257658173489834,53,0.963,0.6180904522613064,0
53,0,2,3,2,4,0,46,6,1,2,0.053229214848674496,0,3199.0,1.047,0.24477526481534498,59,0.639,0.0,1
56,1,2,1,1,2,0,45,6,2,0,0.025536842041617165,1430,853.0,2.316,0.06933867735470942,27,0.588,0.629145728643216,0
48,1,2,1,2,4,0,43,3,3,2,0.1362458695737612,1685,4260.0,0.9,0.17566561694818206,67,0.718,0.2844221105527638,0
43,0,4,3,0,1,0,34,5,1,1,0.13893650404955607,1579,4455.0,0.753,0.23945032922988832,67,0.914,0.2633165829145728,0
37,0,2,5,2,4,0,26,4,2,2,0.03469709199853679,835,1751.0,0.721,0.2492413398225021,73,0.825,0.3246231155778894,0
48,1,4,3,1,3,0,36,6,2,4,0.5539593139789042,507,19255.0,0.85,0.1295734325794446,67,0.595,0.026130653266331655,0
47,1,4,2,1,2,0,34,6,3,0,0.2364946776831521,1605,7656.0,0.571,0.11096478671628972,44,0.419,0.1738693467336683,0
59,0,2,5,0,4,0,36,3,3,3,0.012839465863708786,1853,10.0,0.829,0.11062124248496995,40,0.29,0.9999999999999999,1
51,1,1,5,1,2,0,38,3,3,1,0.37163103843374845,1375,12356.0,0.878,0.8185513884912682,99,0.707,0.10050251256281406,0
38,1,1,2,1,2,0,31,6,3,3,0.18250059707899888,1473,6002.0,0.775,0.06080732894360148,30,0.429,0.1979899497487437,0
36,0,2,4,2,4,0,26,1,2,3,0.011569728245917947,1486,335.0,0.827,0.13134841110793014,43,0.387,0.8201005025125627,1
39,1,3,2,1,2,0,33,4,3,2,0.06163366860452813,1875,1602.0,0.907,0.07827082736902376,50,1.083,0.5417085427135678,0
42,0,1,0,0,4,0,22,5,3,2,0.029164663806733847,1105,1298.0,0.735,0.20933295161752075,77,0.711,0.4623115577889447,0
38,1,3,2,2,0,0,29,4,3,0,0.24985715451799853,941,8762.0,0.721,0.20956198110506727,81,1.025,0.09748743718592964,0
37,0,3,3,2,4,0,29,3,3,3,0.006490777774754597,0,1653.0,0.517,0.10042943028914973,35,0.296,0.0,1
38,0,2,2,1,4,0,36,6,3,4,0.0386574640921225,1591,1126.0,1.596,0.08783280847409104,33,1.062,0.5889447236180904,0
55,0,1,2,2,4,0,36,5,2,3,0.012023205966557537,572,1264.0,0.758,0.10707128542799886,34,0.789,0.31356783919597986,1
45,1,2,5,1,3,0,37,3,1,1,0.932250428536446,1845,30430.0,0.841,0.8237618093329516,88,0.796,0.057286432160804014,0
41,0,4,3,2,4,0,36,6,2,3,0.08358199028348406,2517,1686.0,0.771,0.05490981963927856,43,0.536,0.6020100502512562,1
39,0,2,2,0,4,0,36,5,2,3,0.01976255906547312,0,2092.0,0.422,0.08502719725164615,33,0.269,0.0,1
52,1,1,4,1,3,0,40,2,1,2,0.12339733415563961,2448,3072.0,0.862,0.7901517320354996,116,0.681,0.44522613065326627,0
53,0,2,0,2,4,0,45,6,3,3,0.14425730930506053,1083,5127.0,0.621,0.14686515888920698,62,0.59,0.17487437185929647,0
50,1,1,5,1,0,0,44,5,2,4,0.050357189284623786,1791,1313.0,1.048,0.19902662467792726,76,0.81,0.5798994974874371,0
44,1,1,2,1,4,0,34,6,2,0,0.04373641456328584,1895,990.0,0.387,0.04786716289722302,31,0.632,0.6603015075376885,0
48,1,5,0,1,4,0,39,2,3,1,0.16200340410608963,2239,4558.0,0.922,0.8955625536787861,112,0.778,0.33065326633165826,0
37,1,2,2,2,2,0,28,2,6,1,0.17869138422562636,994,6355.0,0.864,0.7695390781563126,109,0.847,0.135678391959799,0
44,0,1,5,1,4,0,39,4,2,1,0.0035280566665759766,0,1555.0,0.583,0.18786143716003434,65,0.711,0.0,0
47,0,3,2,0,4,0,36,3,3,2,0.022483425389310634,1566,616.0,0.574,0.1949613512739765,77,0.711,0.7216080402010049,0
33,1,2,2,2,0,0,15,4,2,2,0.7133113850116544,2300,22733.0,0.716,0.11445748640137417,71,0.578,0.09246231155778893,0
42,1,3,2,1,3,0,32,2,1,3,0.1843749716576425,1239,6298.0,0.854,0.4055539650730032,90,0.579,0.16482412060301507,0
41,1,4,0,0,2,0,35,5,3,2,0.01701146089359297,0,2001.0,0.791,0.22473518465502432,82,0.64,0.0,0
35,0,2,2,1,1,0,25,3,1,2,0.0,0,1438.3,0.744,0.22353277984540507,73,0.78,0.0,0
46,1,3,3,1,0,0,35,2,2,3,0.10513729793788568,1122,3794.0,0.659,0.24523332379043802,87,0.706,0.22914572864321606,0
44,1,2,0,1,2,0,36,5,3,4,0.3262228026737046,997,11232.0,0.811,0.2149441740624105,75,0.596,0.08241206030150754,0
45,1,4,3,2,0,0,37,4,3,3,0.038173754523440274,1986,715.0,0.538,0.24259948468365303,76,0.854,0.7386934673366833,0
41,0,1,0,1,4,0,32,6,3,3,0.0237833948551441,0,2225.0,1.06,0.2511880904666476,84,0.75,0.0,0
61,1,1,2,1,2,0,55,6,2,3,0.055194284971446024,1348,1916.0,0.756,0.06498711709132551,32,0.524,0.41507537688442203,0
52,0,2,2,2,4,0,43,5,2,3,0.2694473920496286,1356,8995.0,0.828,0.23143429716576006,76,1.054,0.1316582914572864,0
47,0,2,3,1,4,0,32,3,2,1,0.3023094108719772,0,11438.0,0.815,0.2184941311193816,90,0.915,0.0,0
41,1,1,0,1,1,0,32,3,4,2,0.2794541337517421,1334,9348.0,0.702,0.38946464357286,92,0.614,0.12562814070351758,0
48,1,2,2,1,3,0,35,5,2,4,0.10885581524713026,0,5039.0,0.757,0.049241339822502145,23,0.769,0.0,0
36,1,4,2,2,3,0,36,5,3,2,0.26536609256387234,1822,8394.0,0.778,0.11669052390495276,69,0.683,0.17889447236180903,0
52,0,1,2,1,4,0,38,3,1,3,0.07058229562514928,1291,2482.0,0.878,0.2385914686515889,75,0.667,0.3437185929648241,0
48,0,2,2,1,4,0,36,2,1,2,0.057159355094217566,0,3329.0,0.814,0.8223876324076724,98,0.815,0.0,0
49,1,2,3,0,1,0,39,2,3,4,0.4051279260649924,512,14327.0,0.176,0.05284855425135987,26,0.13,0.035175879396984924,1
54,0,0,2,1,4,0,44,6,3,1,0.04555032544584419,2206,739.0,0.983,0.05571142284569139,35,0.842,0.7527638190954773,0
41,0,3,2,1,1,0,30,1,2,3,0.11846954292468947,1272,4085.0,0.708,0.4122530775837389,97,0.54,0.2381909547738693,0
37,0,2,3,2,1,0,27,4,1,2,0.02314852604624868,919,1285.0,0.712,0.23046092184368736,82,1.0,0.41909547738693465,0
45,1,1,5,0,2,0,39,4,2,0,0.613183504294434,1247,20474.0,0.657,0.19507586601774976,63,0.658,0.057286432160804014,0
51,1,2,2,1,3,0,40,3,2,4,0.05598031302055464,2461,829.0,0.797,0.17526481534497565,80,0.739,0.7517587939698491,0
44,0,2,5,0,1,0,27,4,2,3,0.12605773678339185,1243,4365.0,0.497,0.18889206985399368,74,0.396,0.22311557788944722,0
45,0,3,5,2,4,0,36,3,3,3,0.07829141687602223,710,3318.0,0.731,0.014944174062410536,22,0.833,0.17688442211055275,1
61,0,1,2,2,4,0,52,3,3,1,0.0,0,1438.3,0.925,0.1734898368164901,67,0.861,0.0,0
42,0,3,3,1,4,0,33,5,2,4,0.1635452283562642,0,6848.0,0.962,0.19902662467792726,82,0.822,0.0,0
46,1,4,2,1,0,3,36,4,1,3,1.0000000000000002,1380,33136.0,0.66,0.09350128829086744,56,0.4,0.04020100502512563,0
55,1,2,2,2,3,3,36,5,1,1,1.0000000000000002,1316,33200.0,0.818,0.17245920412253077,60,0.714,0.03819095477386934,0
45,1,4,2,1,1,0,30,6,3,3,0.013716189456945319,1049,843.0,1.122,0.23063269395934724,60,1.609,0.5567839195979899,0
46,1,3,5,1,4,3,33,5,2,2,0.340008525381148,0,12685.0,0.674,0.2246779272831377,74,0.574,0.0,0
46,0,3,2,1,1,0,38,4,3,3,0.05068973961309282,1136,1979.0,0.499,0.1817348983681649,70,0.458,0.36683417085427134,0
55,1,2,2,1,0,0,50,3,2,0,0.2865283861937196,1536,9380.0,1.317,0.06080732894360148,34,1.0,0.1417085427135678,0
65,1,0,5,2,4,0,54,3,1,5,0.03645053918500985,1691,953.0,0.755,0.16976810764385913,70,0.628,0.6432160804020101,0
39,0,3,2,1,4,0,32,5,6,3,0.05389431550561256,0,3221.0,0.678,0.07071285427998855,40,0.6,0.0,0
49,1,3,3,2,0,0,43,1,2,1,0.6119439985246858,1587,20093.0,0.605,0.22215860292012593,86,0.72,0.07336683417085427,0
44,1,4,4,1,2,0,36,3,2,2,0.0507502033091781,1400,1717.0,0.913,0.22107071285427995,85,0.809,0.45125628140703516,0
51,1,4,3,1,3,0,41,5,2,0,0.4371132212941045,1437,14460.0,0.584,0.0501002004008016,43,0.387,0.09045226130653265,0
51,1,2,3,1,2,0,38,5,3,2,0.6316551634484865,1748,20584.0,0.841,0.045118809046664765,28,0.647,0.07839195979899496,0
60,0,1,5,2,4,0,50,6,3,3,0.18201688751031664,1717,5742.0,1.001,0.21746349842542226,68,0.581,0.23115577889447236,0
51,0,1,2,1,4,0,39,5,3,2,0.0,0,1438.3,0.885,0.11233896364156885,35,0.296,0.0,1
46,1,2,4,1,3,0,26,1,3,1,1.0000000000000002,714,33802.0,0.883,0.7872316060692814,97,0.764,0.021105527638190954,0
40,0,3,5,2,4,0,33,4,3,2,0.07151948291447108,1917,1887.0,0.744,0.7896364156885198,102,0.759,0.5065326633165829,0
29,0,0,4,2,4,1,36,4,1,4,1.0000000000000002,1452,33064.0,0.887,0.1034068136272545,49,1.13,0.04221105527638191,0
30,1,0,2,1,2,0,36,3,5,3,0.5161997357736481,2517,15996.0,0.524,0.05937589464643572,33,0.941,0.13668341708542714,0
45,0,3,5,2,4,0,30,3,2,3,0.018764908080066034,1118,941.0,0.788,0.20498139135413682,71,1.152,0.5457286432160804,0
54,1,5,3,1,3,0,48,2,1,3,0.18216804675052983,0,7464.0,0.865,0.48903521328371025,74,1.0,0.0,1
41,1,3,3,1,1,0,33,4,2,1,0.09165389371086866,680,3790.0,1.608,0.022960206126538787,18,1.571,0.15276381909547737,0
50,0,3,3,2,4,0,42,1,3,2,0.0011699725192501342,0,1477.0,0.685,0.23761809332951614,80,0.778,0.0,0
45,0,2,2,1,4,0,34,5,3,1,0.1188927887972864,1499,3872.0,0.737,0.15757228743200685,66,0.65,0.2804020100502513,0
51,1,2,2,1,3,0,35,4,2,2,0.14410615006484734,2264,3941.0,0.773,0.2333237904380189,88,0.725,0.36683417085427134,0
47,0,1,1,1,1,0,36,2,3,2,0.0,0,1438.3,0.838,0.11760664185513885,42,0.448,0.0,1
46,0,4,0,1,1,0,33,4,1,1,0.029769300767586625,429,1994.0,0.625,0.23973661608932148,80,0.739,0.1778894472361809,0
49,1,5,2,2,3,0,30,3,2,1,0.5882119978112142,1808,19087.0,0.572,0.15344975665616947,65,0.667,0.08743718592964823,0
58,1,3,2,1,0,0,52,4,5,3,0.3313319849929106,0,12398.0,0.785,0.21173776123675922,93,0.788,0.0,0
30,1,2,2,0,0,0,14,3,2,3,0.0033164337302775057,0,1548.0,0.828,0.11915259089607787,64,0.455,0.0,0
48,0,1,2,1,4,0,41,3,2,2,0.0,1197,241.3,0.917,0.251130833094761,78,0.696,0.836180904522613,0
43,1,3,5,1,0,0,37,1,2,3,0.4677078515132551,1171,15738.0,0.767,0.8708846263956485,120,0.739,0.06934673366834171,0
38,1,2,2,2,1,0,24,6,3,2,0.39886993352016614,1158,13474.0,0.501,0.04975665616948183,36,0.5,0.0793969849246231,0
36,1,3,2,2,2,0,36,3,1,1,0.30974644549046637,1786,9898.0,0.806,0.13965073003149153,88,0.796,0.1537688442211055,0
39,0,3,2,2,4,0,36,4,3,4,0.0,0,1438.3,1.022,0.23006012024048092,69,0.917,0.0,0
54,1,0,3,1,3,0,36,3,1,2,0.44887341018269106,1710,14576.0,1.223,0.11577440595476667,49,1.227,0.10552763819095476,0
62,1,0,2,1,3,0,56,5,3,2,0.8362643110010672,1228,27872.0,0.722,0.25828800458058976,74,0.805,0.04221105527638191,0
41,1,4,2,1,1,0,24,4,2,2,0.0050396490687079284,0,1605.0,0.637,0.22261666189521898,68,0.659,0.0,0
45,1,3,5,2,3,0,39,3,1,0,0.5005698703356037,864,17132.0,0.597,0.0606355568279416,30,0.667,0.04824120603015075,0
56,1,2,2,2,3,0,36,1,2,2,0.0,0,1438.3,0.65,0.09121099341540223,37,0.542,0.0,1
49,1,5,0,1,1,0,40,4,3,4,0.07653796968954915,892,3078.0,0.772,0.7539078156312625,102,0.759,0.22613065326633164,0
32,1,0,3,1,2,3,27,2,2,2,0.8356899058882571,1396,27685.0,2.204,0.05771543086172344,36,0.714,0.04824120603015075,0
56,1,3,0,1,0,0,50,3,2,0,0.24943390864540163,2250,7439.0,0.576,0.0359576295448039,19,0.727,0.23316582914572864,0
44,1,2,2,2,1,0,34,5,3,1,0.11768351487558085,1993,3338.0,0.777,0.07077011165187518,39,0.625,0.37587939698492456,0
57,1,1,2,2,3,0,36,2,3,2,0.26621258430906625,861,9383.0,0.78,0.03418265101631836,29,0.381,0.08442211055276382,1
49,0,1,2,0,4,0,44,5,2,2,0.2191415969066773,1763,6924.0,0.796,0.9329516175207557,123,0.708,0.20402010050251257,0
50,1,3,2,2,0,0,42,3,1,3,0.9842794390178277,949,33047.0,0.846,0.1740051531634698,77,0.571,0.028140703517587937,0
46,1,2,2,2,3,0,36,2,2,2,0.10930929296776984,2517,2537.0,0.605,0.08571428571428572,39,0.393,0.500502512562814,1
49,1,3,3,1,2,0,37,5,2,1,0.07460313141482028,0,3906.0,1.214,0.07019753793300887,32,1.0,0.0,0
53,0,3,5,2,4,0,48,6,2,1,0.015560332187546301,1215,738.0,0.667,0.21316919553392497,72,0.8,0.6251256281407035,0
45,1,3,2,2,1,0,38,1,3,1,0.06991719496821122,1869,1882.0,0.926,0.5134268537074148,106,0.71,0.500502512562814,0
60,0,0,2,2,4,0,36,3,3,2,0.04926884275508878,0,3068.0,0.897,0.2292012596621815,79,0.795,0.0,0
40,1,2,3,1,3,0,32,4,3,3,0.8611451219401591,0,29923.0,0.937,0.11440022902948756,52,0.793,0.0,0
41,1,3,2,2,1,0,37,3,3,2,0.19350498976651945,1544,6295.0,0.715,0.4222158602920126,83,0.804,0.1979899497487437,0
52,0,2,2,2,1,0,44,2,3,3,0.2291181067607482,2359,6658.0,0.895,0.23028914972802747,81,0.8,0.2633165829145728,0
54,0,3,1,1,1,0,39,3,1,3,0.020367196026325897,1594,518.0,1.204,0.046263956484397364,29,2.222,0.7587939698492462,0
61,1,0,3,1,3,0,50,4,1,3,0.041166707479661536,2448,352.0,0.549,0.051703406813627256,40,0.481,0.8783919597989949,0
35,0,3,2,2,1,0,22,3,1,3,0.030313474032354133,1670,771.0,0.697,0.20469510449470368,73,0.553,0.6874371859296482,0
34,0,4,2,2,4,3,29,6,2,2,0.8846957315653748,673,30029.0,0.721,0.1215001431434297,64,0.524,0.022110552763819093,0
41,0,5,3,1,1,3,36,2,1,1,0.5394177950703949,1805,17476.0,0.893,0.8527340395075866,110,0.692,0.09447236180904522,0
43,0,3,5,2,4,0,36,5,5,3,0.03669239396935096,0,2652.0,0.665,0.23738906384196964,78,0.773,0.0,0
54,1,5,0,2,2,0,45,6,1,3,0.5732774648781506,0,20401.0,0.723,0.23515602633839103,75,0.562,0.0,0
39,0,2,2,1,4,0,28,4,3,0,0.0,0,1438.3,1.017,0.2037789865445176,73,0.872,0.0,0
46,1,2,2,1,2,0,36,3,2,2,0.13022973181327605,1572,4174.0,0.937,0.16696249642141425,56,1.0,0.27537688442211056,0
44,0,1,2,2,4,0,33,1,3,1,0.02336014898254716,768,1443.0,0.745,0.40062983109075295,88,0.66,0.34874371859296477,0
40,0,3,3,2,1,0,36,5,3,2,0.11142552233075456,2235,2889.0,0.542,0.0359576295448039,42,0.355,0.4381909547738693,0
50,0,3,3,1,4,0,31,3,1,4,0.14673632084455693,0,6292.0,0.515,0.18076152304609217,74,0.644,0.0,0
52,0,2,3,2,4,0,35,5,2,3,0.015590564035588936,808,1146.0,0.826,0.250042943028915,70,0.795,0.4160804020100502,0
42,1,3,2,1,2,0,36,5,3,3,0.4126556562276095,865,14223.0,0.939,0.033037503578585745,21,1.625,0.057286432160804014,0
33,0,4,0,1,1,0,26,1,2,3,0.04340386423481681,2517,357.0,0.73,0.24414543372459205,88,0.6,0.8804020100502512,0
44,0,2,2,1,4,0,39,5,1,0,0.16393824238081853,2101,4760.0,0.464,0.1971943887775551,63,0.909,0.307537688442211,0
50,0,1,5,1,4,3,36,4,2,2,0.3159137424911648,2090,9798.0,0.7,0.03475522473518465,30,0.765,0.17688442211055275,0
45,1,4,2,1,2,0,36,6,1,1,0.30412332175453555,1577,9921.0,0.756,0.1994846836530203,70,0.489,0.13768844221105528,0
48,0,4,2,1,4,0,36,5,3,0,0.06825444332586608,0,3696.0,0.916,0.1646149441740624,76,0.727,0.0,0
47,1,3,2,2,1,0,36,2,2,2,0.031462284257974406,1748,731.0,0.831,0.43011737761236757,85,0.545,0.708542713567839,0
29,1,0,2,1,2,0,23,3,3,2,0.1446805551776575,1092,5132.0,0.919,0.09687947323217865,39,0.56,0.1758793969849246,0
51,0,2,3,2,4,0,36,3,2,2,0.25671978402367757,0,9930.0,0.731,0.04271399942742628,21,1.333,0.0,0
35,0,2,0,1,4,0,18,3,3,2,0.13122738279868312,2517,3262.0,1.201,0.090008588605783,32,1.133,0.4381909547738693,0
49,0,4,5,2,4,0,44,4,2,2,0.036904016905649435,0,2659.0,0.84,0.2299456054967077,81,0.884,0.0,0
42,1,3,2,2,0,0,36,1,2,3,0.9130229731813276,2446,29193.0,0.632,0.37726882336100775,86,0.564,0.07738693467336683,0
46,0,3,2,1,4,3,41,6,3,2,1.0000000000000002,0,34516.0,0.896,0.18276553106212423,72,0.756,0.0,0
47,0,4,3,1,4,0,31,5,3,4,0.18963531321706167,988,6723.0,0.884,0.08863441168050386,42,0.68,0.128643216080402,0
44,1,2,2,1,3,0,36,2,2,2,0.5351853363444254,1933,17208.0,1.05,0.8401374176925279,114,0.781,0.10150753768844221,0
34,1,2,3,1,2,0,28,3,3,3,0.04276899542592139,2420,433.0,0.858,0.0698539937016891,47,0.808,0.8522613065326632,0
47,0,4,5,2,4,0,36,3,1,2,0.01976255906547312,1499,593.0,0.811,0.20612653879186943,80,1.162,0.7206030150753768,0
53,0,1,2,2,4,0,43,6,3,4,0.1436224404961651,0,6189.0,0.538,0.2561694818207844,65,0.806,0.0,0
43,1,4,0,1,1,0,30,1,1,2,0.179809962603204,656,6730.0,0.885,0.8680790151732035,126,0.68,0.08944723618090451,0
40,1,2,5,0,2,0,29,5,3,0,0.6700798423106806,0,23603.0,0.795,0.0487832808474091,31,1.067,0.0,0
47,1,4,2,1,3,0,36,3,2,4,0.29638396865561994,1561,9681.0,0.829,0.21276839393071856,81,0.8,0.13969849246231156,0
50,1,2,2,1,2,0,38,5,3,3,0.10078391181974564,1770,3002.0,0.545,0.20177497852848553,72,0.674,0.3728643216080402,0
47,0,2,2,1,4,0,34,6,2,2,0.02272528017365174,0,2190.0,0.63,0.22250214715144576,68,0.581,0.0,0
45,0,3,2,2,4,0,35,4,3,3,0.08379361321978254,0,4210.0,1.027,0.20870312052676782,58,0.933,0.0,0
40,0,4,2,2,4,0,25,4,2,3,0.0,0,1438.3,0.628,0.11239622101345549,42,0.5,0.0,1
58,1,3,2,1,0,0,52,3,3,3,0.4321551982151117,2101,13632.0,0.597,0.7704551961064987,97,0.764,0.13467336683417086,0
34,1,2,2,2,3,3,22,4,3,3,1.0000000000000002,1263,33253.0,0.603,0.12762668193529916,65,0.806,0.0371859296482412,0
41,0,3,0,1,4,0,37,3,1,2,0.0,765,673.3,0.644,0.2017177211565989,66,0.692,0.5346733668341709,0
52,0,1,4,2,1,0,48,1,5,3,0.009906976603572808,0,1766.0,0.769,0.23549957056971085,76,0.617,0.0,0
60,1,1,2,2,2,3,42,4,3,4,0.8242018036320543,0,28701.0,1.165,0.17097051245347836,57,0.727,0.0,0
38,1,3,3,2,3,0,29,2,1,3,0.059698830329799245,1801,1612.0,0.88,0.18900658459776695,45,0.667,0.5306532663316583,0
56,1,0,0,1,3,0,51,3,2,3,0.39490956142658046,0,14501.0,0.854,0.028685943315201832,25,0.389,0.0,1
51,0,4,2,2,4,0,44,5,3,3,0.0013513636075059704,0,1483.0,0.707,0.11394217005439451,40,0.429,0.0,1
46,0,3,3,2,4,3,39,1,0,4,0.35231288753450213,1962,11130.0,0.686,0.02324649298597194,25,0.25,0.1507537688442211,1
28,1,0,3,2,4,0,19,3,3,4,0.061724364148656057,0,3480.0,0.731,0.1267678213569997,75,0.829,0.0,0
41,0,3,2,1,4,0,30,5,3,3,0.006521009622797239,0,1654.0,0.329,0.06870884626395649,30,0.364,0.0,1
53,0,1,2,2,4,0,36,2,2,3,0.0,0,1438.3,0.672,0.015402233037503574,17,0.214,0.0,1
38,1,2,2,1,3,0,33,5,3,3,0.24734791113045954,2033,7587.0,0.667,0.06899513312338963,43,0.387,0.21206030150753766,0
41,1,4,5,0,2,3,36,4,2,3,0.9774772732082341,0,33771.0,0.791,0.18831949613512738,75,0.829,0.0,0
52,1,1,5,2,3,0,37,5,2,2,0.039141173660804725,1306,1427.0,0.791,0.03486973947895791,39,0.444,0.4804020100502512,0
46,1,3,0,2,3,3,32,2,1,3,1.0000000000000002,1954,32562.0,0.755,0.4044660750071572,69,0.725,0.057286432160804014,0
46,1,1,2,0,1,0,37,1,2,2,0.2994373853079265,1175,10168.0,0.699,0.44563412539364444,107,0.672,0.10452261306532662,0
43,1,3,2,2,1,0,38,6,1,1,0.03557381559177331,0,2615.0,0.589,0.049527626681935305,34,0.259,0.0,0
48,1,3,2,1,1,0,30,3,1,3,0.0543175613782095,2517,718.0,1.091,0.06338391067849986,43,0.87,0.7819095477386935,0
55,0,3,3,2,1,0,47,5,4,3,0.03775050865084332,1689,998.0,0.714,0.10535356427139995,34,0.789,0.6321608040201004,1
48,1,2,2,1,1,0,41,5,2,4,0.034576164606366235,1399,1183.0,0.559,0.09241339822502147,42,0.909,0.5447236180904522,0
42,0,4,3,1,4,0,31,5,1,2,0.00609776375020029,888,752.0,0.715,0.20292012596621814,73,0.872,0.543718592964824,0
41,1,2,3,1,0,0,36,4,3,2,0.28350520138945573,871,9945.0,0.606,0.1540795877469224,68,0.581,0.0814070351758794,0
48,1,4,4,2,0,0,38,5,2,0,1.0000000000000002,1639,32877.0,0.688,0.2535929000858861,74,0.805,0.04723618090452261,0
45,0,4,0,2,4,0,41,6,3,2,0.07094507780166096,2517,1268.0,0.574,0.10712854279988547,54,0.742,0.6683417085427136,1
43,0,2,5,2,4,0,24,2,3,2,0.046064266862569044,2517,445.0,1.046,0.022845691382765532,31,0.409,0.8542713567839195,1
40,0,3,1,2,4,0,27,1,1,2,0.044068964891754873,2100,796.0,0.728,0.23383910678499856,83,0.694,0.728643216080402,0
48,1,3,3,1,3,0,36,5,1,3,0.8809772142561303,1351,29228.0,0.759,0.04345834526195248,19,0.727,0.04422110552763819,0
51,1,1,5,1,2,0,44,4,2,3,0.10731399099695568,0,4988.0,0.619,0.19238476953907813,74,0.644,0.0,0
43,1,3,0,1,3,0,24,6,3,1,0.09939324680978426,1161,3565.0,0.698,0.23778986544517602,91,0.896,0.2472361809045226,0
41,1,3,4,2,3,0,30,4,2,2,0.49736529444308397,2517,15373.0,0.983,0.24626395648439733,81,0.8,0.1417085427135678,0
46,1,0,0,2,3,0,39,2,3,3,0.46994500826841046,0,16983.0,1.061,0.4578299456054967,79,0.837,0.0,1
42,1,1,0,1,2,3,29,5,2,2,0.7652194681008656,1204,25546.0,0.428,0.03441168050386488,29,0.318,0.045226130653266326,0
56,1,2,2,1,4,0,44,5,3,1,0.08923534586745754,0,4390.0,1.005,0.4537074148296593,69,0.769,0.0,1
42,0,2,2,1,4,0,23,6,3,1,0.03158321165014497,1297,1186.0,0.744,0.1687947323217864,64,0.939,0.5246231155778894,0
58,0,1,2,2,4,0,48,4,3,1,0.07197296063511066,1882,1937.0,0.809,0.2292012596621815,68,0.889,0.4954773869346733,0
44,1,5,2,0,2,0,36,3,3,6,0.1541733554630461,0,6538.0,0.556,0.0917263097623819,33,0.571,0.0,1
45,0,4,5,1,4,0,32,1,1,1,0.0573407461824734,2238,1097.0,0.644,0.2743200687088463,78,0.95,0.6743718592964824,0
52,0,2,5,1,4,0,42,6,3,0,0.12146249588091074,0,5456.0,0.337,0.16833667334669336,65,0.625,0.0,0
39,0,2,2,1,4,0,32,4,2,4,0.12684376483250046,2057,3577.0,1.399,0.1359862582307472,63,0.969,0.36683417085427134,0
54,0,1,4,1,4,0,40,4,1,2,0.043464327930902096,1267,1609.0,0.617,0.21597480675636987,74,0.51,0.44321608040201,0
45,1,3,2,2,2,0,35,6,2,1,0.5008117251199449,2517,15487.0,0.569,0.0858860578299456,45,0.452,0.1407035175879397,1
49,1,2,1,1,0,0,34,3,6,4,0.7765261792688125,2311,24813.0,0.73,0.8396793587174348,121,0.729,0.08542713567839195,0
63,1,0,0,2,2,0,51,4,2,1,0.03832491376365347,889,1817.0,0.73,0.25863154881190953,64,0.882,0.33065326633165826,0
37,0,3,1,1,4,0,36,3,5,2,0.0,0,1438.3,0.861,0.21666189521900941,82,0.864,0.0,0
54,1,3,3,1,0,0,42,6,3,2,0.5705565985543131,1655,18656.0,0.431,0.042141425708559985,34,0.308,0.0814070351758794,0
48,0,3,3,1,4,0,34,5,2,2,0.0017141457840176358,0,1495.0,0.802,0.1916976810764386,63,0.703,0.0,0
51,1,2,2,1,3,0,34,5,4,1,0.3672776523156084,2374,11213.0,0.789,0.25565416547380476,88,0.692,0.1758793969849246,0
39,1,3,3,1,0,0,36,6,3,2,0.05570822638817089,1682,1599.0,0.577,0.2049241339822502,69,0.5,0.5155778894472361,0
38,0,0,5,1,4,0,26,5,1,4,0.023934554095357295,0,2230.0,0.896,0.18528485542513598,63,0.909,0.0,0
39,1,3,2,2,3,0,30,5,3,3,0.25910810001904605,1604,8405.0,0.449,0.21855138849126823,75,0.786,0.16080402010050251,0
41,0,3,5,1,4,0,30,1,2,3,0.2434480027329591,0,9491.0,1.056,0.4884626395648439,51,1.684,0.0,1
33,1,1,2,2,2,0,36,4,3,2,0.01150926454983267,725,1094.0,0.737,0.09871170913255083,45,0.406,0.40100502512562813,1
42,0,4,2,1,1,0,36,6,2,2,0.07768677991516945,1636,2372.0,0.637,0.049527626681935305,43,0.955,0.41005025125628136,0
43,1,2,2,2,1,0,36,4,4,1,0.2106464476066958,0,8406.0,0.743,0.18837675350701402,75,0.63,0.0,0
49,0,4,3,2,4,0,36,3,3,4,0.35071059958824224,1840,11199.0,0.793,0.19925565416547378,69,0.5,0.1417085427135678,0
52,0,1,2,2,4,0,43,6,2,1,0.0,773,665.3,1.138,0.24964214142570854,63,0.909,0.5396984924623115,0
30,0,0,2,1,4,0,19,3,1,4,0.05365246072127144,2517,696.0,1.275,0.12230174634984255,46,1.0,0.7869346733668341,0
47,0,2,2,1,4,0,36,6,3,2,0.00770005169646016,1088,605.0,0.532,0.09012310334955626,40,0.739,0.6462311557788945,1
46,1,4,2,2,3,0,36,3,1,4,0.011479032701790036,0,1818.0,0.672,0.10180360721442887,44,0.467,0.0,1
60,0,2,5,1,1,0,52,4,3,2,0.0374179583223743,1740,936.0,0.735,0.1908388204981391,69,0.725,0.6532663316582914,0
57,1,2,3,2,2,3,45,5,2,3,0.9605474383043561,0,33211.0,0.732,0.17933008874892642,81,0.761,0.0,0
52,1,2,2,0,3,3,44,4,3,2,1.0000000000000002,751,33765.0,0.357,0.302089894073862,40,0.429,0.022110552763819093,1
62,1,0,2,1,2,0,36,6,3,3,0.06758934266892802,895,2779.0,0.658,0.06716289722301746,48,0.371,0.24522613065326632,0
43,1,3,0,1,2,0,33,4,3,4,0.24015273129631146,1455,7927.0,0.482,0.1650157457772688,71,0.821,0.1557788944723618,0
46,1,2,2,2,0,0,28,1,1,1,0.19202362921243016,1921,5869.0,0.789,0.803721729172631,131,0.617,0.24824120603015074,0
44,0,4,3,1,4,0,38,2,2,3,0.035604047439815954,2505,111.0,0.828,0.1171485828800458,42,0.5,0.9628140703517587,1
35,0,0,2,1,4,0,22,2,2,3,0.04748516372057308,2517,492.0,0.735,0.27477812768393933,82,0.745,0.8402010050251255,0
41,1,4,5,0,3,0,36,6,2,2,0.8643799296807215,2028,28002.0,0.601,0.07432006870884626,38,1.111,0.06834170854271357,0
51,0,2,2,1,4,0,36,1,2,2,0.02042765972241118,0,2114.0,0.875,0.13409676495848838,45,0.5,0.0,1
56,0,3,2,1,4,0,44,6,4,2,0.017888184486829502,1262,768.0,0.862,0.24740910392212997,84,0.867,0.6251256281407035,0
40,0,4,3,2,4,0,36,5,5,3,0.04515731142128988,1664,1268.0,0.612,0.24420269109647866,82,0.708,0.5708542713567838,0
41,1,3,2,1,0,0,36,2,2,1,0.132073874543877,1143,4664.0,0.785,0.4277125679931291,96,0.412,0.1979899497487437,0
51,0,2,1,0,4,0,40,6,3,4,0.22648793598103859,2517,6413.0,0.661,0.09373031777841397,38,0.357,0.2834170854271356,1
54,0,3,3,1,4,0,38,2,2,4,0.030646024360823164,1012,1440.0,0.46,0.10695677068422559,29,0.318,0.41507537688442203,1
46,0,5,3,1,4,0,35,3,1,3,0.08237271636177851,0,4163.0,0.743,0.24237045519610648,76,0.854,0.0,0
49,0,4,5,1,4,0,39,5,2,3,0.30554421861253955,1732,9813.0,0.871,0.19845405095906096,65,0.548,0.1507537688442211,0
58,0,1,2,1,4,0,40,1,2,3,0.07575194164044055,1006,2938.0,0.782,0.8465502433438306,124,0.851,0.2562814070351759,0
52,0,1,3,2,4,0,36,3,3,2,0.010783700196809333,0,1795.0,0.718,0.10025765817348985,55,0.618,0.0,1
53,0,2,2,1,4,0,36,3,4,3,0.034878483086792623,1364,1228.0,0.679,0.2105926137990266,68,0.7,0.528643216080402,0
26,0,1,0,2,4,0,16,4,3,3,0.03968534692557222,1599,1152.0,0.694,0.09962782708273689,44,0.333,0.5839195979899496,0
41,0,2,3,0,4,0,28,4,2,2,0.001200204367292776,524,954.0,0.751,0.09447466361294017,46,0.643,0.3567839195979899,1
44,1,4,2,0,2,0,29,4,2,2,0.19196316551634487,0,7788.0,0.296,0.03813340967649585,30,0.429,0.0,0
40,1,2,5,1,3,0,30,6,2,3,0.5852795085510782,1059,19739.0,1.049,0.4298883481248211,90,0.837,0.05125628140703517,1
38,0,2,3,1,1,0,28,3,2,2,0.17494263506833913,0,7225.0,0.419,0.011909533352419125,16,0.231,0.0,1
56,0,1,5,1,1,0,46,4,3,3,0.045066615877161965,1287,1642.0,0.497,0.19152590896077867,67,0.595,0.4412060301507537,0
44,1,0,3,0,3,0,34,5,2,2,0.11653470464996057,1236,4057.0,0.848,0.23143429716576006,90,0.8,0.23517587939698492,0
52,0,5,2,1,4,0,36,4,3,3,0.24707582449807577,0,9611.0,0.84,0.40687088462639565,64,0.829,0.0,1
43,1,1,3,1,3,3,30,1,1,3,1.0000000000000002,2045,32471.0,0.59,0.20332092756942455,54,0.421,0.05929648241206029,0
49,1,2,5,1,3,0,44,6,2,2,0.37625651118427217,1204,12680.0,0.575,0.23590037217291723,70,0.556,0.08743718592964823,0
55,1,2,0,1,3,0,50,4,2,4,0.535729509609193,2108,17051.0,0.69,0.07346120813054681,52,0.576,0.11055276381909547,0
53,1,4,2,1,0,0,38,5,2,3,1.0000000000000002,0,34516.0,0.854,0.451588892069854,72,0.714,0.0,1
43,0,4,2,2,1,0,24,6,1,1,0.15226874903635987,1686,4789.0,0.699,0.18935012882908672,65,0.667,0.26130653266331655,0
51,0,3,2,1,4,0,46,1,4,3,0.017464938614232553,395,1621.0,0.711,0.11125107357572288,44,0.571,0.19698492462311556,1
47,0,3,2,1,4,0,35,4,3,2,0.006883791799308904,0,1666.0,0.92,0.1308903521328371,38,0.52,0.0,1
62,0,0,5,1,4,0,50,5,1,2,0.07112646888991678,1648,2143.0,1.227,0.08748926424277126,34,0.789,0.43718592964824116,0
33,1,0,2,2,1,0,36,6,1,1,0.259531345891643,504,9519.0,0.942,0.13444030918980818,65,0.625,0.05025125628140703,0
52,0,1,0,2,4,0,43,5,2,3,0.0,604,834.3,0.81,0.21122244488977954,83,0.694,0.42211055276381904,0
38,1,2,3,2,2,1,18,1,2,3,1.0000000000000002,1494,33022.0,0.588,0.4211279702261666,85,0.635,0.04321608040201004,0
43,1,4,3,1,3,0,35,2,3,2,0.27661234003573404,503,10085.0,0.918,0.42118522759805327,70,0.75,0.04824120603015075,1
43,1,4,2,1,2,0,35,6,3,2,0.6940536978084934,1171,23225.0,0.655,0.024906956770684222,17,1.125,0.04824120603015075,0
41,0,2,3,1,1,0,26,5,1,2,0.0,0,1438.3,0.66,0.2158602920125966,67,0.675,0.0,0
57,0,3,3,1,4,0,36,6,2,3,0.04818049622555378,2215,817.0,0.408,0.04906956770684226,30,0.579,0.7346733668341707,0
43,1,3,5,1,3,0,36,6,1,2,0.8221762698131975,926,27708.0,0.622,0.23011737761236759,68,0.659,0.0321608040201005,0
41,1,2,3,1,0,0,24,5,2,3,0.25653839293542174,0,9924.0,0.517,0.08124821070712854,43,0.483,0.0,1
40,1,2,5,1,2,0,29,3,2,2,0.14794559476626248,318,6014.0,0.783,0.11308330947609506,43,0.536,0.05025125628140703,1
51,0,0,2,1,4,0,37,4,3,2,0.0023187827448704137,996,519.0,0.558,0.21723446893787574,89,0.854,0.6603015075376885,0
43,1,2,3,1,0,0,36,6,2,4,1.0000000000000002,1477,33039.0,0.324,0.07661036358431147,40,0.212,0.04321608040201004,1
46,1,2,2,0,3,0,30,3,3,3,0.040259752038382356,1286,1484.0,1.068,0.13684511880904665,74,0.721,0.4663316582914573,0
50,1,5,5,1,0,0,36,2,2,1,0.36398238087896073,0,13478.0,0.929,0.24093902089894073,56,0.867,0.0,0
50,1,2,2,1,3,0,44,3,3,0,0.09525148362794272,0,4589.0,0.845,0.06069281419982822,37,0.37,0.0,0
44,1,2,2,1,1,0,38,4,1,3,0.03224831230708302,2282,223.0,0.712,0.21774978528485542,77,0.833,0.9155778894472362,0
40,1,4,3,1,1,0,32,3,1,1,0.0,0,1438.3,0.657,0.21099341540223301,79,0.927,0.0,0
45,0,2,5,2,4,0,37,3,2,2,0.22630654489278276,0,8924.0,0.547,0.06813627254509018,42,0.4,0.0,1
43,0,1,5,2,4,0,36,1,3,2,0.011479032701790036,0,1818.0,0.758,0.10014314342971657,50,0.724,0.0,1
39,1,3,3,1,3,0,34,2,1,2,0.5000256970708362,1820,16158.0,0.85,0.8661322645290581,114,0.81,0.10150753768844221,0
48,0,2,4,0,4,0,37,3,4,2,0.0697358038799554,1291,2454.0,0.631,0.2534211279702262,88,0.796,0.3467336683417085,0
51,1,1,2,1,3,0,39,4,3,4,0.6960489997793076,946,23516.0,0.475,0.06750644145433725,37,0.542,0.03919597989949748,1
43,0,2,5,1,4,0,39,5,3,3,0.03917140550884735,2517,217.0,0.7,0.2248496993987976,86,0.955,0.9256281407035175,0
43,1,2,2,1,3,0,28,5,6,3,0.8742657439906645,1255,29102.0,0.788,0.22359003721729173,68,0.889,0.04120603015075377,0
42,0,4,2,1,4,0,37,3,1,3,0.039866738013828056,1785,972.0,0.735,0.18528485542513598,69,0.605,0.650251256281407,0
53,1,2,3,0,2,0,36,5,3,2,0.1909050508348525,2100,5653.0,0.839,0.026395648439736612,26,0.733,0.2723618090452261,0
53,1,0,3,2,0,3,44,2,4,4,1.0000000000000002,2297,32219.0,0.416,0.0533066132264529,43,0.536,0.06733668341708543,1
35,1,2,5,2,2,0,16,6,3,2,0.509095251483628,0,18278.0,0.798,0.08897795591182364,61,1.103,0.0,0
58,0,3,2,1,1,0,46,5,3,1,0.09767003147135384,1913,2756.0,0.591,0.21946750644145432,73,0.973,0.41206030150753764,0
44,0,2,3,2,4,0,31,3,3,3,0.0020466961124866664,168,1338.0,0.671,0.10203263670197539,44,0.467,0.11256281407035175,1
62,1,0,2,2,3,0,56,4,3,3,0.0,0,1438.3,0.794,0.17738333810478096,74,0.644,0.0,0
41,0,4,2,2,4,0,25,2,2,3,0.8421595213693818,0,29295.0,1.411,0.5344975665616948,65,0.711,0.0,1
27,1,0,4,2,4,0,22,5,2,2,0.1720706095042884,873,6257.0,0.53,0.11268250787288862,37,0.321,0.12261306532663316,0
34,0,2,0,2,4,0,22,5,2,0,0.007760515392545436,761,934.0,0.797,0.25050100200400804,91,0.75,0.45125628140703516,0
46,1,2,0,0,2,0,37,1,3,1,0.2610731701418176,1223,8851.0,0.955,0.4423704551961065,99,0.623,0.121608040201005,0
47,0,5,4,0,4,0,30,4,1,2,0.10816048274214957,2286,2730.0,0.669,0.9452046951044947,122,0.649,0.4582914572864321,0
32,1,1,2,1,4,0,36,5,3,3,0.14093180602037023,1520,4580.0,0.853,0.0651588892069854,32,0.882,0.250251256281407,0
47,0,4,2,1,4,0,34,5,3,4,0.014744072290395045,879,1047.0,0.536,0.22072716862296018,71,0.614,0.4582914572864321,0
38,0,3,3,2,4,0,24,6,3,3,0.378282045003129,1607,12344.0,0.932,0.2316633266533066,70,0.591,0.11557788944723618,0
53,0,2,2,2,1,0,42,6,2,0,0.11771374672362347,0,5332.0,0.939,0.04815344975665617,39,1.167,0.0,0
35,0,2,3,1,4,0,22,4,3,3,0.03342735438074595,1848,696.0,0.804,0.10071571714858289,49,0.441,0.7296482412060301,0
40,0,2,5,1,4,0,28,3,2,2,0.010753468348766698,1019,775.0,0.692,0.22473518465502432,63,0.658,0.5708542713567838,0
57,1,1,3,1,1,0,48,5,1,3,0.03342735438074595,1927,617.0,0.939,0.04672201545949041,30,0.364,0.7608040201005024,0
34,1,1,2,1,1,0,36,6,2,3,0.06943348539952901,1285,2450.0,1.034,0.07712567993129116,33,1.2,0.3457286432160803,0
63,0,0,0,1,1,0,53,6,1,4,0.05078043515722073,1528,1590.0,0.604,0.043572860005725744,24,0.6,0.4924623115577889,0
56,0,2,0,2,4,0,43,1,3,1,0.11535566257629765,0,5254.0,0.651,0.2299456054967077,89,0.712,0.0,0
37,1,3,2,1,2,0,24,3,1,2,0.3160951335794206,816,11078.0,1.561,0.10924706555969081,45,0.607,0.06934673366834171,0
34,1,1,2,1,3,0,36,5,3,2,0.14737118965345233,782,5531.0,0.931,0.06716289722301746,34,0.889,0.12462311557788944,0
41,0,3,3,1,1,0,35,3,3,3,0.03645053918500985,1794,850.0,0.863,0.20332092756942455,72,0.8,0.6824120603015075,0
52,0,2,3,1,1,0,44,3,3,1,0.12977625409263646,0,5731.0,0.685,0.24168336673346694,85,0.932,0.0,0
53,0,1,2,2,4,0,46,6,4,4,0.025022900624892312,0,2266.0,0.565,0.17772688233610076,66,0.65,0.0,0
39,0,2,2,1,4,0,33,3,1,3,0.054801270946891724,1937,1314.0,0.685,0.2149441740624105,85,0.809,0.5989949748743718,0
43,0,3,4,2,1,0,24,3,3,4,0.11317896951722764,1607,3575.0,0.874,0.26939593472659606,92,0.586,0.3115577889447236,0
46,1,4,3,1,3,0,37,3,2,3,0.4261692923026692,1302,14233.0,0.461,0.1825365015745777,66,0.61,0.08442211055276382,0
32,0,0,5,1,4,0,36,6,3,2,0.22228570910311177,0,8791.0,0.894,0.11732035499570569,51,0.594,0.0,1
45,1,3,2,2,2,0,38,1,3,3,0.054559416162550604,1580,1663.0,1.075,0.8691669052390495,122,0.743,0.48944723618090447,0
34,0,2,2,2,4,0,24,6,3,3,0.05008510265224004,2010,1085.0,0.668,0.19301460062983108,77,0.711,0.6522613065326632,0
54,0,3,5,2,4,0,47,3,3,3,0.18256106077508413,1960,5517.0,1.008,0.17681076438591467,76,0.583,0.2633165829145728,0
49,0,1,5,0,4,0,36,2,3,2,0.012083669662642814,0,1838.0,0.65,0.2648726023475523,72,0.895,0.0,0
53,1,1,2,2,0,0,45,6,2,3,0.258866245234705,0,10001.0,0.676,0.20824506155167477,74,0.644,0.0,0
44,0,2,2,0,1,0,36,1,1,2,0.05044788482875171,1995,1112.0,0.668,0.401087890065846,87,0.673,0.6452261306532663,0
40,0,3,5,1,4,0,29,4,1,2,0.031794834586443436,2225,265.0,0.566,0.16083595762954478,71,0.543,0.8984924623115578,0
50,1,2,4,1,3,0,42,6,1,1,0.25499656868524717,1276,8597.0,0.791,0.2337818494131119,82,0.745,0.12964824120603013,0
41,0,2,2,1,4,3,33,4,2,0,0.32839949573277466,2250,10051.0,0.484,0.04448897795591182,29,0.261,0.18391959798994972,0
52,1,2,2,1,3,0,37,1,3,1,1.0000000000000002,1369,33147.0,0.764,0.41311193816203834,82,0.64,0.04020100502512563,0
65,0,0,2,1,1,0,56,5,3,0,0.046034035014526416,1570,1391.0,0.908,0.08056112224448898,57,0.781,0.5326633165829145,0
47,0,3,2,2,4,0,38,4,2,3,0.0,0,1438.3,1.001,0.17068422559404522,64,0.882,0.0,0
41,1,4,2,1,3,0,31,3,3,2,0.554563950939757,868,18914.0,0.808,0.11480103063269397,44,0.467,0.04422110552763819,1
54,1,2,2,1,3,0,42,4,2,3,0.325860020497193,0,12217.0,1.075,0.03320927569424563,21,0.75,0.0,0
49,0,2,5,1,4,0,35,5,2,3,0.01943000873700409,0,2081.0,1.004,0.24809619238476951,87,0.706,0.0,0
43,0,3,2,1,1,0,28,5,3,3,0.2937537978759104,1583,9572.0,1.061,0.1702834239908388,60,0.765,0.14271356783919595,0
51,0,0,1,1,4,0,46,1,3,3,0.3683659988451434,1432,12191.0,0.594,0.2292585170340681,83,0.886,0.10552763819095476,0
40,1,2,2,1,1,0,36,5,2,2,0.031915761978614,1492,1002.0,0.744,0.16472945891783566,61,0.694,0.601005025125628,0
48,0,2,2,2,4,0,38,2,1,2,0.22500657542694932,1901,6980.0,0.808,0.8588605782994561,110,0.692,0.21507537688442208,0
57,1,3,0,1,2,0,50,6,3,4,0.4641404934442238,1181,15610.0,0.55,0.14045233323790438,74,0.682,0.07035175879396985,0
54,0,1,2,2,4,0,36,1,3,3,0.06907070322301734,1728,1995.0,0.595,0.45943315201832235,99,0.678,0.4663316582914573,0
34,0,2,5,2,4,0,24,6,2,2,0.0,0,1438.3,0.827,0.19524763813340965,82,0.952,0.0,0
35,1,3,2,1,2,0,25,5,3,3,0.11493241670370069,1451,3789.0,1.198,0.09401660463784713,38,0.81,0.27839195979899495,0
49,1,3,0,2,2,1,36,5,3,1,1.0000000000000002,1255,33261.0,0.731,0.18992270254795304,73,0.698,0.03618090452261306,0
49,0,1,2,1,4,0,44,2,1,1,0.2069581621454938,797,7487.0,0.824,0.7192671056398511,102,0.569,0.0964824120603015,0
52,0,3,4,1,4,0,45,2,4,1,0.009725585515316972,0,1760.0,0.046,0.05863154881190953,35,0.029,0.0,1
44,0,4,0,2,1,3,39,2,1,3,0.47278680198441847,2179,14898.0,0.738,0.3928428285141712,75,0.705,0.128643216080402,0
53,0,0,3,1,4,0,41,3,3,4,0.0,0,1438.3,0.387,0.060521042084168336,42,0.448,0.0,1
44,0,1,2,1,4,0,32,3,3,3,0.01033022247616975,1338,442.0,0.966,0.21402805611222442,87,0.673,0.7557788944723618,0
43,0,4,2,2,4,0,32,4,3,1,0.04766655480882891,0,3015.0,1.058,0.27724019467506444,75,0.596,0.0,1
50,0,2,2,2,4,0,42,1,3,3,0.6064418021809256,1542,19956.0,0.759,0.7148582880045806,104,0.857,0.07236180904522611,0
37,1,2,5,1,0,0,23,4,3,3,0.18649120102062722,2170,5437.0,0.377,0.22702547953048954,77,0.674,0.28643216080402006,0
52,1,2,3,2,0,0,46,4,2,4,1.0000000000000002,0,34516.0,0.775,0.2008016032064128,87,0.706,0.0,0
51,1,2,2,1,1,0,45,2,2,2,0.30318613446521375,1146,10321.0,1.018,0.7926137990266247,97,0.764,0.10050251256281406,0
51,1,2,4,2,0,0,45,4,2,2,0.6305063532228662,0,22294.0,0.647,0.16684798167764098,71,0.614,0.0,0
38,0,3,2,1,4,0,27,6,2,2,0.029829764463671908,1396,1029.0,0.899,0.23120526767821356,74,0.897,0.5788944723618089,0
38,1,2,0,1,3,0,36,3,3,3,0.15157341653137918,1151,5301.0,0.884,0.24649298597194388,84,0.714,0.17889447236180903,0
43,0,3,2,1,4,3,32,4,3,2,0.27292405457453206,2080,8386.0,0.648,0.2053249355854566,64,0.684,0.19999999999999998,0
51,1,1,1,1,3,0,44,5,2,4,0.19930950459070615,1167,6864.0,0.549,0.1744059547666762,77,0.791,0.14572864321608037,0
52,0,3,2,2,4,0,34,5,2,1,0.04709214969601878,2147,849.0,0.503,0.24013741769252792,66,0.737,0.7206030150753768,0
43,1,4,3,2,3,0,37,6,1,2,0.8786795938048897,2517,27986.0,0.462,0.07615230460921843,47,0.306,0.08341708542713568,0
53,0,3,2,2,4,0,42,1,1,3,0.04464337000456501,2041,874.0,0.927,0.21425708559977094,70,0.75,0.7035175879396984,0
46,0,1,3,1,4,0,37,4,2,2,0.033064572204234276,1487,1045.0,0.581,0.20687088462639563,71,1.029,0.5899497487437185,0
57,0,2,5,1,4,0,47,3,2,2,0.05132460842198824,2138,998.0,0.699,0.2519324363011738,80,0.739,0.685427135678392,0
42,1,4,5,1,0,0,37,3,2,4,0.1667195724007413,1445,5508.0,0.591,0.18150586888061837,80,0.569,0.20904522613065324,0
49,1,3,3,1,3,0,39,3,3,2,0.8531639140569024,1143,28516.0,0.512,0.037961637560835954,21,0.615,0.03919597989949748,0
47,0,2,2,1,1,0,28,5,2,2,0.018039343727042696,1620,415.0,0.838,0.20612653879186943,74,0.721,0.7999999999999999,0
45,0,4,2,2,4,1,36,6,1,3,0.439834087617942,1648,14339.0,0.732,0.05187517892928714,36,1.25,0.10351758793969848,0
43,1,5,2,2,2,0,24,3,1,3,0.09425383264253562,0,4556.0,0.961,0.21431434297165758,82,0.64,0.0,0
59,1,1,3,1,1,0,46,4,1,2,0.4034651744226473,1374,13410.0,0.921,0.038190667048382476,23,1.3,0.09346733668341707,0
49,1,2,2,1,3,3,39,1,1,2,1.0000000000000002,1118,33398.0,0.671,0.4124821070712854,74,0.609,0.0321608040201005,0
54,0,2,2,1,4,0,44,3,2,3,0.017797488942701584,1480,547.0,0.979,0.06710563985113083,37,0.947,0.7336683417085427,0
60,0,0,5,1,4,0,49,3,1,2,0.07608449196890957,2000,1955.0,0.425,0.058975093043229315,43,0.483,0.5085427135678392,0
36,0,2,5,1,4,0,31,3,2,1,0.039776042469700144,1798,956.0,0.769,0.19507586601774976,70,0.628,0.6562814070351759,0
52,1,1,2,1,0,0,44,6,1,4,0.23688769170770643,2097,7177.0,0.776,0.08691669052390495,59,0.639,0.22713567839195978,0
47,1,2,3,1,2,0,39,1,2,2,0.2403643542326099,727,8662.0,0.533,0.1651875178929287,84,0.556,0.07738693467336683,0
62,0,0,2,1,4,0,36,3,2,2,0.009846512907487524,1540,224.0,0.937,0.08955052963068995,47,0.958,0.8773869346733667,0
53,0,2,3,1,4,0,36,4,1,2,0.028378635757625233,1649,728.0,0.93,0.04855425135986258,26,1.167,0.6974874371859295,0
35,0,3,2,2,4,0,31,1,3,4,0.007246573975820576,0,1678.0,0.676,0.11136558831949613,61,0.694,0.0,1
44,1,2,2,1,2,0,36,3,1,2,0.08170761570484045,1424,2717.0,0.574,0.17074148296593183,65,0.477,0.3457286432160803,0
48,1,4,2,1,3,0,40,1,1,3,0.8122904555032545,1506,26801.0,0.818,0.48737474949899795,122,0.605,0.05326633165829145,0
26,0,0,2,2,1,0,36,5,3,3,0.0753286957678436,0,3930.0,0.758,0.08800458058975093,42,0.355,0.0,0
54,0,4,0,1,4,0,41,1,5,2,0.030404169576482044,1313,1131.0,0.689,0.2335528199255654,61,0.794,0.5396984924623115,0
37,1,2,3,2,1,0,30,6,3,4,0.08642378399949213,0,4297.0,0.797,0.21643286573146292,76,0.767,0.0,0
49,0,3,3,1,1,0,44,5,1,2,0.07384733521375428,0,3881.0,0.601,0.20881763527054106,66,0.737,0.0,0
53,1,3,3,1,3,0,36,3,3,3,0.23933647139916017,715,8640.0,0.422,0.03481248210707129,38,0.727,0.07638190954773869,0
60,1,0,2,2,1,0,46,6,2,1,0.010360454324212391,1551,230.0,0.722,0.17160034354423132,66,0.61,0.8753768844221105,0
40,0,1,2,1,4,0,32,4,1,5,0.22101597148532096,1654,7095.0,0.695,0.25903235041511596,73,0.553,0.1899497487437186,0
51,0,4,4,1,1,3,43,1,3,3,0.06943348539952901,0,3735.0,0.762,0.360492413398225,61,0.848,0.0,1
42,1,2,4,1,2,0,27,2,2,2,0.031371588713846495,2250,226.0,0.969,0.23641568851989694,48,0.6,0.9135678391959798,1
37,0,2,0,2,1,0,26,3,2,3,0.0,743,695.3,0.561,0.24048096192384769,80,0.778,0.5195979899497487,0
48,1,4,0,2,3,0,36,4,3,2,0.042738763577878765,736,2116.0,0.386,0.0487832808474091,40,0.29,0.25929648241206027,0
61,1,1,2,2,4,0,56,5,3,2,0.08454940942084851,1675,2560.0,1.079,0.1907815631262525,76,0.949,0.3979899497487437,0
48,1,3,1,1,2,0,36,3,2,1,0.22485541618673613,1132,7744.0,0.844,0.18602920125966216,78,0.814,0.128643216080402,0
42,0,3,1,2,4,0,30,2,3,3,0.0,0,1438.3,0.373,0.06659032350415116,37,0.423,0.0,1
54,0,2,2,1,4,0,44,1,2,3,0.048240959921639064,2033,1001.0,0.642,0.21866590323504148,90,0.731,0.6733668341708543,0
45,1,1,2,2,2,0,41,2,3,2,0.25593375597456897,2513,7391.0,0.0,0.03561408531348412,28,0.0,0.2552763819095477,1
60,0,1,0,1,4,0,53,4,3,3,0.05767329651094242,922,2424.0,0.913,0.04271399942742628,21,0.75,0.27738693467336684,0
42,1,3,3,1,3,0,36,4,3,2,0.7408525985784985,1987,23957.0,0.566,0.2239908388204981,76,0.767,0.07738693467336683,0
47,0,3,2,1,4,0,36,4,2,2,0.010209295083999197,1519,257.0,0.917,0.21557400515316344,60,0.622,0.8592964824120602,0
38,1,3,0,2,2,0,18,5,1,5,0.44981059747201285,0,16317.0,0.566,0.08388204981391353,54,0.929,0.0,1
47,1,4,5,1,1,0,36,6,3,2,0.059366280001330214,1607,1795.0,0.432,0.15219009447466358,65,0.667,0.47437185929648235,0
46,1,2,3,2,0,0,36,3,1,3,0.34956178936262194,1482,11519.0,0.552,0.17984540509590607,55,0.528,0.11457286432160803,0
50,0,3,3,2,4,3,38,3,2,2,0.3365016310082019,2167,10402.0,0.634,0.3901517320354996,95,0.696,0.17286432160804016,0
42,0,4,4,1,4,0,34,5,3,2,0.017616097854445747,1281,740.0,0.847,0.2354423131978242,97,0.672,0.6371859296482412,0
43,0,2,0,1,4,0,36,5,2,3,0.07804956209168112,0,4020.0,0.563,0.08141998282278844,39,0.345,0.0,1
56,1,2,5,0,2,0,50,4,1,2,0.17603098159787411,1079,6182.0,1.312,0.18282278843401087,58,1.071,0.14974874371859295,0
46,1,1,2,2,2,0,37,2,3,4,0.030434401424524686,848,1597.0,0.771,0.09653592900085885,39,0.56,0.34874371859296477,1
58,0,4,2,1,4,0,46,2,3,3,0.03318549959640483,0,2536.0,0.917,0.02124248496993988,35,0.522,0.0,1
53,1,3,5,1,3,0,43,3,3,1,0.45210821792325345,1423,14970.0,1.642,0.0533066132264529,42,0.75,0.08743718592964823,0
50,1,1,3,1,3,0,31,1,2,2,0.7679403344247031,769,26071.0,0.609,0.42593758946464355,93,0.661,0.02914572864321608,0
52,1,3,2,2,3,0,44,1,2,4,0.06311502915861744,2429,1097.0,0.712,0.4148296593186373,63,0.909,0.6924623115577888,1
53,1,3,0,2,0,3,44,4,4,2,1.0000000000000002,1073,33443.0,0.558,0.22645290581162322,86,0.755,0.03115577889447236,0
43,1,5,2,1,2,0,25,1,2,3,0.08527497377387183,0,4259.0,0.934,0.4273117663899227,71,0.651,0.0,1
41,0,1,3,2,4,0,31,4,2,1,0.01692076534946505,0,1998.0,0.717,0.23515602633839103,68,0.889,0.0,0
44,1,4,2,1,2,0,28,6,2,3,0.29928622606771327,0,11338.0,0.695,0.039908388204981396,24,0.5,0.0,0
48,0,4,3,1,4,0,30,2,3,2,0.04458290630847974,0,2913.0,1.058,0.25336387059833954,56,0.806,0.0,1
39,1,4,2,1,3,0,35,6,2,1,0.046638671975379194,757,2224.0,0.764,0.24586315488119095,76,0.81,0.2552763819095477,0
33,1,1,2,1,2,0,22,3,3,0,0.06647076429135038,1998,1639.0,1.412,0.09338677354709418,56,0.931,0.5517587939698493,0
26,0,0,2,2,4,0,22,3,1,3,0.0014420591516338885,0,1486.0,0.734,0.22931577440595477,82,0.907,0.0,0
63,1,0,1,2,1,0,49,5,4,3,0.13503659565205564,726,5179.0,0.85,0.19765244775264815,65,0.857,0.1236180904522613,0
52,1,3,5,1,3,0,40,4,1,3,0.6178996725890857,1073,20804.0,0.908,0.1576295448038935,56,1.0,0.04924623115577889,0
45,0,5,2,0,1,0,36,5,2,2,0.2709287526037179,1777,8623.0,0.791,0.03292298883481248,28,0.867,0.17185929648241205,0
42,0,4,0,0,4,0,23,6,1,3,0.01329294358434837,1024,854.0,0.76,0.23916404237045516,74,0.897,0.5477386934673367,0
47,1,5,2,2,2,0,32,6,2,3,0.22325312824047625,2517,6306.0,0.812,0.23727454909819637,85,0.848,0.28643216080402006,0
42,1,3,2,1,2,0,36,2,2,3,0.1062558763154633,2039,2914.0,0.68,0.20017177211565987,53,0.828,0.4140703517587939,0
37,1,2,5,1,2,0,36,5,3,5,0.19713281153163614,998,6961.0,0.773,0.07586601774978528,29,0.318,0.12562814070351758,0
54,1,2,2,2,2,3,45,2,3,2,0.8797981721824674,0,30540.0,0.602,0.08302318923561408,36,0.8,0.0,1
50,0,3,2,2,4,0,36,4,3,2,0.0,1002,436.3,1.306,0.08439736616089322,25,0.667,0.7005025125628139,0
45,0,3,3,1,4,0,34,6,1,3,0.03654123472913776,1288,1359.0,0.765,0.24048096192384769,78,0.857,0.48944723618090447,0
59,0,0,2,2,4,0,52,3,3,3,0.03309480405227692,2076,457.0,0.738,0.1881477240194675,75,0.829,0.8241206030150753,0
38,1,4,2,1,2,0,22,5,2,3,0.21747884526433217,0,8632.0,0.395,0.09682221586029201,40,0.739,0.0,1
37,0,5,2,1,1,3,36,1,1,2,0.5325853974127585,2517,16538.0,0.915,0.8337245920412253,124,0.676,0.13266331658291458,0
40,0,3,0,2,1,3,28,2,1,2,0.632531887041723,1873,20488.0,0.701,0.40400801603206415,94,0.567,0.08442211055276382,0
45,0,3,2,2,4,0,36,3,4,0,0.0,0,1438.3,0.678,0.22519324363011736,71,0.821,0.0,0
45,0,4,4,1,4,0,36,6,3,1,0.022785743869737023,1464,728.0,0.66,0.25050100200400804,89,0.978,0.671356783919598,0
32,0,3,3,1,4,0,22,4,2,4,0.09440499188274881,2029,2532.0,0.768,0.07695390781563126,38,0.52,0.4472361809045226,0
45,1,3,0,2,3,3,33,1,3,3,1.0000000000000002,0,34516.0,1.492,0.11474377326080733,43,0.433,0.0,1
47,1,5,3,2,3,0,37,3,4,4,0.5248762761618855,2517,16283.0,0.482,0.05983395362152877,23,0.211,0.13467336683417086,1
45,0,2,2,1,1,0,40,1,3,3,0.06511033112943163,865,2727.0,0.663,0.7012310334955626,95,0.727,0.24221105527638187,0
49,1,4,2,1,3,0,39,5,1,1,1.0000000000000002,543,33973.0,0.745,0.1958774692241626,76,0.9,0.01608040201005025,0
53,1,3,2,2,3,3,39,1,2,3,1.0000000000000002,1198,33318.0,0.615,0.24597766962496417,70,0.667,0.035175879396984924,0
39,0,2,3,2,4,0,36,4,2,3,0.11508357594391389,802,4443.0,0.504,0.17852848554251358,74,0.574,0.1537688442211055,0
34,1,2,5,2,3,0,36,3,2,0,0.3248019058157006,1136,11046.0,0.753,0.10105926137990266,63,0.5,0.09346733668341707,0
40,1,2,2,0,0,0,26,3,2,3,0.0,0,1438.3,0.634,0.24311480103063268,82,0.673,0.0,0
32,1,0,5,2,2,0,14,4,3,3,0.2039954410373152,0,8186.0,0.737,0.10770111651875179,67,0.426,0.0,0
49,0,4,2,0,4,0,36,4,3,1,0.030041387399970386,0,2432.0,1.293,0.21815058688806183,76,0.767,0.0,0
30,1,2,5,2,2,0,13,3,2,3,0.08067973287139071,979,3128.0,0.647,0.8053821929573433,104,0.733,0.23919597989949745,0
48,0,4,5,1,4,0,38,3,2,3,0.03911094181276208,0,2732.0,0.76,0.011966790724305756,16,0.455,0.0,1
36,1,3,2,1,2,3,13,4,3,2,0.8082696197135835,1173,27001.0,0.779,0.900543945032923,108,0.714,0.04221105527638191,0
26,0,0,2,2,1,0,13,6,3,4,0.006188459294328208,1101,542.0,0.713,0.09287145720011451,50,0.471,0.6733668341708543,0
50,0,0,2,2,4,0,46,3,2,2,0.021969483972585767,1392,773.0,0.734,0.2097910105926138,72,0.946,0.6462311557788945,0
39,0,3,2,1,4,0,26,5,2,5,0.02272528017365174,0,2190.0,0.691,0.10352132837102777,40,0.6,0.0,1
49,1,4,3,2,3,0,38,4,3,0,0.9028348403909583,1953,29349.0,0.875,0.05920412253077584,35,2.182,0.06231155778894472,0
35,0,3,2,2,4,0,30,3,3,2,0.23746209682051658,0,9293.0,0.897,0.10214715144574864,59,1.034,0.0,0
46,1,3,2,0,0,0,34,5,2,4,0.4488129464866058,0,16284.0,0.889,0.14245634125393644,75,0.5,0.0,0
29,1,2,3,1,3,0,15,6,2,2,0.08222155712156531,1635,2523.0,0.778,0.0657314629258517,37,0.542,0.3949748743718593,0
65,0,0,2,1,4,0,36,3,3,4,0.017737025246616307,1701,324.0,0.628,0.20188949327225877,71,0.578,0.8442211055276381,0
49,0,2,2,1,4,0,36,5,3,3,0.0,863,575.3,0.605,0.22628113369596334,67,0.914,0.6030150753768844,0
41,0,2,5,2,4,0,31,5,3,3,0.03058556066473788,1490,960.0,0.747,0.18597194388777552,64,0.684,0.6110552763819095,0
61,0,0,2,2,1,0,56,4,3,5,0.17170782732777673,813,6305.0,0.475,0.19662181505868878,66,0.65,0.11457286432160803,0
51,0,4,3,1,4,0,41,3,3,4,0.040894620847277775,940,1851.0,0.813,0.11760664185513885,49,0.441,0.33869346733668343,1
51,0,2,3,1,4,0,45,4,3,2,0.05274550527999227,1358,1825.0,0.657,0.19799599198396792,81,0.688,0.42914572864321604,0
49,0,4,2,2,4,0,36,4,1,4,0.016255664692526997,1694,282.0,1.054,0.1800744345834526,81,0.841,0.8613065326633165,0
49,0,1,2,2,4,0,41,6,1,3,0.0,0,1438.3,0.53,0.22948754652161465,82,1.05,0.0,0
44,1,3,2,1,1,0,27,4,2,3,0.28141920387451363,1603,9144.0,0.471,0.046378471228170626,25,0.923,0.14974874371859295,0
35,0,1,2,1,4,0,29,4,2,3,0.0,856,582.3,0.792,0.2234182651016318,92,0.736,0.5979899497487436,0
55,0,3,5,0,4,0,36,3,2,1,0.020336964178283255,1209,902.0,0.594,0.13014600629831088,61,0.605,0.5758793969849245,0
43,0,1,5,1,4,0,32,6,2,2,0.03714587168999054,1590,1077.0,0.806,0.2328084740910392,85,0.574,0.5989949748743718,0
42,1,3,5,1,4,0,35,4,5,0,0.14449916408940164,2134,4084.0,1.25,0.0890924706555969,50,0.786,0.34472361809045227,0
50,0,4,3,1,4,0,36,5,3,5,0.037841204194971244,1614,1076.0,0.513,0.09974234182651016,57,0.541,0.6030150753768844,1
52,0,1,2,1,4,0,42,4,2,3,0.017344011222062,1230,782.0,0.668,0.18849126825078727,68,0.659,0.6140703517587939,0
44,1,3,0,1,2,1,34,3,1,3,1.0000000000000002,1543,32973.0,0.774,0.7693673060406527,101,0.712,0.045226130653266326,0
46,0,2,3,1,4,0,35,6,4,3,0.09785142255960966,1734,2941.0,0.413,0.04019467506441454,34,0.545,0.3728643216080402,0
26,1,0,3,2,2,0,21,6,2,3,0.00706518288756474,957,715.0,0.576,0.08983681649012311,34,0.417,0.5748743718592964,0
57,1,2,2,1,3,0,46,2,3,0,0.5270227373729128,1740,17131.0,1.727,0.05645576868021758,21,2.0,0.09246231155778893,0
42,1,3,2,2,0,0,36,6,3,2,0.4132602931884623,0,15108.0,1.015,0.18368164901231032,68,0.744,0.0,0
46,0,5,3,1,4,0,37,4,3,3,0.0,725,713.3,0.715,0.19387346120813054,79,0.795,0.5065326633165829,0
38,1,3,5,1,3,0,29,2,2,2,0.4620544959292817,0,16722.0,0.719,0.8348124821070713,113,0.823,0.0,0
53,0,2,3,1,4,0,44,3,2,3,0.11862070216490267,1901,3461.0,0.816,0.05857429144002291,38,1.0,0.3567839195979899,0
50,0,2,2,1,4,0,37,3,2,4,0.01586265066797269,1357,606.0,0.689,0.07620956198110507,51,0.7,0.6944723618090451,0
45,0,2,2,2,4,0,34,3,3,1,0.08545636486212768,1622,2643.0,0.708,0.1553965073003149,62,0.879,0.38190954773869346,0
51,1,3,2,1,2,0,36,4,3,4,0.13769699827980786,1582,4411.0,0.44,0.1679931291153736,64,0.684,0.26532663316582916,0
46,1,1,3,2,1,0,33,6,4,3,0.006823328103223628,798,866.0,0.703,0.2447180074434583,66,0.535,0.48241206030150746,0
46,0,0,2,0,4,0,36,3,3,2,0.1636963875964774,1679,5174.0,0.975,0.17251646149441738,52,1.0,0.24623115577889446,0
40,1,4,5,2,3,0,36,4,3,2,0.9369665968310977,850,31581.0,0.926,0.22158602920125967,71,1.088,0.026130653266331655,0
51,1,3,0,2,1,0,45,4,3,0,0.055436139755787144,1896,1376.0,0.725,0.21127970226166617,74,0.897,0.5819095477386934,0
40,0,5,0,1,1,0,36,2,3,2,0.05156646320632934,1787,1357.0,0.685,0.24208416833667332,67,0.558,0.5708542713567838,0
55,0,1,5,1,4,0,36,1,2,1,0.05174785429458518,2222,928.0,0.794,0.8141998282278843,96,0.655,0.708542713567839,0
36,0,4,2,1,4,0,24,3,2,2,0.05510358942731811,2517,744.0,0.378,0.018665903235041508,18,0.059,0.7758793969849246,1
45,0,1,2,1,4,0,32,4,1,3,0.1491851005360107,1562,4811.0,0.573,0.16908101918121957,82,0.64,0.24623115577889446,0
51,0,3,2,1,4,0,37,6,1,1,0.0926213128482331,1785,2717.0,1.014,0.22553678786143713,87,0.812,0.3979899497487437,0
55,0,2,5,1,4,0,35,3,3,0,0.0479688732892553,2376,649.0,1.252,0.042771256799312915,23,1.875,0.7889447236180904,0
43,1,2,3,2,2,0,35,5,2,2,0.012416219991111845,1293,556.0,0.835,0.23750357858574292,71,0.972,0.7025125628140703,0
52,1,3,2,2,3,0,36,3,4,1,0.03258086263555205,1268,1248.0,0.751,0.2250787288863441,80,0.818,0.5065326633165829,0
38,0,2,2,2,4,0,23,5,3,3,0.02369269931101619,1205,1017.0,0.395,0.07403378184941312,49,0.361,0.5447236180904522,0
51,1,2,0,1,0,0,41,6,2,4,0.6742820691886074,0,23742.0,0.769,0.18625823074720868,57,0.676,0.0,0
59,0,0,2,1,4,0,53,4,3,2,0.1231554793712985,1124,4388.0,1.391,0.08273690237618093,49,1.579,0.20502512562814068,0
42,1,2,0,2,3,0,36,1,3,1,0.2575965076169141,2517,7442.0,0.884,0.4762095619811051,85,0.771,0.2542713567839196,1
54,0,1,2,1,4,0,40,1,1,4,0.0,0,1438.3,0.43,0.06309762381906671,36,0.44,0.0,1
55,0,2,2,1,4,0,37,3,3,1,0.03067625620886579,968,1485.0,1.081,0.09665044374463212,50,0.613,0.3969849246231156,0
39,1,2,2,0,1,3,23,5,2,3,0.4974862218352546,304,17590.0,0.965,0.23824792442026907,63,0.465,0.017085427135678392,1
45,1,3,2,1,0,0,36,1,4,3,0.2243112429219686,1359,7499.0,0.741,0.7840251932436301,103,0.776,0.1537688442211055,0
57,1,2,5,1,3,0,36,5,3,3,0.08699818911230225,0,4316.0,0.363,0.07958774692241626,53,0.472,0.0,1
38,0,2,3,2,4,0,33,3,3,3,0.003921070691130284,0,1568.0,0.611,0.13066132264529057,59,0.788,0.0,1
36,1,1,2,1,4,0,18,6,3,3,0.017948648182914778,1003,1029.0,1.005,0.1101631835098769,46,0.586,0.49648241206030147,0
48,1,4,0,1,3,0,36,3,3,2,0.7559382907517754,1601,24842.0,0.493,0.06086458631548812,36,0.333,0.06130653266331658,0
50,0,2,2,1,4,0,36,2,3,2,0.014320826417798097,0,1912.0,0.728,0.24740910392212997,87,0.642,0.0,0
55,0,0,5,1,4,0,44,1,1,3,0.034999410478963176,1929,667.0,0.609,0.24025193243630114,87,0.812,0.7467336683417085,0
65,0,1,4,1,1,0,52,5,3,3,0.021667165492159378,0,2155.0,1.423,0.06441454337245921,27,1.25,0.0,0
43,0,4,3,2,4,0,38,1,1,1,0.011539496397875312,0,1820.0,0.708,0.4113369596335528,91,0.596,0.0,0
39,1,1,3,1,0,0,34,4,2,2,0.05477103909884908,1698,1552.0,0.767,0.08451188090466648,58,0.568,0.5246231155778894,0
48,0,4,0,1,4,0,36,6,1,4,0.031008806537334822,1867,597.0,0.6,0.03945032922988835,35,1.333,0.7618090452261306,0
46,1,4,3,2,2,0,36,4,5,0,0.3618359196679334,1341,12066.0,0.928,0.24843973661608929,84,0.615,0.10050251256281406,0
53,1,3,2,1,0,0,44,3,2,3,0.32422750070289047,2082,10081.0,1.554,0.12132837102776982,56,0.697,0.17185929648241205,0
39,0,2,1,1,4,0,36,4,3,4,0.0,886,552.3,0.24,0.06550243343830518,42,0.312,0.6190954773869346,1
45,0,3,5,1,4,0,33,4,3,1,0.03935279659710319,1786,954.0,0.597,0.21740624105353562,70,1.333,0.6552763819095477,0
40,0,3,2,2,4,0,36,5,3,1,0.0023490145929130554,0,1516.0,0.737,0.12476381334096766,54,0.385,0.0,1
36,0,2,5,1,4,0,36,4,2,2,0.0794402271016425,1639,2427.0,1.749,0.1437160034354423,56,0.931,0.4050251256281407,0
53,1,2,3,2,0,0,44,4,2,2,0.40195358202051534,1634,13100.0,0.989,0.04345834526195248,23,0.917,0.11155778894472361,0
65,1,0,2,2,4,0,56,3,2,2,0.29910483497945745,633,10699.0,1.514,0.12756942456341253,56,1.24,0.056281407035175875,0
63,1,1,2,1,1,0,53,6,6,2,0.04358525532307265,2362,518.0,0.89,0.04540509590609791,26,0.444,0.8241206030150753,0
40,1,2,2,2,2,0,20,4,2,4,0.08600053812689518,0,4283.0,0.878,0.46618952190094476,64,1.207,0.0,1
57,1,2,2,2,3,0,48,6,4,3,0.3633475120700653,1044,12413.0,0.722,0.1587746922416261,66,0.737,0.07839195979899496,0
58,1,2,3,2,3,0,54,6,3,2,0.6512756328281591,1696,21285.0,0.466,0.20967649584884052,66,0.571,0.0743718592964824,0
57,1,3,2,0,2,0,48,5,2,3,0.6998884444807227,1640,22949.0,0.4,0.21534497566561692,78,0.625,0.06733668341708543,0
59,0,1,2,2,4,0,48,4,2,3,0.12363918893998074,1823,3705.0,0.731,0.24775264815344974,81,0.723,0.3316582914572864,0
55,1,4,0,0,3,0,36,4,2,3,0.9896304761213749,1194,32979.0,1.056,0.18328084740910391,69,0.816,0.035175879396984924,0
56,1,2,3,1,0,0,37,3,1,2,0.324771673967658,1702,10479.0,0.834,0.05427998854852563,33,0.5,0.1407035175879397,0
44,1,3,3,1,3,0,36,3,3,2,0.6289645289726916,1377,20866.0,0.567,0.15287718293730315,91,0.717,0.06231155778894472,0
57,1,2,2,1,0,0,49,6,3,1,0.09854675506459037,984,3714.0,0.373,0.07643859146865159,35,0.458,0.21005025125628138,0
54,0,0,2,0,4,3,36,4,3,1,0.3358365303512639,1378,11169.0,1.12,0.16203836243916403,56,0.75,0.11055276381909547,0
41,0,4,3,2,4,0,36,4,2,3,0.0,0,1438.3,0.585,0.2570855997709705,85,0.7,0.0,0
45,1,3,5,0,3,0,25,2,2,3,0.1564709759142867,1881,4733.0,0.737,0.14234182651016317,51,0.645,0.2854271356783919,1
36,1,3,2,1,0,0,29,5,2,4,0.34505724400426874,1945,10907.0,0.659,0.06160893215001431,33,0.941,0.15175879396984923,0
40,1,2,2,1,2,0,34,6,3,0,0.05534544421165922,1601,1668.0,1.168,0.19673632980246206,74,0.947,0.4924623115577889,0
41,1,2,2,2,2,0,36,3,2,1,0.024176408879698415,0,2238.0,0.452,0.0877755511022044,42,0.5,0.0,1
32,0,1,2,0,4,0,19,3,2,1,0.0,0,1438.3,0.686,0.2326367019753793,79,0.612,0.0,0
42,1,5,5,2,2,0,36,1,1,2,0.15659190330645725,1738,4880.0,0.72,0.2572001145147438,76,0.854,0.264321608040201,0
51,0,1,2,2,4,0,47,6,3,4,0.031159965777548017,1491,978.0,0.869,0.21878041797881476,62,0.632,0.6070351758793969,0
49,0,4,2,2,4,0,42,5,3,2,0.45304540521257525,1368,15056.0,0.55,0.20011451474377323,79,0.881,0.08341708542713568,0
56,0,3,2,1,1,0,44,6,3,4,0.003195506338106946,0,1544.0,0.315,0.07855711422845692,35,0.4,0.0,1
39,0,1,2,1,4,0,36,3,3,1,0.031794834586443436,1281,1209.0,0.551,0.07855711422845692,34,0.619,0.5165829145728643,0
44,0,3,0,1,4,0,25,6,3,2,0.04972232047572837,1040,2043.0,0.729,0.21649012310334953,78,0.56,0.33869346733668343,0
56,1,2,2,2,2,0,36,3,2,2,0.5241507118088622,0,18776.0,0.81,0.22525050100200397,75,0.596,0.0,0
37,1,3,2,2,3,0,22,4,2,2,0.8603893257390931,1414,28484.0,0.453,0.19198396793587172,68,0.7,0.04723618090452261,0
55,1,3,1,1,0,0,40,4,3,1,0.34575257650924945,1119,11756.0,0.401,0.06263956484397366,40,0.429,0.08743718592964823,0
50,0,2,2,1,4,0,36,5,2,2,0.0,0,1438.3,0.658,0.10300601202404809,43,0.593,0.0,1
44,0,2,3,2,4,0,31,3,2,3,0.08294712147458863,2028,2154.0,0.658,0.9384483252218723,114,0.606,0.4874371859296482,0
45,1,3,2,2,0,0,31,5,2,2,0.06335688394295855,0,3534.0,0.536,0.19713713140566846,66,0.784,0.0,0
55,0,3,0,2,4,1,35,2,3,3,0.439834087617942,1973,14014.0,0.705,0.3902089894073862,98,0.463,0.1236180904522613,0
44,0,2,3,2,4,0,37,6,2,1,0.09434452818666353,1680,2879.0,0.628,0.2521614657887203,76,0.949,0.3708542713567839,0
53,1,3,3,1,0,0,44,5,6,4,0.3814866208956487,1655,12402.0,0.676,0.08834812482107071,60,0.333,0.11859296482412059,0
46,1,2,4,2,1,3,40,4,2,2,0.4238716718514286,0,15459.0,0.789,0.05090180360721443,30,0.667,0.0,0
48,0,2,3,1,4,0,27,3,1,2,0.07771701176321208,1361,2648.0,0.886,0.22765531062124247,80,0.86,0.3407035175879397,0
36,0,1,5,2,4,0,32,2,3,2,0.05558729899600034,0,3277.0,0.84,0.7856856570283424,127,0.649,0.0,0
44,1,2,5,2,3,3,36,2,3,3,1.0000000000000002,569,33947.0,0.919,0.46034926996850845,68,0.789,0.01608040201005025,1
43,0,5,2,1,4,3,33,6,3,2,0.4041302750795853,2517,12289.0,0.558,0.2447180074434583,57,0.462,0.1708542713567839,1
26,1,0,0,0,4,0,36,5,2,3,0.08197970233722418,456,3694.0,1.126,0.11182364729458917,74,0.542,0.11055276381909547,0
60,1,0,3,1,2,0,54,6,1,2,0.24650141938526562,1968,7624.0,0.61,0.07391926710563985,55,0.447,0.20603015075376882,0
60,1,0,5,2,4,0,53,5,3,2,0.029134431958691205,1728,674.0,0.652,0.06412825651302605,53,0.606,0.722613065326633,0
58,1,0,2,0,4,0,36,4,2,2,0.23153665460415931,1656,7441.0,0.813,0.20864586315488118,85,0.7,0.18291457286432158,0
54,1,2,2,1,4,0,39,4,4,2,0.038203986371482916,2517,185.0,1.019,0.06458631548811909,32,1.462,0.9366834170854271,0
59,0,1,1,1,4,0,40,3,3,1,0.03775050865084332,2452,235.0,0.817,0.2385914686515889,81,0.761,0.9175879396984924,0
58,0,0,2,1,4,0,36,3,3,3,0.07236597465966499,1439,2393.0,0.851,0.24111079301460062,88,0.76,0.3778894472361809,0
34,0,4,2,2,1,0,28,2,3,1,0.07811002578776638,1680,2342.0,0.579,0.18585742914400227,84,0.826,0.42010050251256276,0
36,1,2,1,2,1,0,26,4,3,2,0.04252714064158029,2517,328.0,0.686,0.10684225594045234,51,0.5,0.8894472361809045,0
50,0,2,1,2,4,0,40,2,1,1,0.06078717685933425,1634,1815.0,0.776,0.44488977955911824,94,0.469,0.4763819095477386,0
50,1,4,0,0,2,0,44,4,2,3,0.37707277108142345,2160,11751.0,0.73,0.09584884053821931,60,0.667,0.1557788944723618,0
56,0,1,3,1,4,0,42,5,2,3,0.06758934266892802,2517,1157.0,0.854,0.11898081878041798,45,0.731,0.6884422110552764,1
45,1,3,2,2,2,3,34,5,1,1,1.0000000000000002,1664,32852.0,0.73,0.2509018036072144,80,0.739,0.04824120603015075,0
27,0,1,5,1,4,0,16,3,1,2,0.0,0,1438.3,0.469,0.22610936158030345,70,0.628,0.0,0
46,0,5,2,1,4,0,36,2,3,1,0.12267176980261629,1816,3680.0,0.678,0.42685370741482964,93,0.603,0.3316582914572864,0
41,1,3,5,1,1,0,28,3,3,4,0.2918189596011815,0,11091.0,0.522,0.040309189808187804,34,0.308,0.0,1
65,1,1,1,2,1,0,56,5,2,2,0.0005351037103547146,867,589.0,0.725,0.19599198396793585,69,0.725,0.5979899497487436,0
55,0,2,2,1,4,0,50,4,4,3,0.0,0,1438.3,0.639,0.07185800171772115,33,0.32,0.0,1
45,0,3,2,2,4,0,36,3,3,4,0.29478168070936006,2517,8672.0,2.041,0.13907815631262524,58,1.231,0.22613065326633164,0
32,0,1,2,2,4,0,36,3,3,6,0.03998766540599861,0,2761.0,1.047,0.12728313770397937,43,0.654,0.0,1
45,1,3,2,1,2,0,41,6,3,3,0.23180874123654308,2477,6629.0,0.515,0.040595476667620964,33,0.737,0.2733668341708543,0
56,0,2,5,2,1,0,48,6,2,2,0.045429398053673624,1619,1322.0,0.9,0.2559404523332379,87,0.673,0.5527638190954773,0
52,1,2,2,2,0,0,44,5,1,1,1.0000000000000002,2174,32342.0,0.426,0.06218150586888062,50,0.515,0.06331658291457286,0
39,0,2,2,2,4,3,35,1,3,3,0.9266273048005151,1971,30118.0,0.671,0.759576295448039,121,0.833,0.06130653266331658,0
32,0,2,2,1,4,0,20,1,3,2,0.2516106017044716,1470,8291.0,0.796,0.790380761523046,97,0.732,0.15175879396984923,0
30,0,1,2,2,4,0,20,5,2,3,0.10858372861474652,1327,3703.0,0.803,0.1141139421700544,71,0.775,0.26532663316582916,0
40,1,3,2,1,2,0,33,5,3,6,0.12279269719478683,442,5058.0,0.609,0.4116805038648726,67,0.558,0.08040201005025126,1
51,1,4,3,1,3,0,42,6,1,2,0.3930049549998942,2517,11921.0,0.853,0.08932150014314343,47,0.88,0.17487437185929647,0
43,0,1,2,1,4,3,31,5,1,2,0.30669302883815985,631,10952.0,0.714,0.1597480675636988,55,0.774,0.054271356783919596,0
52,1,4,5,1,2,0,39,5,1,3,0.03635984364088193,1584,1057.0,0.809,0.21465788720297738,67,0.718,0.6030150753768844,0
46,1,2,5,2,0,0,32,2,3,1,1.0000000000000002,2328,32188.0,0.855,0.8716862296020612,121,0.729,0.06733668341708543,0
39,1,2,2,1,3,0,34,6,3,2,0.4837004991278112,0,17438.0,1.078,0.07615230460921843,37,0.85,0.0,0
38,0,2,3,2,4,0,27,6,1,3,0.019883486457643672,1567,529.0,0.778,0.05891783567134269,49,1.042,0.7517587939698491,0
43,0,1,3,1,1,0,35,6,3,2,0.009906976603572808,0,1766.0,0.779,0.24494703693100486,87,0.673,0.0,0
43,1,4,0,1,2,0,24,3,5,4,0.14489217811395594,0,6231.0,1.054,0.05256226739192671,30,0.875,0.0,0
53,0,4,0,1,4,0,36,4,1,3,0.046366585342995446,2160,812.0,0.956,0.11577440595476667,62,0.676,0.7306532663316582,0
47,0,3,2,1,4,0,27,1,3,3,0.711920720001693,824,24163.0,0.691,0.19839679358717432,64,0.561,0.033165829145728645,0
52,0,1,3,1,4,0,36,6,3,3,0.021002064835221317,1469,664.0,0.831,0.05130260521042085,37,0.682,0.6924623115577888,0
44,0,2,2,1,4,0,40,6,2,2,0.1385737218730444,871,5151.0,0.6,0.18408245061551673,74,0.423,0.14572864321608037,0
62,1,1,3,1,1,0,43,5,1,3,0.09104925675001588,1444,3006.0,0.465,0.045576868021757797,44,0.419,0.3256281407035176,0
52,0,2,3,2,4,0,47,5,2,3,0.1690474247000245,994,6036.0,0.725,0.15350701402805608,69,0.725,0.1417085427135678,0
52,1,4,2,2,1,0,46,3,3,2,0.3522524238384168,0,13090.0,0.75,0.19015173203549957,78,1.0,0.0,0
58,0,4,2,1,4,0,42,3,3,4,0.26630327985319413,1600,8647.0,0.63,0.07008302318923561,44,0.692,0.15678391959798993,0
31,1,1,5,1,1,0,24,5,2,3,0.0,0,1438.3,0.665,0.10180360721442887,49,0.4,0.0,0
41,1,5,3,2,1,0,22,6,2,2,0.0,0,1438.3,0.56,0.22381906670483823,81,1.025,0.0,0
30,1,0,3,1,2,0,36,5,2,4,0.09304455872083006,2252,2264.0,0.889,0.0738047523618666,24,0.846,0.5015075376884421,0
55,0,2,2,1,4,0,36,5,3,2,0.334234242405004,0,12494.0,0.576,0.3719438877755511,69,0.917,0.0,1
55,0,3,0,2,4,0,43,6,3,4,0.01226506075089865,0,1844.0,0.729,0.230976238190667,82,0.608,0.0,0
40,1,5,3,2,1,0,20,5,2,1,0.046729367519507105,1879,1105.0,0.675,0.24523332379043802,83,0.729,0.6331658291457286,0
39,0,1,2,2,4,0,29,4,1,3,0.003921070691130284,995,573.0,0.908,0.22908674491840822,76,0.81,0.6381909547738693,0
53,1,4,2,1,2,0,44,3,2,4,0.01616496914839908,1324,649.0,0.805,0.060521042084168336,38,0.52,0.6743718592964824,0
59,0,0,2,2,4,0,40,5,2,2,0.012295292598941285,1076,769.0,1.016,0.21694818207844258,76,0.551,0.585929648241206,0
32,1,0,2,0,1,0,36,2,1,1,0.1824401333829136,1253,6220.0,0.98,0.7369023761809332,104,0.733,0.16884422110552763,0
56,0,1,2,1,1,0,49,2,2,2,0.03524126526330428,1395,1209.0,0.528,0.22719725164614943,85,0.7,0.5386934673366834,0
43,0,4,5,1,4,0,36,5,3,3,0.047394468176445166,879,2127.0,0.759,0.2630976238190667,87,0.74,0.29346733668341707,0
34,0,4,1,1,4,0,36,1,2,2,0.19063296420246875,1804,5940.0,0.942,0.23143429716576006,60,0.935,0.23417085427135678,0
46,0,4,4,1,4,0,38,6,3,2,0.37420074551737276,955,12861.0,0.699,0.2123103349556255,73,0.659,0.06934673366834171,0
46,1,3,2,0,3,0,38,3,2,1,0.2127324451216379,1385,7090.0,0.611,0.048726023475522476,40,0.481,0.16381909547738693,0
49,1,2,2,1,3,0,39,2,3,4,0.859391674753686,2097,27768.0,0.902,0.464128256513026,74,0.947,0.07035175879396985,1
52,0,2,3,2,4,0,32,6,1,3,0.0006862629505679091,0,1461.0,0.676,0.23492699685084453,80,0.778,0.0,0
52,1,2,1,1,0,0,44,1,2,2,1.0000000000000002,1382,33134.0,0.856,0.4622960206126539,108,0.714,0.04020100502512563,0
42,1,5,2,1,0,0,36,4,1,2,1.0000000000000002,1839,32677.0,0.69,0.04008016032064128,34,0.889,0.05326633165829145,0
40,1,1,5,1,3,0,36,6,3,2,0.01002790399574336,584,1186.0,0.706,0.2239908388204981,83,0.844,0.3316582914572864,0
42,1,5,2,1,2,0,36,2,3,2,0.10655819479588968,0,4963.0,0.637,0.10334955625536789,40,0.429,0.0,1
43,0,3,2,0,4,0,37,3,6,3,0.23014598959419794,1557,7494.0,0.621,0.20835957629544802,72,0.5,0.17286432160804016,0
44,0,4,3,1,4,0,34,4,3,4,0.4385341181521085,0,15944.0,0.919,0.5055825937589464,67,0.763,0.0,1
37,0,5,3,2,1,0,19,4,1,2,0.054831502794934366,1987,1265.0,0.658,0.13873461208130544,72,0.714,0.6140703517587939,0
34,0,3,2,1,4,0,23,5,3,3,0.024932205080764387,1794,469.0,0.794,0.09298597194388777,37,0.542,0.7969849246231155,0
53,0,3,3,1,4,0,45,5,1,3,0.03194599382665663,1354,1141.0,0.623,0.044718007443458344,31,0.476,0.5457286432160804,0
43,0,2,2,1,4,0,33,4,2,2,0.11227201407594847,1713,3439.0,0.746,0.19404523332379042,57,1.036,0.3336683417085427,0
49,0,3,5,1,4,0,36,4,2,4,0.0025304056811688916,0,1522.0,0.482,0.09796736329802462,36,0.8,0.0,1
49,0,1,2,1,4,0,43,5,3,3,0.01510685446690671,0,1938.0,0.612,0.13398225021471513,49,0.75,0.0,1
50,0,3,3,1,4,0,38,4,2,1,0.04140856226400264,1720,1088.0,0.836,0.2637847122817063,81,0.723,0.6160804020100502,0
47,0,4,5,1,1,0,39,3,3,3,0.037538885714544855,1652,1028.0,1.132,0.1632980246206699,58,0.758,0.6190954773869346,0
48,1,2,2,0,3,0,43,5,3,2,0.14948741901643708,1436,4947.0,0.845,0.22513598625823075,88,0.66,0.22613065326633164,0
65,0,0,2,1,4,0,56,4,1,4,0.0500548708041974,2266,828.0,0.724,0.06075007157171486,37,0.321,0.7356783919597989,0
49,1,2,5,1,3,0,36,2,1,3,0.049933943412026845,0,3090.0,0.769,0.7825937589464643,101,0.804,0.0,0
40,1,3,3,0,2,0,36,3,1,2,0.4483292369179236,2517,13751.0,0.652,0.8814772401946751,124,0.824,0.1557788944723618,0
48,1,4,2,1,2,0,37,2,1,1,0.3554872315789792,0,13197.0,0.681,0.4519896936730604,84,0.787,0.0,0
36,0,1,5,2,4,0,36,6,3,1,0.09815374104003605,1626,3059.0,0.945,0.23074720870312052,81,0.588,0.34874371859296477,0
45,0,4,0,0,1,0,37,5,3,3,0.0,0,1438.3,0.835,0.2249642141425708,66,0.833,0.0,0
45,1,2,4,1,2,0,36,1,2,2,0.1362458695737612,2015,3930.0,0.815,0.1783567134268537,70,1.0,0.3407035175879397,0
41,1,4,3,1,2,0,29,3,2,2,0.09476777405926048,0,4573.0,0.703,0.18585742914400227,70,0.944,0.0,0
46,1,3,2,1,3,0,27,5,1,3,0.06731725603654426,1725,1940.0,0.495,0.07735470941883768,55,0.618,0.4733668341708542,0
65,0,0,3,1,1,0,36,5,2,3,0.14056902384385858,2145,3943.0,1.371,0.08977955911823647,52,0.733,0.3537688442211055,0
37,1,2,5,1,1,0,36,2,3,2,0.05477103909884908,1721,1529.0,0.446,0.0677927283137704,32,0.391,0.5326633165829145,1
55,1,3,2,1,0,0,49,3,2,4,0.256598856631507,2018,7908.0,0.618,0.09762381906670485,57,0.357,0.20402010050251257,0
56,0,1,5,1,4,0,36,6,3,4,0.13763653458372258,1993,3998.0,0.673,0.07655310621242485,53,0.767,0.3346733668341708,0
62,0,1,2,2,4,0,56,1,2,1,0.05050834852483698,0,3109.0,1.054,0.2828514171199542,72,0.674,0.0,1
54,1,3,3,1,3,0,48,3,4,3,0.05591984932446937,2517,771.0,0.84,0.1252218723160607,46,0.438,0.7698492462311557,1
48,1,2,2,1,0,0,35,3,3,4,0.27824485983003655,1715,8927.0,0.705,0.20916117950186083,74,0.762,0.16180904522613065,0
48,1,3,2,2,2,0,36,2,1,1,0.4286785356902082,0,15618.0,0.706,0.4018894932722588,77,0.638,0.0,0
37,0,2,3,1,4,0,31,5,3,3,0.02762283955655926,0,2352.0,1.467,0.10386487260234754,48,0.92,0.0,0
26,1,0,2,2,4,0,13,6,3,2,0.034666860150494146,2019,566.0,0.525,0.12104208416833666,40,0.481,0.7849246231155779,0
52,0,3,2,1,1,0,45,5,2,0,0.2848051708552892,1710,9149.0,0.974,0.19793873461208128,64,0.829,0.15778894472361807,0
39,1,2,3,2,2,0,34,3,4,3,0.011479032701790036,0,1818.0,0.651,0.08726023475522474,55,0.774,0.0,1
38,1,3,4,1,3,0,32,3,2,3,0.11499288039978597,470,4772.0,0.805,0.2162038362439164,77,0.604,0.09045226130653265,0
59,1,2,3,1,1,0,50,6,3,2,0.038173754523440274,1572,1129.0,0.475,0.053764672201545946,36,0.5,0.5849246231155778,0
50,0,1,3,2,4,0,36,1,1,3,0.09307479056887269,2238,2279.0,0.625,0.23796163756083596,81,0.761,0.4974874371859296,0
53,0,2,2,1,4,3,45,1,2,1,0.3223228942762042,1350,10750.0,0.854,0.7219009447466361,115,0.667,0.11256281407035175,0
41,0,4,2,0,1,0,36,4,1,0,0.12744840179335323,2470,3184.0,0.637,0.8355568279415975,111,0.881,0.43919597989949744,0
45,1,2,1,1,0,0,38,4,3,3,0.007488428760161682,0,1686.0,0.812,0.22233037503578582,77,0.75,0.0,0
44,1,3,0,1,2,0,30,5,2,0,0.0922282988236788,0,4489.0,0.693,0.1856856570283424,64,0.455,0.0,0
44,1,2,2,2,3,0,31,5,5,2,0.06093833609954744,2065,1389.0,0.816,0.20017177211565987,67,0.718,0.601005025125628,0
56,1,2,2,1,2,0,41,3,2,2,0.13449242238728815,659,5228.0,0.65,0.037961637560835954,26,0.3,0.11256281407035175,0
43,1,3,2,1,3,0,29,1,2,6,0.30182570130329495,1095,10327.0,0.773,0.10930432293157745,45,0.8,0.0964824120603015,1
35,0,1,3,1,4,0,23,3,3,1,0.0,0,1438.3,0.751,0.19839679358717432,82,0.608,0.0,0
29,0,0,3,2,4,0,13,6,3,5,0.11493241670370069,1608,3632.0,1.243,0.12493558545662754,64,0.778,0.3085427135678392,0
48,0,3,3,0,4,0,36,1,1,1,0.022574120933438545,1495,690.0,0.924,0.25055825937589465,83,0.804,0.6874371859296482,0
57,1,2,2,1,2,0,45,4,1,2,0.03149251610601705,1584,896.0,0.874,0.1665044374463212,66,0.784,0.6422110552763819,0
52,0,2,5,1,4,0,36,5,1,2,0.07762631621908417,2517,1489.0,0.557,0.035900372172917264,34,0.619,0.6311557788944723,0
46,0,2,2,2,1,0,33,5,3,6,0.04724330893623197,0,3001.0,0.74,0.11720584025193244,39,0.444,0.0,1
53,1,3,5,1,3,0,42,2,1,2,0.7664892057186564,1836,24956.0,1.432,0.10695677068422559,47,0.88,0.06934673366834171,0
43,1,1,2,1,3,0,33,5,1,5,0.5963745967827268,735,20430.0,0.624,0.1610649871170913,60,0.667,0.035175879396984924,0
51,0,2,2,2,4,2,32,2,3,3,1.0000000000000002,531,33985.0,0.98,0.27987403378184944,65,0.711,0.015075376884422108,1
49,1,3,5,1,0,1,38,4,3,4,0.4081208790212137,0,14938.0,0.737,0.8443744632121386,131,0.724,0.0,0
45,0,2,3,1,4,0,36,1,2,2,0.0005653355583973563,828,629.0,0.852,0.2789006584597767,93,0.661,0.5708542713567838,0
55,0,2,2,1,4,0,43,2,4,3,0.0,0,1438.3,0.707,0.02038362439164042,27,0.421,0.0,1
36,0,0,5,0,1,0,30,1,3,4,0.02272528017365174,0,2190.0,0.908,0.05050100200400802,38,0.583,0.0,1
40,1,3,2,2,3,0,36,1,2,2,0.16575215326337686,0,6921.0,0.824,0.12590896077870023,44,0.467,0.0,1
56,0,4,2,2,4,0,45,2,2,3,0.2313552635159035,1306,7785.0,0.743,0.22032636701975375,86,0.654,0.14472361809045223,0
51,0,2,0,2,4,0,36,1,3,2,0.0,718,720.3,0.571,0.22427712567993127,71,0.821,0.5015075376884421,0
44,0,3,3,1,4,0,34,5,3,2,0.0815262246165846,1606,2529.0,0.734,0.16054967077011165,56,0.6,0.38994974874371857,0
37,0,1,5,2,4,0,28,6,3,4,0.028711186086094263,1708,680.0,0.903,0.22954480389350126,89,0.745,0.7185929648241205,0
41,1,2,2,2,0,0,37,5,3,4,0.7952094613591635,2517,25225.0,0.835,0.46470083023189235,85,0.977,0.09145728643216079,1
52,1,2,3,2,3,0,44,6,2,4,0.03663193027326569,1049,1601.0,0.874,0.2111651875178929,64,0.73,0.3979899497487437,0
44,0,3,2,1,4,0,33,3,2,2,0.005523358637390154,0,1621.0,0.603,0.1851703406813627,76,0.52,0.0,0
48,1,2,4,1,1,0,34,4,2,2,0.1009048392119162,0,4776.0,0.626,0.23194961351273977,60,0.622,0.0,0
28,1,1,3,2,4,0,14,4,3,1,0.044099196739797515,1398,1499.0,0.907,0.1241339822502147,73,0.872,0.4854271356783919,0
47,0,4,3,1,4,0,36,1,3,1,0.05374315626539936,1480,1736.0,0.733,0.7814486115087317,123,0.809,0.4623115577889447,0
33,0,2,1,1,1,0,36,4,2,1,0.03959465138144431,1867,881.0,0.816,0.21666189521900941,75,1.027,0.6824120603015075,0
45,0,4,4,2,1,0,36,1,3,3,0.09824443658416396,0,4688.0,0.593,0.27014028056112227,89,0.745,0.0,0
42,0,3,2,2,4,0,36,5,1,2,0.05652448628532215,2517,791.0,0.543,0.26189521900944746,85,0.545,0.764824120603015,0
28,0,1,0,0,4,0,17,5,3,2,0.31570211955486627,1488,10393.0,0.587,0.2482107071285428,87,0.891,0.12562814070351758,0
45,0,4,2,2,1,0,34,3,2,2,0.03814352267539763,1977,723.0,0.801,0.25502433438305183,75,1.083,0.7356783919597989,0
57,0,0,1,1,4,0,46,5,2,1,0.09742817668701273,1734,2927.0,0.789,0.26979673632980244,81,1.382,0.3738693467336683,0
43,0,3,2,2,4,0,33,3,3,1,0.02729028922809023,1818,523.0,0.833,0.21906670483824792,70,0.628,0.7809045226130653,0
57,1,2,5,1,3,0,48,4,1,3,0.8798888677265952,264,30279.0,0.882,0.41534497566561696,63,0.703,0.009045226130653264,1
37,1,2,3,2,3,0,36,1,2,3,0.15946392887050795,1590,5123.0,0.847,0.4246206699112511,85,0.667,0.2381909547738693,0
51,1,4,0,2,0,1,33,2,2,2,1.0000000000000002,1848,32668.0,0.775,0.7797881477240195,103,0.689,0.054271356783919596,0
44,1,3,3,1,2,0,25,3,3,0,0.012809234015666152,0,1862.0,0.883,0.03985113083309476,34,0.789,0.0,0
46,0,1,4,1,1,0,38,3,2,2,0.011025554981150446,0,1803.0,0.415,0.08296593186372746,37,0.321,0.0,1
38,0,1,2,1,4,0,29,3,3,4,0.0,0,1438.3,0.508,0.09212711136558832,47,0.567,0.0,1
45,0,3,5,0,4,0,36,6,3,2,0.5719170317162318,2517,17839.0,0.607,0.2300028628685943,67,0.861,0.12462311557788944,0
56,1,2,1,1,2,0,51,3,3,4,0.13899696774564135,1409,4627.0,0.56,0.06933867735470942,45,0.364,0.23417085427135678,0
50,0,4,0,1,4,0,36,6,4,3,0.07327293010094416,0,3862.0,0.578,0.20200400801603205,81,0.723,0.0,0
57,0,1,2,1,4,0,50,3,2,3,0.006853559951266269,983,682.0,0.889,0.22273117663899225,86,0.72,0.5929648241206029,0
53,1,4,5,2,3,0,44,3,3,2,0.3060279281812218,2189,9372.0,0.742,0.09292871457200115,39,0.5,0.1899497487437186,1
45,1,3,5,1,4,0,39,3,3,4,0.21590678916611497,1636,6944.0,0.393,0.07729745204695104,37,0.233,0.19195979899497487,1
43,1,4,0,1,1,0,32,6,3,3,0.08872140445073268,0,4373.0,0.623,0.10689951331233898,46,0.484,0.0,1
38,0,3,3,1,4,0,32,4,2,1,0.30702557916662887,2072,9522.0,0.983,0.10249069567706841,51,0.594,0.17989949748743717,0
42,1,4,2,1,1,0,27,5,1,2,0.0019560005683587484,929,574.0,0.892,0.23761809332951614,67,0.971,0.6211055276381909,0
42,0,1,4,2,4,0,28,3,3,0,0.0609081042515048,1010,2443.0,0.801,0.4338963641568852,85,0.7,0.29346733668341707,0
47,0,3,0,0,1,0,41,1,2,1,0.15130132989899542,2073,4370.0,0.8,0.5008302318923561,92,0.769,0.3236180904522613,0
40,1,2,3,2,3,0,28,6,2,4,0.5393573313743096,1427,17852.0,0.892,0.07139994274262812,56,0.647,0.0743718592964824,0
33,1,1,4,1,0,0,14,6,1,0,0.1854028544910922,2264,5307.0,0.696,0.0997995991983968,49,0.485,0.300502512562814,0
63,1,1,3,2,4,0,51,5,3,2,0.1409922697164555,0,6102.0,0.639,0.22885771543086172,67,0.558,0.0,0
56,1,1,1,1,2,0,46,5,2,4,0.11517427148804182,1816,3432.0,0.696,0.10163183509876896,45,0.731,0.3477386934673366,0
47,0,3,2,1,4,0,38,2,2,3,0.05220133201522476,2517,648.0,0.748,0.12716862296020612,49,1.042,0.7989949748743719,1
41,1,3,5,1,2,0,36,5,3,2,0.48227960226980715,1044,16347.0,1.08,0.04111079301460063,27,0.688,0.06030150753768843,0
37,0,3,3,2,4,0,31,5,1,3,0.0,0,1438.3,0.79,0.08846263956484397,66,0.692,0.0,0
41,1,4,2,1,3,0,32,2,1,3,0.8237785577594573,1607,27080.0,0.748,0.4004008016032064,90,0.636,0.056281407035175875,0
49,0,4,4,2,4,0,44,6,3,2,0.5069185584245579,1586,16620.0,0.921,0.05204695104494704,48,1.0,0.08743718592964823,0
50,1,2,3,1,2,0,43,6,3,4,0.6176578178047446,950,20919.0,0.866,0.21202404809619235,71,0.775,0.04321608040201004,0
56,0,2,2,1,4,0,48,6,3,2,0.0885097815144342,1590,2776.0,0.475,0.061036358431148005,37,0.423,0.36582914572864317,0
36,1,4,1,0,0,0,31,4,3,4,1.0000000000000002,1491,33025.0,0.93,0.09808187804179787,60,0.935,0.04321608040201004,0
44,1,3,4,1,0,0,35,3,4,1,0.7845980826961971,587,26804.0,0.821,0.1335241912396221,56,1.24,0.021105527638190954,0
44,1,4,2,2,2,0,28,2,2,1,0.0398969698618707,461,2297.0,0.58,0.2126538791869453,96,0.778,0.1678391959798995,0
51,0,2,2,2,4,0,43,5,3,2,0.05461987985863589,0,3245.0,0.553,0.0828514171199542,29,0.261,0.0,1
55,1,2,5,1,0,0,48,2,1,2,0.15535239753670904,1800,4777.0,0.786,0.7843687374749498,120,0.69,0.27537688442211056,0
43,0,4,2,0,4,0,36,5,2,2,0.3052721319801558,2074,9462.0,0.549,0.2047523618665903,81,0.723,0.1809045226130653,0
26,1,0,3,2,4,0,36,5,2,3,0.05277573712803491,1421,1763.0,0.712,0.09865445176066419,59,0.439,0.4482412060301507,0
52,0,3,2,2,4,0,41,2,3,2,0.0,787,651.3,0.601,0.2534211279702262,89,0.745,0.549748743718593,0
44,0,4,3,2,4,0,35,2,5,3,0.0034373611224480585,1375,177.0,0.995,0.2596049241339823,80,0.905,0.8904522613065325,0
29,1,0,4,1,4,0,36,1,1,1,0.04951069753942989,0,3076.0,0.924,0.85794446034927,123,0.892,0.0,0
40,0,4,2,0,4,0,36,5,3,3,0.0,915,523.3,0.464,0.1845977669624964,58,0.611,0.6391959798994974,0
38,1,3,2,2,3,0,33,6,2,2,1.0000000000000002,2135,32381.0,0.488,0.1708559977097051,63,0.703,0.06231155778894472,0
50,0,4,2,2,4,0,44,2,3,2,0.053289678544759765,2517,684.0,0.445,0.07729745204695104,42,0.355,0.7899497487437186,1
37,1,1,1,1,2,0,36,1,3,1,0.18443543535372775,0,7539.0,1.023,0.8452905811623246,129,0.743,0.0,0
49,0,4,1,1,4,0,39,4,4,1,0.027048434443749124,1414,919.0,0.632,0.2637847122817063,89,0.679,0.6090452261306532,0
39,1,3,2,2,2,0,29,4,2,3,0.16006856583136073,1028,5705.0,0.553,0.2241053535642714,72,0.565,0.1537688442211055,0
38,1,2,2,0,2,3,26,4,2,0,0.7557568996635196,681,25756.0,1.021,0.09373031777841397,57,0.727,0.026130653266331655,0
38,0,3,2,2,1,0,26,3,2,3,0.037206335386075824,0,2669.0,0.67,0.09968508445462353,31,0.722,0.0,1
56,1,2,3,1,1,0,36,5,2,3,0.05613147226076783,2002,1293.0,0.599,0.03784712281706269,34,0.545,0.6110552763819095,0
49,1,1,2,1,1,0,36,2,2,1,0.0,0,1438.3,0.57,0.26189521900944746,75,0.63,0.0,0
49,0,4,3,1,1,0,43,4,3,3,0.07889605383687501,0,4048.0,0.601,0.0971657600916118,41,0.464,0.0,1
48,1,4,0,2,3,0,31,6,1,3,0.10867442415887443,0,5033.0,0.597,0.20177497852848553,82,0.822,0.0,0
61,1,1,2,1,2,0,53,1,1,2,0.14265502135880065,581,5576.0,0.583,0.20103063269395932,65,0.548,0.09447236180904522,1
40,0,3,3,2,4,0,35,6,3,5,0.12255084241044573,1573,3919.0,0.636,0.10798740337818495,45,0.667,0.2874371859296482,1
49,1,2,2,1,0,0,38,3,6,3,0.45516163457555997,1158,15336.0,0.692,0.41402805611222443,84,0.647,0.07035175879396985,0
55,1,2,1,2,3,0,36,6,3,3,0.04860374209815072,2415,631.0,0.492,0.15018608645863152,57,0.583,0.7969849246231155,0
43,1,3,2,1,0,3,33,5,2,3,1.0000000000000002,1844,32672.0,1.051,0.2111079301460063,79,0.795,0.05326633165829145,0
48,0,2,1,1,4,0,36,4,3,4,0.03252039893946678,2090,424.0,0.842,0.11869453192098482,53,0.606,0.8351758793969848,1
41,1,3,2,2,3,0,26,4,3,2,0.31343473095166835,1811,9995.0,0.754,0.05353564271399942,31,0.476,0.1537688442211055,0
50,1,0,3,0,1,0,29,5,3,2,0.123699652636066,2034,3496.0,0.647,0.2465502433438305,68,0.744,0.3698492462311557,0
41,0,2,3,2,1,0,36,4,5,3,0.0037094477548318128,1169,392.0,0.573,0.22107071285427995,67,0.595,0.7527638190954773,0
61,0,1,2,1,4,0,47,4,2,3,0.0,0,1438.3,1.337,0.05261952476381335,27,1.455,0.0,0
55,1,1,3,1,2,0,46,6,1,3,0.11919510727771279,0,5381.0,0.746,0.07901517320354996,38,1.0,0.0,0
52,0,3,5,2,1,0,36,2,3,3,0.014411521961926015,1445,470.0,0.374,0.09928428285141712,39,0.56,0.7587939698492462,1
47,0,4,2,2,4,0,39,3,3,6,0.0,0,1438.3,0.854,0.10105926137990266,51,0.545,0.0,1
61,0,0,3,1,4,0,53,5,2,0,0.05918488891307438,802,2594.0,0.548,0.0508445462353278,36,0.5,0.23718592964824117,0
50,0,1,3,1,4,0,45,5,3,4,0.006460545926711962,1318,334.0,0.593,0.2292012596621815,69,0.533,0.8020100502512563,0
62,0,0,1,1,1,0,51,3,3,2,0.05861048380026423,948,2429.0,0.461,0.05021471514457486,44,0.467,0.28241206030150756,0
59,0,2,3,2,4,0,52,4,2,4,0.06468708525683467,663,2915.0,0.674,0.20240480961923846,79,0.646,0.185929648241206,0
50,0,2,3,1,4,0,36,3,1,3,0.05921512076111702,1658,1739.0,0.724,0.2105926137990266,75,0.786,0.49045226130653263,0
46,1,2,4,1,2,0,36,3,2,2,0.12170435066525184,887,4577.0,0.554,0.2482679645004294,81,0.62,0.1628140703517588,0
30,1,1,0,2,4,0,13,3,3,3,0.6092231322008483,2517,19073.0,0.813,0.11663326653306612,70,0.795,0.11758793969849246,0
46,1,4,2,2,1,0,28,2,2,4,0.04657820827929391,0,2979.0,0.644,0.08766103635843114,38,0.462,0.0,1
48,1,3,3,1,2,1,37,6,2,0,1.0000000000000002,1948,32568.0,0.666,0.22954480389350126,75,0.705,0.056281407035175875,0
36,1,2,2,1,4,0,23,2,2,3,0.0750263772874172,0,3920.0,0.813,0.9144002290294875,102,0.729,0.0,0
48,1,2,2,0,3,0,29,6,2,3,0.6955652902106253,1854,22592.0,0.782,0.19278557114228456,75,0.786,0.07638190954773869,0
55,0,2,0,2,4,0,49,1,0,6,0.0,0,1438.3,0.608,0.10008588605782993,57,0.727,0.0,1
45,1,3,2,0,2,3,31,2,1,3,1.0000000000000002,1509,33007.0,0.728,0.38001717721156597,91,0.625,0.04422110552763819,0
55,1,1,2,1,1,0,36,2,1,2,0.06852652995824982,1355,2350.0,0.742,0.8908674491840824,119,0.725,0.36783919597989945,0
36,0,2,0,1,4,0,23,4,3,3,0.014683608594309769,971,953.0,0.806,0.25313484111079304,96,0.6,0.507537688442211,0
49,0,2,5,1,4,0,41,3,5,2,0.05108275363764712,749,2379.0,0.598,0.2198110506727741,59,0.735,0.2402010050251256,0
58,0,0,3,1,4,0,36,3,3,1,0.024267104423826326,1670,571.0,0.704,0.23607214428857712,75,0.63,0.7487437185929647,0
44,0,3,2,1,4,0,25,6,1,3,0.5580406134646605,2232,17665.0,0.672,0.19748067563698823,63,0.5,0.11256281407035175,0
36,1,2,0,2,3,0,36,6,2,2,0.2096790284693313,2147,6227.0,1.113,0.11119381620383624,65,1.167,0.257286432160804,0
43,1,3,2,1,2,0,36,4,2,3,0.47768436136732606,0,17239.0,0.393,0.07208703120526767,38,0.357,0.0,1
46,0,2,2,2,4,0,36,3,4,3,0.20771395834655978,858,7451.0,0.888,0.03635843114801031,35,0.4,0.10351758793969848,1
35,0,2,2,1,1,0,15,4,2,1,0.0,834,604.3,0.684,0.23023189235614086,82,0.64,0.5829145728643215,0
44,1,3,2,2,2,0,36,2,3,3,0.422753093473851,864,14558.0,0.578,0.09195533924992842,54,0.8,0.056281407035175875,1
39,0,2,2,1,1,0,26,5,1,2,0.03436454167006776,1424,1151.0,0.543,0.0547953048955053,33,0.737,0.5557788944723618,0
51,0,2,5,2,4,0,36,2,3,3,0.009302339642720023,1107,639.0,0.539,0.07884340108789006,47,0.621,0.6371859296482412,1
58,1,1,2,2,1,0,52,3,2,3,0.07381710336571165,2517,1363.0,0.673,0.15075866017749784,65,0.97,0.6522613065326632,0
40,1,3,4,2,0,0,26,1,2,1,1.0000000000000002,2088,32428.0,0.627,0.3391354136845119,89,0.589,0.06030150753768843,0
46,0,2,2,1,4,0,40,4,5,3,0.05117344918177504,0,3131.0,0.811,0.22771256799312908,93,0.632,0.0,0
45,1,3,5,1,1,0,28,2,2,5,0.09473754221121786,0,4572.0,0.48,0.17320354995705695,42,0.4,0.0,1
62,1,1,2,2,3,0,55,6,1,4,1.0000000000000002,2517,31999.0,0.945,0.1972516461494417,63,0.537,0.07336683417085427,0
46,1,3,2,1,1,0,37,6,2,5,0.029164663806733847,0,2403.0,0.727,0.16392785571142282,64,0.882,0.0,0
43,1,3,2,1,3,0,38,3,5,1,0.6657264561925407,2305,21154.0,0.636,0.3864300028628686,83,0.627,0.09849246231155778,0
46,0,3,5,2,4,0,35,2,3,3,0.008093065721014467,0,1706.0,0.726,0.10249069567706841,42,0.448,0.0,1
65,1,1,2,2,4,0,53,6,2,3,0.28226569561970755,1787,8988.0,0.648,0.1661608932150014,70,0.75,0.16683417085427135,0
48,0,2,3,1,4,0,31,2,2,1,0.18809348896688707,764,6896.0,0.877,0.8195820211852276,100,0.695,0.10050251256281406,0
54,0,5,2,1,4,0,36,5,6,1,0.03838537745973874,1616,1092.0,0.669,0.21225307758373888,87,0.706,0.5999999999999999,0
46,1,3,5,0,2,0,34,4,3,0,0.30421401729866343,713,10788.0,0.84,0.054451760664185514,41,0.519,0.06231155778894472,0
52,0,2,2,1,4,0,43,5,2,2,0.20450938245404005,654,7549.0,0.588,0.13627254509018036,63,0.909,0.08040201005025126,0
55,0,1,3,2,4,0,43,4,2,0,0.03418315058181192,1403,1166.0,0.886,0.053020326367019754,39,0.444,0.5487437185929648,0
39,1,3,3,1,2,0,27,6,2,1,0.03460639645440886,0,2583.0,0.781,0.2079587746922416,87,0.812,0.0,0
45,1,4,2,0,2,0,37,5,2,4,0.16161039008153533,891,5893.0,1.047,0.07844259948468366,28,0.556,0.1316582914572864,0
44,0,3,2,1,4,0,36,6,3,4,0.01649751947686811,0,1984.0,0.89,0.11314056684798167,46,0.643,0.0,1
47,0,2,2,1,1,0,36,1,3,3,0.011267409765491558,0,1811.0,0.61,0.27827082736902375,87,0.776,0.0,0
46,0,3,2,2,1,0,39,4,3,3,0.23192966862871364,2517,6593.0,1.052,0.2725450901803607,69,0.816,0.27738693467336684,1
45,1,3,2,1,2,0,25,3,3,2,0.25251755714575075,1311,8480.0,0.704,0.06407099914113942,59,0.513,0.13467336683417086,0
43,0,5,2,2,4,0,34,6,6,3,0.09579565689271022,2440,2167.0,0.646,0.24592041225307756,77,0.878,0.5326633165829145,0
40,0,2,4,1,4,3,30,4,2,2,0.2841098383503085,1932,8904.0,0.563,0.043687374749499006,31,0.824,0.17889447236180903,0
42,0,1,2,1,4,0,36,2,3,2,0.0,0,1438.3,0.665,0.22794159748067563,76,0.767,0.0,0
56,1,2,5,1,3,0,45,4,2,2,0.2921515099296505,1946,9156.0,0.625,0.05256226739192671,36,1.0,0.1758793969849246,0
42,0,4,5,1,4,0,23,4,1,2,0.2088930004202227,0,8348.0,0.695,0.8803320927569425,111,0.708,0.0,0
32,1,0,2,1,4,3,24,2,2,3,0.3045163357790898,0,11511.0,0.867,0.7962210134554824,123,0.64,0.0,0
39,1,2,2,1,3,0,22,5,4,2,0.1119092318994368,2517,2623.0,0.876,0.07512167191525909,36,0.714,0.4924623115577889,0
52,0,2,1,1,1,0,43,3,2,4,0.011599960093960589,1605,217.0,0.756,0.11497280274835385,39,0.696,0.8854271356783919,1
48,1,0,1,1,2,0,41,2,3,4,0.17651469116655635,504,6773.0,0.582,0.10455196106498711,40,0.29,0.06934673366834171,1
56,1,2,3,2,1,0,40,2,6,4,0.028499563149795785,651,1730.0,0.592,0.07958774692241626,46,0.586,0.2743718592964824,1
48,1,2,2,1,0,3,32,3,2,4,1.0000000000000002,2098,32418.0,0.741,0.1467506441454337,66,0.784,0.06130653266331658,0
43,1,3,2,0,2,0,28,3,3,4,0.12215782838589143,1183,4296.0,0.596,0.8129401660463784,126,0.909,0.21708542713567838,0
53,1,1,2,2,3,0,48,3,3,3,0.8716658050589975,1406,28865.0,1.336,0.1546521614657887,47,0.306,0.046231155778894466,1
60,1,1,3,1,4,3,55,2,2,3,0.36159406488359225,1456,11943.0,0.856,0.9139994274262812,122,0.649,0.10954773869346733,0
46,0,3,2,2,4,3,39,4,3,2,0.3260111797374062,1260,10962.0,1.138,0.1653592900085886,78,0.733,0.10351758793969848,0
43,1,4,4,1,3,0,30,2,5,3,0.12699492407271365,1547,4092.0,1.087,0.006699112510735756,15,0.364,0.27537688442211056,1
46,0,3,3,1,4,0,36,5,2,2,0.09763979962331118,0,4668.0,0.89,0.061952476381334096,47,1.474,0.0,0
42,1,4,1,1,3,0,27,5,3,4,0.9198251389909214,0,31864.0,1.009,0.06075007157171486,35,0.75,0.0,0
46,0,1,5,0,4,0,36,5,3,3,0.03158321165014497,2049,434.0,0.69,0.22278843401087886,74,0.51,0.829145728643216,0
64,1,0,2,2,4,0,36,5,4,1,0.013141784344135175,468,1405.0,1.154,0.24093902089894073,82,0.608,0.25125628140703515,0
43,1,5,4,2,2,0,31,3,3,1,0.4774122747349423,1805,15425.0,0.788,0.8159748067563699,130,0.857,0.10552763819095476,0
49,1,4,2,2,3,0,33,5,5,3,0.45337795554104426,0,16435.0,0.676,0.06819352991697682,56,0.514,0.0,0
49,0,1,1,2,4,0,40,1,2,3,0.046003803166483774,0,2960.0,0.962,0.2512453478385342,63,0.75,0.0,0
46,1,3,0,1,0,0,40,6,3,3,0.0,0,1438.3,0.681,0.2463784712281706,69,0.769,0.0,0
38,1,2,5,2,3,0,22,2,1,3,1.0000000000000002,1595,32921.0,0.824,0.47758373890638417,97,0.764,0.046231155778894466,0
39,1,2,0,1,4,0,19,3,3,2,0.22400892444154222,961,7887.0,0.884,0.8486687661036358,117,0.671,0.10954773869346733,0
42,0,3,0,1,4,0,37,5,4,2,0.024176408879698415,1693,545.0,0.714,0.2753507014028056,86,0.458,0.7597989949748744,0
40,0,1,2,1,4,0,30,1,1,3,0.01755563415836047,803,1216.0,0.882,0.4521042084168337,102,0.478,0.39999999999999997,0
55,1,2,2,0,0,0,50,5,4,3,0.689639847994268,278,23972.0,0.647,0.09292871457200115,41,0.577,0.011055276381909547,1
41,1,4,3,1,3,0,36,4,3,2,0.6555987870982566,1746,21378.0,0.807,0.08182078442599484,50,0.724,0.07638190954773869,0
51,1,1,2,2,3,0,39,1,1,3,0.18513076785870847,1080,6482.0,0.561,0.25651302605210424,85,0.7,0.1437185929648241,0
42,1,2,1,1,3,0,32,4,2,2,0.7492570523343521,1073,25149.0,1.288,0.08348124821070713,30,0.579,0.04120603015075377,0
52,0,0,2,2,4,0,36,3,4,1,0.3303645658555462,0,12366.0,0.738,0.24906956770684222,76,0.9,0.0,0
51,1,1,5,1,3,0,41,5,3,3,0.12696469222467102,808,4830.0,0.781,0.08622960206126538,50,0.613,0.1437185929648241,0
48,0,4,2,2,4,0,35,6,3,2,0.01713238828576353,1143,862.0,0.824,0.21649012310334953,70,0.591,0.5728643216080401,0
45,1,2,2,1,2,0,33,4,3,4,0.036571466577180405,2309,339.0,1.006,0.15751503006012021,63,0.853,0.8763819095477386,0
39,1,2,5,2,1,0,25,4,1,3,0.23226221895718266,1426,7695.0,0.666,0.2050959060979101,80,0.481,0.15678391959798993,0
42,1,2,2,1,1,0,30,3,2,5,0.06943348539952901,1723,2012.0,0.595,0.7999427426281134,92,0.84,0.46331658291457284,0
49,0,4,2,1,4,0,36,3,3,3,0.0,666,772.3,0.675,0.24214142570855998,90,0.667,0.4653266331658291,0
53,1,2,5,1,3,0,43,6,1,3,0.1591918422381242,1354,5350.0,0.411,0.04586315488119096,30,0.364,0.20301507537688443,0
45,1,4,3,1,3,0,34,4,3,3,0.6681450040359518,1261,22278.0,0.484,0.05468079015173204,38,0.462,0.054271356783919596,0
51,0,1,3,1,4,0,36,3,2,3,0.23147619090807406,2517,6578.0,0.37,0.04677927283137705,27,0.421,0.27839195979899495,0
41,0,4,2,2,4,0,35,3,1,4,0.02115322407543451,1283,855.0,0.645,0.24363011737761234,85,0.518,0.6030150753768844,0
49,1,4,5,2,3,0,30,3,2,3,1.0000000000000002,0,34516.0,1.621,0.052333237904380187,28,1.333,0.0,0
40,1,3,3,1,2,0,27,3,2,1,0.16248711367477184,2332,4481.0,0.58,0.12046951044947037,51,0.378,0.3437185929648241,1
40,0,2,5,1,1,3,28,5,3,4,0.46752646042499935,1507,15396.0,0.97,0.18831949613512738,61,0.525,0.08944723618090451,0
49,1,3,5,1,2,0,41,3,4,4,0.5029581863309722,0,18075.0,0.531,0.05422273117663899,30,0.5,0.0,1
49,0,1,5,1,4,1,37,2,3,1,0.439834087617942,2065,13922.0,0.705,0.39307185800171773,100,0.562,0.12964824120603013,0
44,0,1,2,1,4,0,36,3,3,3,0.03415291873376928,1603,965.0,0.432,0.1766962496421414,85,0.545,0.6271356783919597,0
62,0,0,2,1,4,0,55,3,1,0,0.01891606732027923,1282,782.0,0.455,0.05410821643286573,27,0.929,0.6241206030150753,0
52,0,3,4,2,4,0,47,3,3,2,0.046366585342995446,0,2972.0,1.035,0.022444889779559118,25,0.562,0.0,1
57,1,2,5,2,2,0,36,1,1,3,0.6536034851274424,1534,21524.0,0.701,0.3709705124534784,82,0.708,0.06733668341708543,0
47,1,5,4,1,4,0,41,4,2,1,0.06329642024687329,0,3532.0,0.82,0.1507014028056112,56,0.6,0.0,0
65,0,0,3,2,1,0,53,4,1,3,0.02961814152737343,2205,213.0,0.84,0.19398797595190378,74,0.51,0.9165829145728642,0
59,1,0,2,2,4,0,36,5,3,3,0.0654731133059433,1483,2121.0,0.597,0.2316633266533066,87,0.706,0.41306532663316575,0
59,1,0,3,1,4,0,47,6,3,4,0.0012304362153354106,787,692.0,0.865,0.09212711136558832,70,0.556,0.5346733668341709,0
56,1,1,3,1,3,0,36,4,1,2,0.07460313141482028,1851,2055.0,0.73,0.07494989979959919,33,0.833,0.4763819095477386,0
39,1,2,4,1,3,0,31,5,2,1,0.5301366177213047,2517,16457.0,1.369,0.12900085886057827,56,1.0,0.13366834170854272,0
57,0,0,2,2,4,0,45,4,3,3,0.04790840959317003,2517,506.0,0.646,0.1114801030632694,42,0.615,0.8371859296482411,1
41,1,2,0,1,3,0,31,1,1,3,0.05646402258923686,706,2600.0,0.814,0.24288577154308613,76,0.9,0.21507537688442208,0
45,0,3,3,1,1,0,37,6,2,2,0.05927558445720229,0,3399.0,0.991,0.2862296020612654,78,0.66,0.0,1
65,0,1,5,2,4,0,51,3,3,5,0.29018643980687897,1491,9546.0,0.651,0.10873174921271113,63,0.75,0.135678391959799,0
47,1,3,1,1,0,0,41,6,2,2,0.14223177548620372,1151,4992.0,0.866,0.2175780131691955,72,0.895,0.18793969849246228,0
56,1,3,2,2,2,0,46,1,2,2,0.013685957608902677,1134,757.0,0.636,0.27054108216432865,77,0.833,0.6030150753768844,0
36,0,2,5,2,1,0,26,3,2,4,0.05117344918177504,2379,752.0,0.748,0.10220440881763528,63,0.853,0.7638190954773869,0
35,0,4,5,1,4,0,25,2,3,2,0.05867094749634951,587,2792.0,0.67,0.2628685943315202,80,0.702,0.17487437185929647,0
39,1,4,2,2,2,0,26,6,2,0,0.09358873198559756,917,3617.0,0.84,0.2107643859146865,66,0.61,0.20301507537688443,0
37,1,2,2,2,2,0,36,4,2,2,0.187428388309949,947,6691.0,0.682,0.1034068136272545,58,0.611,0.12462311557788944,0
56,1,2,2,0,0,0,45,3,3,1,0.056161704108810474,1435,1861.0,0.968,0.21740624105353562,66,0.737,0.43718592964824116,0
43,1,3,2,1,3,0,32,2,1,2,0.08337036734718559,1331,2865.0,0.537,0.8024620669911251,116,0.841,0.3185929648241206,0
44,0,3,0,1,1,0,24,3,1,4,0.21333708208249066,1537,6958.0,0.919,0.08130546807901518,31,0.938,0.18190954773869344,0
57,0,2,3,1,4,0,36,4,2,2,0.0,904,534.3,0.761,0.19221299742341824,79,0.837,0.6321608040201004,0
53,0,2,5,2,1,0,47,1,2,3,0.007881442784715989,0,1699.0,0.602,0.11394217005439451,49,0.531,0.0,1
60,0,1,2,2,4,0,55,4,1,0,0.027441448468303424,2150,196.0,0.666,0.2325794446034927,90,0.8,0.9206030150753768,0
52,0,2,2,2,1,0,46,4,2,3,0.08527497377387183,0,4259.0,0.59,0.22095619811050674,80,0.702,0.0,0
55,1,2,2,2,3,0,36,5,2,2,0.27709604960441625,1988,8616.0,0.644,0.06000572573718867,30,0.579,0.18793969849246228,0
46,1,4,5,2,3,0,28,4,3,2,0.556408093670358,1178,18665.0,0.909,0.06344116805038649,49,0.633,0.05929648241206029,0
57,0,1,2,1,4,0,52,5,1,2,0.19480495923235294,1101,6781.0,0.682,0.808531348411108,120,0.6,0.1407035175879397,0
37,1,3,1,2,2,0,30,6,1,3,0.13561100076486576,1023,4901.0,0.765,0.15888920698539935,80,0.778,0.1738693467336683,0
34,0,3,4,2,4,0,29,3,1,4,0.005402431245219594,1347,270.0,0.73,0.1154308617234469,55,0.719,0.8371859296482411,0
52,1,2,5,1,0,0,42,1,1,3,0.970856498486896,1252,32300.0,0.793,0.7993129115373604,98,0.815,0.0371859296482412,0
50,0,1,5,1,4,0,36,6,2,2,0.08361222213152669,499,3705.0,0.635,0.241053535642714,67,0.523,0.11959798994974873,0
65,1,0,2,1,4,0,56,6,3,2,0.03333665883661804,1616,925.0,0.417,0.05073003149155454,27,0.588,0.6391959798994974,0
35,0,3,2,0,4,0,29,4,2,3,0.002197855352699861,864,647.0,0.712,0.2458058975093043,64,0.829,0.5748743718592964,0
51,0,3,2,2,4,0,46,6,3,1,0.04500615218107668,1499,1428.0,0.649,0.23704551961064987,70,0.944,0.514572864321608,0
59,1,0,2,1,3,3,40,3,2,3,1.0000000000000002,1359,33157.0,1.327,0.028800458058975093,26,1.364,0.03919597989949748,0
37,1,3,5,1,1,0,25,5,0,3,0.0,0,1438.3,1.023,0.2585742914400229,77,0.925,0.0,0
42,1,2,2,2,3,0,36,6,3,1,0.7634055572183073,0,26690.0,1.144,0.21946750644145432,76,1.054,0.0,0
34,1,2,5,1,1,0,26,5,1,4,0.0,708,730.3,1.212,0.09808187804179787,43,0.483,0.4944723618090452,0
43,1,3,2,2,4,0,31,3,1,2,0.08040764623900695,1776,2322.0,0.673,0.19519038076152304,84,0.647,0.4351758793969849,0
45,0,3,3,1,4,0,35,2,2,1,0.0335482817729165,2250,298.0,0.581,0.2414543372459204,77,0.791,0.8874371859296482,0
47,0,4,2,2,4,0,39,3,2,3,0.1788123116177969,1450,5903.0,0.739,0.08445462353277984,54,0.459,0.1979899497487437,0
61,0,2,2,2,4,0,45,2,2,3,0.03518080156721901,1441,1161.0,0.704,0.24666475808760377,85,0.735,0.5567839195979899,0
42,1,3,2,2,3,3,31,2,2,3,1.0000000000000002,2120,32396.0,0.9,0.8070999141139421,97,0.644,0.06130653266331658,0
61,0,0,3,1,4,0,36,2,1,3,0.05250365049565115,1116,2059.0,0.978,0.7753220727168623,101,0.683,0.3527638190954773,0
52,0,1,5,1,4,0,40,2,2,1,0.0,1228,210.3,0.659,0.2554251359862582,78,0.902,0.8582914572864321,0
56,0,2,3,2,4,0,42,5,4,2,0.029769300767586625,268,2155.0,0.804,0.11371314056684799,59,0.639,0.11155778894472361,1
35,1,2,3,2,1,0,36,5,3,4,0.020004413849814225,950,1150.0,0.764,0.11983967935871744,74,1.114,0.45427135678391956,0
52,0,3,2,0,4,0,41,3,3,4,0.13972253209866467,1687,4373.0,0.563,0.19599198396793585,65,0.711,0.2793969849246231,0
41,1,2,2,1,3,0,35,3,3,4,0.2852284167278862,1514,9359.0,0.879,0.26103635843114803,82,0.783,0.13969849246231156,0
44,0,5,0,1,4,0,34,4,1,2,0.019883486457643672,1711,385.0,0.746,0.18104780990552533,68,0.744,0.8201005025125627,0
42,1,3,2,2,2,0,33,3,1,3,0.17805651541673093,936,6392.0,0.689,0.22834239908388201,79,0.795,0.128643216080402,0
34,1,3,3,2,3,3,21,6,4,3,1.0000000000000002,2517,31999.0,0.791,0.13575722874320068,75,0.923,0.07336683417085427,0
33,0,4,0,2,4,0,36,1,3,0,0.0,0,1438.3,0.566,0.23538505582593758,85,0.7,0.0,0
39,1,2,1,2,2,0,36,2,2,1,0.010632540956596138,891,899.0,0.45,0.22719725164614943,96,0.574,0.500502512562814,0
40,0,1,3,2,4,0,29,3,2,2,0.03227854415512566,1362,1144.0,0.844,0.2367592327512167,82,0.745,0.5457286432160804,0
46,0,3,3,2,4,0,34,4,3,3,0.8496570196839563,1164,28379.0,0.717,0.02776982536501574,27,0.35,0.03919597989949748,1
46,0,1,2,1,4,0,34,1,3,1,0.04001789725404125,1793,969.0,0.901,0.2562839965645577,78,0.66,0.6522613065326632,0
43,0,3,2,2,1,0,29,5,2,0,0.05864071564830687,1069,2309.0,0.581,0.04322931577440596,16,0.333,0.3175879396984924,0
35,0,1,3,1,4,0,17,5,3,3,0.09522125177990007,2517,2071.0,1.525,0.10947609504723733,62,0.632,0.5517587939698493,0
43,1,4,2,1,0,0,31,6,1,3,0.15202689425201876,1887,4580.0,0.442,0.20429430289149725,61,0.605,0.29346733668341707,0
37,0,3,3,1,1,0,31,5,3,3,0.004465243955897785,1038,548.0,0.973,0.0683653020326367,24,0.714,0.657286432160804,0
41,0,1,5,1,4,0,31,2,2,2,0.04446197891630919,1201,1708.0,0.729,0.21185227598053247,68,0.659,0.41507537688442203,0
45,0,2,2,1,1,0,37,5,2,3,0.12466707177343045,1556,4006.0,0.751,0.23120526767821356,76,0.767,0.2814070351758794,0
42,1,2,2,1,3,0,31,4,2,3,0.33096920281639897,980,11406.0,0.656,0.1571142284569138,69,0.568,0.0793969849246231,0
56,1,3,2,1,1,0,46,6,3,4,0.044492210764351815,709,2201.0,0.538,0.03790438018894933,27,0.588,0.24522613065326632,0
48,1,3,2,2,2,0,42,3,2,4,0.5331900343736112,0,19075.0,0.807,0.08491268250787289,32,0.455,0.0,1
39,1,3,5,2,3,0,31,2,2,3,0.042496908793537645,2065,779.0,0.638,0.3902089894073862,73,0.738,0.7296482412060301,0
46,1,3,2,1,3,0,37,6,4,3,0.002772260465510004,0,1530.0,0.635,0.21334096764958488,78,0.773,0.0,0
52,0,0,5,1,4,0,34,4,4,3,0.01701146089359297,960,1041.0,0.678,0.20017177211565987,86,0.83,0.48241206030150746,0
62,0,0,2,1,4,0,49,2,3,3,0.0,0,1438.3,1.047,0.009275694245634122,16,0.6,0.0,1
47,1,2,2,2,1,0,35,6,1,3,0.0374179583223743,2157,519.0,0.901,0.2353277984540509,69,0.605,0.8100502512562814,0
48,0,3,2,1,4,0,41,1,2,2,0.20060947405653962,2426,5648.0,0.72,0.27724019467506444,93,0.788,0.3015075376884422,0
31,1,1,2,1,1,0,20,6,2,5,0.031159965777548017,1695,774.0,0.842,0.062124248496993995,36,0.333,0.6904522613065327,0
46,0,3,2,1,4,0,40,5,1,3,0.06520102667355954,1087,2508.0,0.528,0.2292585170340681,71,0.919,0.30351758793969846,0
36,0,3,2,1,4,0,27,1,2,3,0.02689727520353593,1953,375.0,0.599,0.22004008016032064,89,0.935,0.8432160804020099,0
51,0,3,3,2,4,0,46,4,1,4,0.02562753758574509,1641,645.0,0.947,0.21706269682221585,89,0.712,0.7216080402010049,0
49,0,0,2,2,4,0,43,6,3,3,0.04340386423481681,0,2874.0,0.676,0.23401087890065844,89,0.78,0.0,0
51,1,1,2,1,2,0,35,3,3,2,0.24641072384113769,628,8961.0,0.695,0.1970226166618952,66,0.784,0.06532663316582914,0
62,1,1,2,1,3,0,49,3,1,2,0.03019254664018358,1400,1037.0,0.779,0.06418551388491268,32,1.0,0.5768844221105527,0
45,0,4,3,2,1,0,29,3,2,1,0.09543287471619855,1781,2814.0,0.708,0.18413970798740337,68,0.545,0.38994974874371857,0
52,1,2,3,2,1,0,36,3,1,3,0.0009583495829516633,0,1470.0,0.64,0.20412253077583736,63,0.75,0.0,0
38,1,2,0,1,3,0,23,4,1,1,0.5075231953854107,1847,16379.0,0.845,0.06590323504151159,43,0.87,0.10150753768844221,0
33,0,1,2,2,1,0,24,5,1,2,0.1327692070488577,1665,4165.0,0.684,0.09922702547953048,60,0.714,0.2874371859296482,0
37,1,1,2,1,2,0,19,6,1,2,0.529441285216324,1243,17708.0,1.148,0.13421127970226165,58,0.657,0.06633165829145729,0
47,1,1,5,1,3,0,34,4,1,3,0.5798982395994885,1085,19535.0,1.276,0.05422273117663899,23,0.533,0.05326633165829145,0
44,0,3,5,0,4,3,38,4,1,3,0.29290730613071647,1835,9292.0,2.368,0.058173489836816486,25,1.273,0.1658291457286432,0
33,0,1,3,2,4,3,24,5,2,2,0.3482013562007032,0,12956.0,1.053,0.11233896364156885,56,0.931,0.0,0
53,1,3,2,1,0,0,46,1,2,2,0.36978689570314743,0,13670.0,0.819,0.24517606641855136,81,0.653,0.0,0
51,1,4,2,2,0,0,42,3,2,3,1.0000000000000002,1763,32753.0,1.266,0.05840251932436301,41,1.05,0.05125628140703517,0
51,1,2,5,2,2,0,40,4,2,2,0.6155718202898025,893,20907.0,0.445,0.18837675350701402,62,0.676,0.04120603015075377,0
37,1,2,5,2,4,0,24,2,2,3,0.006369850382584044,0,1649.0,0.864,0.11703406813627255,51,0.7,0.0,1
49,0,2,5,1,4,0,38,6,3,3,0.03112973392950539,0,2468.0,1.057,0.16266819352991696,62,0.676,0.0,0
33,0,2,2,1,1,0,19,4,3,4,0.044401515220223904,1537,1370.0,0.79,0.22101345548239335,76,1.0,0.5316582914572864,0
45,1,3,3,2,2,0,35,5,3,3,0.1696520616608773,659,6391.0,0.52,0.040423704551961065,36,1.0,0.09346733668341707,0
41,0,3,3,1,4,0,36,5,1,2,0.13394824912252062,0,5869.0,0.713,0.20961923847695388,65,0.857,0.0,0
44,0,3,0,1,4,0,36,2,3,3,0.11846954292468947,2139,3218.0,0.499,0.08296593186372746,48,0.655,0.40100502512562813,1
51,0,2,3,0,4,0,36,2,1,1,0.0,0,1438.3,0.765,0.2482679645004294,65,0.625,0.0,0
51,1,3,2,1,3,0,36,6,2,3,0.29227243732182107,2107,8999.0,0.948,0.04082450615516747,24,1.0,0.19095477386934673,0
36,1,2,3,1,0,0,36,3,1,2,1.0000000000000002,939,33577.0,0.826,0.8601202404809619,107,0.754,0.027135678391959798,0
45,0,4,2,2,4,0,40,5,4,3,0.0,0,1438.3,0.605,0.09602061265387919,41,0.64,0.0,1
44,0,4,0,1,4,3,37,3,2,2,0.28271917334034713,1930,8860.0,0.75,0.02988834812482107,16,1.286,0.17989949748743717,0
51,0,1,5,2,1,0,46,5,3,2,0.025567073889659807,1674,610.0,0.784,0.24935585456627538,86,0.83,0.7366834170854271,0
43,0,4,2,0,4,0,36,3,2,2,0.0,743,695.3,0.624,0.2263956484397366,78,0.625,0.5195979899497487,0
49,0,1,2,1,4,3,40,2,3,2,0.36195684706010395,1736,11675.0,0.841,0.6849699398797595,113,0.738,0.12964824120603013,0
37,1,3,2,1,2,0,23,4,3,2,0.048240959921639064,2167,867.0,0.711,0.08748926424277126,49,0.485,0.7175879396984923,0
43,1,3,3,2,0,0,36,3,1,3,1.0000000000000002,0,34516.0,0.852,0.08393930718580017,48,0.548,0.0,0
50,1,3,4,2,3,0,40,5,2,2,0.905283620082412,1688,29695.0,0.765,0.06819352991697682,56,0.75,0.054271356783919596,0
47,0,4,2,0,4,0,42,1,3,3,0.13180178791149327,2517,3281.0,0.58,0.07615230460921843,43,0.433,0.43618090452261304,1
36,0,3,3,2,4,0,23,6,3,4,0.04128763487183209,2090,714.0,1.248,0.13066132264529057,77,1.081,0.7487437185929647,0
40,1,4,5,2,0,0,36,4,3,2,0.13104599171042727,2024,3749.0,0.977,0.18333810478099052,71,0.972,0.3527638190954773,0
35,0,2,2,1,4,0,21,5,1,2,0.054166402137996304,2517,713.0,0.677,0.07924420269109647,31,0.348,0.7829145728643215,0
37,0,4,3,2,1,0,36,5,3,1,0.050024638956154756,2517,576.0,0.855,0.04815344975665617,23,0.917,0.8180904522613064,0
33,1,1,3,2,3,0,28,4,3,3,1.0000000000000002,0,34516.0,0.636,0.13020326367019752,70,0.842,0.0,0
29,1,0,2,1,1,0,36,3,3,4,0.0006257992544826327,590,869.0,1.164,0.09728027483538505,52,1.08,0.40603015075376886,0
44,0,3,3,2,4,0,36,2,3,3,0.023874090399272026,0,2228.0,0.686,0.1141139421700544,45,0.607,0.0,1
28,1,1,5,2,2,0,18,6,3,2,0.4584871378602503,1716,14888.0,1.025,0.11737761236759232,61,0.649,0.10351758793969848,0
34,1,0,2,0,3,3,24,1,2,3,1.0000000000000002,400,34116.0,0.202,0.2623532779845405,49,0.256,0.012060301507537688,1
38,0,1,3,0,4,0,30,2,3,2,0.038808623332335694,1303,1419.0,0.391,0.2266246779272831,88,0.833,0.48140703517587935,0
37,1,2,3,1,0,0,32,6,1,1,1.0000000000000002,0,34516.0,0.928,0.17921557400515314,59,1.107,0.0,0
42,1,5,3,1,2,0,36,2,4,3,0.055526835299915055,1525,1750.0,0.749,0.8187804179788147,112,0.697,0.46834170854271356,0
43,0,2,3,1,4,0,29,4,1,2,0.035604047439815954,1786,830.0,0.876,0.26847981677641,63,0.75,0.6864321608040201,0
57,0,2,1,0,1,0,48,2,2,2,0.08615169736710837,1678,2610.0,0.643,0.8574291440022903,113,0.687,0.392964824120603,0
62,1,2,2,2,4,0,48,6,3,2,0.13319245292145465,2013,3831.0,0.478,0.1726882336100773,65,0.548,0.3457286432160803,0
46,0,2,5,1,1,0,35,6,2,1,0.142292239182289,1349,4796.0,0.971,0.24981391354136842,93,0.824,0.22110552763819094,0
46,0,4,5,1,4,0,37,3,3,3,0.031794834586443436,0,2490.0,0.835,0.43790438018894934,91,0.596,0.0,0
61,0,0,2,0,4,0,36,2,3,3,0.02076021005088021,0,2125.0,0.654,0.1334096764958488,38,0.727,0.0,1
51,0,2,2,1,1,0,44,4,6,4,0.12246014686631781,1665,3824.0,0.742,0.19925565416547378,75,0.786,0.3045226130653266,0
59,0,0,2,1,4,0,36,2,3,2,0.008153529417099743,0,1708.0,0.443,0.08371027769825365,38,0.357,0.0,1
45,0,5,2,1,4,0,40,3,2,2,0.4017721909322595,0,14728.0,0.708,0.23647294589178355,85,0.735,0.0,0
39,0,4,2,1,4,0,31,6,1,4,0.04388757380349904,0,2890.0,0.545,0.0864586315488119,36,0.44,0.0,0
36,0,3,5,1,4,0,28,5,3,2,0.11955788945422446,2509,2884.0,0.679,0.24271399942742625,102,0.729,0.4673366834170854,0
48,0,2,2,1,4,0,38,6,2,3,0.08899349108311644,0,4382.0,0.714,0.10970512453478386,34,0.417,0.0,1
42,0,2,5,1,4,0,32,5,5,3,0.09884907354501676,0,4708.0,0.718,0.23286573146292586,89,0.679,0.0,0
48,0,4,0,1,4,0,37,3,2,3,0.009272107794677388,0,1745.0,0.657,0.10117377612367591,44,0.63,0.0,1
51,0,0,3,1,4,0,35,5,3,4,0.051203681029817684,1815,1317.0,1.018,0.17618093329516174,60,0.935,0.5829145728643215,0
48,1,4,2,1,2,0,37,2,2,1,0.5151113892441131,0,18477.0,0.771,0.46750644145433723,95,0.583,0.0,0
51,1,0,2,1,3,0,40,4,3,2,0.1729171012494823,0,7158.0,0.904,0.09063841969653592,60,0.875,0.0,0
51,0,1,2,1,1,0,43,2,2,2,0.020216036786112702,1663,444.0,0.712,0.24683653020326365,88,0.725,0.792964824120603,0
44,1,3,0,2,2,3,32,4,1,3,0.815011321827092,1421,26976.0,0.635,0.0632693959347266,31,0.824,0.05025125628140703,0
51,0,2,3,2,4,0,47,5,2,3,0.049299074603131425,2517,552.0,0.73,0.22799885485256224,83,0.766,0.8241206030150753,0
36,0,4,3,1,4,0,36,4,1,3,0.08581914703863935,1578,2699.0,0.84,0.07586601774978528,49,1.042,0.3708542713567839,0
43,1,3,0,2,3,0,34,2,2,2,0.11946719391009655,1324,4066.0,0.611,0.41276839393071857,106,0.472,0.2472361809045226,0
31,0,0,5,1,4,0,19,5,3,2,0.028167012821326755,1699,671.0,0.889,0.10770111651875179,53,0.656,0.7206030150753768,0
55,0,2,2,2,4,0,36,3,3,2,0.013534798368689482,1023,863.0,0.708,0.21202404809619235,81,0.884,0.5447236180904522,0
41,0,3,5,1,1,0,36,1,3,4,0.06553357700202855,0,3606.0,0.37,0.0743773260807329,41,0.519,0.0,1
47,1,2,2,1,1,0,30,4,3,2,0.0136254939128174,0,1889.0,0.874,0.11159461780704265,46,0.533,0.0,1
46,1,3,5,1,2,1,33,3,1,3,1.0000000000000002,713,33803.0,0.772,0.4133982250214715,82,0.608,0.021105527638190954,0
40,1,3,3,1,2,0,36,4,2,1,0.06607775026679608,1975,1649.0,0.708,0.053764672201545946,23,1.091,0.5477386934673367,0
53,1,3,3,1,2,0,47,5,2,2,0.0,0,1438.3,0.776,0.0947036931004867,53,0.828,0.0,0
46,0,3,2,2,4,0,37,1,2,4,0.0,0,1438.3,0.35,0.0702547953048955,44,0.467,0.0,1
39,0,2,2,2,4,0,32,2,1,2,0.08727027574468602,2418,1907.0,0.796,0.23235041511594615,77,0.791,0.5618090452261306,0
47,0,4,2,1,4,0,36,6,1,4,0.022362497997140067,1455,723.0,1.001,0.27672487832808473,76,0.81,0.671356783919598,0
38,0,2,2,1,4,0,32,5,3,3,0.09041438794112047,0,4429.0,1.065,0.08245061551674777,40,0.818,0.0,0
47,1,3,3,2,2,0,36,4,3,2,0.11807652890013515,1582,3762.0,0.537,0.0832522187231606,36,1.0,0.2974874371859296,0
39,0,2,5,1,4,0,30,3,1,3,0.05047811667679434,778,2330.0,0.645,0.20612653879186943,87,0.706,0.25125628140703515,0
56,0,1,2,1,4,0,51,3,3,4,0.0,0,1438.3,0.798,0.19164042370455195,70,0.556,0.0,0
48,1,4,0,1,3,0,44,2,3,3,0.24444565371836616,1449,8075.0,0.559,0.40062983109075295,58,0.657,0.15276381909547737,1
46,1,3,0,2,2,0,36,4,2,3,0.005523358637390154,787,834.0,0.551,0.23985113083309476,73,0.738,0.4884422110552763,0
49,1,2,5,1,3,0,31,1,5,3,0.5833446702763494,2517,18217.0,0.888,0.4785571142284569,103,0.717,0.121608040201005,0
53,0,3,2,1,4,0,48,5,1,2,0.006611705166925157,0,1657.0,0.664,0.20257658173489834,73,0.622,0.0,0
47,0,4,2,0,4,0,41,6,5,3,0.061784827844741326,2114,1368.0,0.508,0.02914400229029487,24,0.263,0.6100502512562813,0
29,1,0,3,1,1,0,13,4,1,4,0.000595567406439991,671,787.0,1.583,0.10987689665044374,56,0.931,0.4623115577889447,0
42,1,4,2,1,2,3,28,5,1,2,0.8091161114587774,843,27359.0,0.637,0.06292585170340681,38,0.727,0.030150753768844216,0
37,1,3,0,2,1,0,28,5,2,3,0.062026682629082446,1421,2069.0,1.125,0.1638705983395362,80,0.86,0.4090452261306532,0
42,1,0,3,2,2,0,36,4,3,6,0.431127315381662,0,15699.0,0.569,0.0723160606928142,40,0.6,0.0,1
42,0,4,5,2,4,3,36,4,3,3,0.2615871115585425,0,10091.0,1.121,0.16129401660463782,64,0.778,0.0,0
41,0,4,2,0,1,0,33,1,3,1,0.26971947868201235,2517,7843.0,0.632,0.10787288863441168,28,0.273,0.24422110552763815,1
46,1,3,0,1,3,0,26,6,2,3,0.0,864,574.3,0.766,0.10128829086744918,40,0.481,0.6040201005025125,1
31,1,0,2,1,1,0,21,3,3,0,0.02175786103628729,1729,429.0,1.1,0.06802175780131692,42,0.448,0.8050251256281407,0
60,0,1,2,2,4,0,46,2,3,2,0.09643052570160562,2327,2301.0,0.611,0.21162324649298594,92,0.736,0.5055276381909547,0
38,0,1,2,1,1,0,26,5,3,1,0.027441448468303424,1407,939.0,0.77,0.2053249355854566,79,0.975,0.6030150753768844,0
44,1,2,5,1,3,0,33,3,1,1,0.9993953630391473,1665,32831.0,0.883,0.4329802462066991,80,0.667,0.04824120603015075,0
56,0,5,2,1,4,0,36,5,4,4,0.04987347971594156,2517,571.0,0.848,0.10088748926424278,54,0.862,0.8190954773869346,0
59,0,1,2,2,4,0,36,3,2,3,0.25977320067598414,0,10031.0,0.238,0.07225880332092757,29,0.074,0.0,1
45,0,3,2,2,4,0,32,6,3,4,0.2374923286685592,2000,7294.0,0.637,0.22336100772974518,82,0.673,0.21608040201005022,0
52,1,1,2,1,2,0,43,3,3,2,0.17379382484271882,2014,5173.0,0.649,0.036014886916690525,26,0.733,0.2814070351758794,0
43,1,2,2,2,1,0,31,6,1,1,0.24861764874825035,817,8845.0,0.679,0.1882049813913541,70,0.489,0.08542713567839195,0
38,0,2,2,2,1,0,36,6,2,3,0.02698797074766384,1709,622.0,0.851,0.22255940452333237,69,0.816,0.7366834170854271,0
61,0,1,2,1,4,0,50,3,3,1,0.05806631053549673,1405,1954.0,0.684,0.24855425135986256,79,0.975,0.42010050251256276,0
44,0,3,2,2,4,3,34,3,3,2,0.36794275297254647,1432,12177.0,0.836,0.4160320641282565,77,0.791,0.10552763819095476,0
52,1,2,2,1,4,0,36,3,3,3,0.04255737248962293,1606,1240.0,0.697,0.2612081305468079,86,0.792,0.5668341708542712,0
45,0,3,0,1,4,0,36,4,2,4,0.0269577388996212,2294,36.0,0.456,0.09029487546521614,40,0.333,0.9899497487437184,1
56,0,1,5,0,4,0,52,6,1,2,0.48741901643705576,0,17561.0,0.94,0.06172344689378757,33,1.2,0.0,0
44,0,5,2,2,1,0,36,2,1,2,0.07414965369418067,1015,2876.0,0.755,0.2634411680503865,86,0.72,0.2623115577889447,0
44,0,4,2,1,1,0,31,4,3,5,0.007639588000374883,1327,364.0,0.774,0.10392212997423418,33,0.435,0.7889447236180904,1
41,0,5,2,1,4,0,28,6,2,2,0.16620563098401644,0,6936.0,0.883,0.13421127970226165,44,0.63,0.0,1
55,1,1,0,2,3,0,48,3,3,3,0.16348476466017894,0,6846.0,0.62,0.06899513312338963,35,0.522,0.0,1
45,0,4,4,2,4,0,36,1,3,3,0.09186551664716713,2517,1960.0,1.022,0.25571142284569137,55,0.486,0.5648241206030151,1
53,1,2,2,1,0,0,43,6,3,2,0.13434126314707492,2335,3547.0,0.579,0.04866876610363584,30,0.667,0.39899497487437185,0
58,0,0,2,1,1,0,47,2,2,1,0.022846207565822292,1302,892.0,0.814,0.25376467220154597,81,0.841,0.5959798994974873,0
54,0,3,3,1,4,0,36,1,1,1,0.05244318679956588,1822,1351.0,0.801,0.2492413398225021,71,0.614,0.5768844221105527,0
47,0,1,3,1,4,0,36,6,5,1,0.1143882434389332,2517,2705.0,0.569,0.22347552247351846,81,0.588,0.48442211055276374,0
59,0,1,3,2,4,0,46,2,3,2,0.1827726837113826,1939,5545.0,0.994,0.25153163469796735,56,0.333,0.26030150753768844,1
41,1,2,3,2,3,0,29,6,3,4,0.8157671180281579,1258,27164.0,0.672,0.24683653020326365,80,0.6,0.04422110552763819,0
59,0,0,1,1,4,0,52,6,4,2,0.026111247154427315,0,2302.0,0.52,0.09882622387632407,40,0.667,0.0,1
41,1,4,3,1,0,0,35,5,4,2,0.5077045864736666,1140,17092.0,0.657,0.24305754365874602,84,1.1,0.06331658291457286,0
49,0,4,3,2,4,3,30,2,3,2,1.0000000000000002,1963,32553.0,0.758,0.7239622101345549,86,0.792,0.057286432160804014,0
48,0,3,2,2,4,0,37,2,2,1,0.020155573090027433,1072,1033.0,0.514,0.2463784712281706,81,1.077,0.5115577889447236,0
56,1,3,2,2,2,0,36,2,2,3,0.09987695637846647,855,3887.0,0.635,0.019467506441454337,24,0.5,0.1809045226130653,1
35,1,1,3,1,3,0,25,6,1,2,0.6818097993512245,2307,21684.0,0.912,0.07517892928714572,43,0.72,0.0964824120603015,0
50,1,2,5,2,3,0,42,3,3,4,0.006248922990413484,0,1645.0,0.771,0.18940738620097336,60,0.463,0.0,0
43,0,5,5,2,4,0,36,4,3,2,0.018704444383980758,1279,778.0,0.562,0.21706269682221585,76,0.689,0.6251256281407035,0
35,0,1,2,2,1,0,16,3,2,2,0.03348781807683123,1348,1198.0,0.877,0.20698539937016888,75,0.596,0.5316582914572864,0
45,0,5,2,1,4,0,39,5,3,2,0.04319224129851835,1209,1658.0,0.727,0.27374749498997997,81,0.976,0.4241206030150753,0
42,0,3,3,2,4,0,36,2,3,3,0.02136484701173299,0,2145.0,0.577,0.11079301460062983,42,0.355,0.0,1
52,1,0,2,1,3,0,36,4,3,4,0.09785142255960966,0,4675.0,0.863,0.1693100486687661,69,0.683,0.0,0
52,0,4,2,2,4,0,46,3,3,3,0.054196633986038946,2215,1016.0,0.515,0.233610077297452,90,0.607,0.6894472361809045,0
37,1,4,2,2,0,0,28,3,3,4,1.0000000000000002,0,34516.0,0.572,0.11703406813627255,62,0.771,0.0,0
58,1,1,5,2,2,0,46,6,3,1,0.03333665883661804,1053,1488.0,0.926,0.23028914972802747,82,0.745,0.4160804020100502,0
41,1,3,2,1,0,0,33,2,4,3,1.0000000000000002,638,33878.0,0.724,0.7188663040366448,139,0.675,0.01809045226130653,0
52,1,5,2,1,3,0,40,3,3,4,0.8729657745248309,776,29538.0,0.705,0.1580303464070999,82,0.64,0.026130653266331655,0
55,1,2,3,1,1,0,47,5,3,2,0.05011533450028268,2217,879.0,0.799,0.08479816776409962,41,0.783,0.7195979899497487,0
53,0,3,2,2,4,0,40,6,3,1,0.07738446143474306,0,3998.0,0.638,0.21145147437732606,79,0.717,0.0,0
52,0,4,2,1,4,0,36,1,4,5,0.021304383315647706,0,2143.0,0.853,0.04712281706269682,36,0.333,0.0,1
57,1,2,3,2,2,0,47,6,3,4,0.024478727360124804,0,2248.0,0.735,0.22381906670483823,77,0.54,0.0,0
45,0,3,3,2,4,0,34,2,3,2,0.046487512735166,2372,604.0,0.772,0.24443172058402515,83,0.729,0.8010050251256281,0
51,1,3,0,1,3,0,34,5,2,4,0.012869697711751428,1427,437.0,0.725,0.1891210993415402,73,0.587,0.7698492462311557,0
45,1,4,5,1,2,3,33,5,2,4,0.7397340202009209,745,25162.0,0.607,0.08748926424277126,56,0.806,0.02914572864321608,0
55,1,0,1,1,3,0,36,3,1,3,0.20671630736115268,1671,6605.0,0.359,0.05032922988834812,25,0.25,0.20301507537688443,0
47,1,2,2,0,3,0,40,6,1,3,0.46262890104209187,1225,15516.0,0.641,0.17623819066704838,56,0.514,0.07336683417085427,0
60,0,1,5,1,4,0,36,5,1,0,0.014351058265840738,1272,641.0,1.008,0.05256226739192671,22,1.0,0.6683417085427136,0
49,0,5,3,1,1,0,33,6,3,2,0.03227854415512566,1549,957.0,0.752,0.2414543372459204,91,0.936,0.6211055276381909,0
34,0,1,2,2,4,0,21,6,1,3,0.1492757960801386,1322,5054.0,0.709,0.26693386773547095,70,0.628,0.2080402010050251,0
53,1,1,3,1,0,1,44,1,6,3,1.0000000000000002,831,33685.0,0.727,0.7281419982822789,107,0.754,0.024120603015075376,0
52,1,5,2,2,3,0,47,3,1,1,0.01840212590355436,665,1382.0,0.605,0.16730604065273402,66,0.692,0.3266331658291457,0
34,0,3,5,2,4,0,26,4,2,3,0.05428732953016686,971,2263.0,0.79,0.19805324935585455,71,0.868,0.3015075376884422,0
51,0,1,3,1,4,0,43,5,1,3,0.011599960093960589,1114,708.0,0.539,0.2679645004294303,73,0.553,0.6140703517587939,0
26,1,0,0,2,4,0,36,4,1,3,0.0,479,959.3,0.553,0.07191525908960779,37,0.37,0.3346733668341708,0
51,0,2,3,2,4,0,36,2,1,2,0.026625188571152168,1347,972.0,0.722,0.40240480961923847,85,0.491,0.5839195979899496,0
52,0,1,5,2,4,0,45,5,2,3,0.005886140813901819,0,1633.0,0.725,0.22364729458917834,75,0.667,0.0,0
50,1,4,3,1,0,0,41,2,2,2,1.0000000000000002,2353,32163.0,0.667,0.8407672487832808,129,0.675,0.06834170854271357,0
49,1,2,3,2,3,3,40,4,3,2,1.0000000000000002,1313,33203.0,0.583,0.837331806470083,99,0.833,0.03819095477386934,0
53,1,1,5,1,1,0,43,3,1,2,0.09032369239699256,1530,2896.0,0.518,0.04013741769252792,34,0.214,0.3477386934673366,0
42,0,2,2,2,1,0,34,4,4,3,0.0312204294736333,1658,813.0,0.682,0.22192957343257944,62,0.676,0.6743718592964824,0
47,1,3,5,2,1,0,39,4,3,1,0.011206946069406282,457,1352.0,0.703,0.09384483252218723,49,0.485,0.2542713567839196,1
43,1,3,0,1,2,0,36,2,1,2,0.11967881684639503,1265,4132.0,0.676,0.41574577726882334,84,0.615,0.23517587939698492,0
29,0,0,4,0,4,0,17,3,2,4,0.034666860150494146,2008,577.0,1.266,0.17114228456913827,73,0.622,0.7809045226130653,0
40,0,3,2,1,4,0,29,6,2,4,0.0012304362153354106,458,1021.0,0.466,0.07334669338677355,44,0.517,0.3115577889447236,1
41,1,2,2,1,2,3,36,6,2,0,0.7727774301115253,0,27000.0,0.61,0.038877755511022044,39,0.3,0.0,0
64,0,1,2,2,1,0,56,5,2,4,0.11227201407594847,948,4204.0,0.953,0.20292012596621814,72,1.057,0.18492462311557786,0
46,0,4,2,2,1,0,34,6,2,1,0.03847607300386666,0,2711.0,0.636,0.24420269109647866,65,1.031,0.0,0
47,0,1,2,1,4,0,35,6,2,4,0.01244645183915448,896,954.0,0.724,0.11926710563985114,41,0.708,0.48643216080402,1
55,1,3,2,2,1,3,45,2,3,1,0.5045604742772322,0,18128.0,0.71,0.11296879473232178,49,0.885,0.0,1
48,0,4,2,2,1,0,36,1,1,2,0.14156667482926566,1679,4442.0,0.705,0.7840824506155167,117,0.887,0.27537688442211056,0
42,0,4,3,1,4,0,35,4,2,2,0.09189574849520979,1700,2778.0,0.655,0.1917549384483252,76,1.235,0.38190954773869346,0
54,0,2,0,1,4,0,43,3,4,1,0.03430407797398247,1760,813.0,0.676,0.22181505868880616,93,0.824,0.6874371859296482,0
47,1,3,2,1,0,0,36,3,2,3,0.24060620901695104,795,8602.0,0.749,0.27111365588319497,98,0.581,0.08542713567839195,0
27,0,0,5,2,4,3,19,3,3,3,0.28852368816453383,2517,8465.0,0.84,0.746235327798454,97,0.732,0.2301507537688442,0
49,0,1,2,1,1,0,36,5,3,1,0.03877839148429305,1527,1194.0,0.743,0.2342971657600916,88,0.725,0.563819095477387,0
41,1,3,2,1,3,0,22,3,3,4,0.5775703873002053,0,20543.0,0.547,0.07695390781563126,42,0.615,0.0,1
45,0,3,5,0,1,0,36,3,2,4,0.08376338137173989,1300,2909.0,0.75,0.8902376180933295,105,0.615,0.31055276381909547,0
56,0,2,2,2,4,0,46,4,1,3,0.0,0,1438.3,0.622,0.21774978528485542,84,0.826,0.0,0
41,0,3,4,1,1,0,29,6,1,3,0.39019339313192875,960,13385.0,0.817,0.20125966218150584,72,0.946,0.06733668341708543,0
48,0,3,4,1,4,3,35,5,1,3,0.2696287831378844,0,10357.0,0.506,0.02181505868880618,25,0.19,0.0,1
48,0,4,2,2,4,0,40,4,4,4,0.3099883002748075,648,11044.0,1.265,0.1412539364443172,56,0.867,0.055276381909547735,0
34,0,2,2,2,1,0,23,4,2,2,0.18609818699607292,1442,6152.0,0.753,0.8300028628685944,99,0.678,0.19095477386934673,0
51,0,2,2,2,4,0,46,3,3,3,0.02995069185584246,1250,1179.0,0.983,0.2422559404523332,99,0.707,0.5175879396984925,0
53,0,4,2,2,1,0,43,1,3,2,0.13966206840257941,0,6058.0,0.997,0.24185513884912682,60,0.463,0.0,1
38,0,1,1,1,4,0,28,6,1,1,0.0,0,1438.3,0.813,0.2258803320927569,74,0.644,0.0,0
30,1,1,2,2,2,0,36,6,1,2,0.3002838770531204,1015,10356.0,1.483,0.12814199828227882,68,0.889,0.08944723618090451,0
26,0,0,3,2,4,0,13,4,3,3,0.048361887313809616,1460,1578.0,0.98,0.09808187804179787,38,0.462,0.48341708542713563,0
31,1,1,0,2,1,0,22,4,1,3,0.2315064227561167,0,9096.0,0.768,0.10237618093329516,54,0.688,0.0,0
44,1,3,2,2,1,0,38,5,2,2,0.006188459294328208,0,1643.0,0.6,0.07008302318923561,39,0.56,0.0,1
35,0,3,2,2,4,0,23,6,3,1,0.02336014898254716,1370,841.0,0.781,0.2192384769539078,79,0.927,0.6231155778894472,0
45,0,4,5,1,1,3,36,6,2,2,0.5212182225487262,905,17774.0,0.541,0.0937875751503006,55,0.486,0.04824120603015075,0
39,0,1,2,2,4,0,30,5,6,2,0.037206335386075824,2397,272.0,0.807,0.18992270254795304,65,0.585,0.9025125628140703,0
57,0,2,5,2,4,0,51,3,5,2,0.005311735701091676,0,1614.0,0.241,0.06641855138849127,38,0.357,0.0,1
48,0,3,2,0,4,0,36,5,1,4,0.0764775059934639,935,3033.0,0.649,0.20601202404809618,72,0.674,0.23718592964824117,0
47,1,3,3,1,3,0,32,3,2,2,0.6646683415110483,2517,20907.0,0.762,0.1721729172630976,73,0.738,0.10753768844221104,0
41,0,3,3,0,4,0,31,3,1,2,0.02955767783128816,1305,1111.0,0.93,0.20801603206412825,73,0.698,0.542713567839196,0
61,1,0,2,1,2,0,54,3,2,0,0.005372199397176952,1047,569.0,0.984,0.04918408245061552,33,1.2,0.6512562814070352,0
42,0,3,3,1,1,0,29,4,3,2,0.1270251559207563,0,5640.0,0.77,0.24099627827082734,80,0.86,0.0,0
55,1,2,2,2,3,0,46,5,5,2,0.1074953820852115,0,4994.0,0.717,0.24460349269968504,81,0.761,0.0,0
44,1,3,2,1,2,0,39,5,4,3,0.04694099045580558,642,2349.0,0.76,0.23567134268537074,62,0.55,0.21608040201005022,0
38,1,2,3,1,3,0,36,5,3,3,0.0292855911989044,843,1564.0,1.008,0.053821929573432584,28,0.4,0.3517587939698492,0
56,0,1,2,1,1,0,36,5,4,1,0.1138440701741657,0,5204.0,1.008,0.27225880332092756,82,0.864,0.0,0
48,0,2,0,1,4,0,37,5,2,4,0.023632235614930906,0,2220.0,0.737,0.11027769825365015,45,0.452,0.0,1
65,0,0,0,0,4,0,56,5,2,3,0.36966596831097687,0,13666.0,0.808,0.1985685657028342,70,1.0,0.0,0
65,0,0,3,2,4,0,56,3,3,2,0.13642726066201702,2517,3434.0,0.787,0.23040366447180075,83,0.694,0.4251256281407035,0
65,0,0,5,2,4,0,50,3,4,4,0.007820979088630713,377,1320.0,1.048,0.12991697681076436,49,0.485,0.22311557788944722,1
43,0,5,0,1,1,0,31,5,1,1,0.11680679128234431,1136,4166.0,0.817,0.2492413398225021,68,0.581,0.21507537688442208,0
50,0,3,2,1,4,0,43,2,3,3,0.08497265529344544,789,3460.0,0.925,0.4383624391640424,93,0.722,0.18693467336683414,0
52,0,1,2,1,4,0,36,1,1,3,0.048422351009894886,2517,523.0,0.774,0.2334955625536788,61,1.033,0.8321608040201004,0
57,1,2,0,1,2,0,52,5,3,3,0.15556402047300752,1817,4767.0,0.62,0.04712281706269682,35,0.667,0.27738693467336684,0
48,1,4,1,2,3,0,36,6,3,4,0.5037744462281235,1381,16721.0,0.513,0.05473804752361866,32,0.143,0.07638190954773869,0
65,0,0,5,2,4,0,56,6,1,2,0.21968577017144483,1453,7252.0,1.11,0.12356140853134841,88,0.956,0.1678391959798995,0
49,0,1,5,0,1,0,37,6,2,2,0.022211338756926872,0,2173.0,0.652,0.10586888061837961,57,0.781,0.0,1
43,0,2,3,1,4,0,37,4,2,2,0.050992058093519206,2517,608.0,0.73,0.22284569138276553,71,0.732,0.8090452261306532,0
37,0,2,2,1,4,0,31,1,3,3,0.046729367519507105,0,2984.0,0.77,0.248955052963069,86,0.87,0.0,0
44,0,4,0,2,4,0,34,4,1,2,0.3286715823651584,670,11640.0,0.801,0.20876037789865443,76,0.767,0.054271356783919596,0
63,1,0,2,1,2,0,46,6,2,2,0.6798144973804104,1494,22431.0,0.704,0.18018894932722587,55,0.719,0.06231155778894472,0
38,1,1,0,1,4,0,25,6,3,3,0.12457637622930254,658,4901.0,0.627,0.0723160606928142,37,0.947,0.11859296482412059,0
52,0,3,3,1,4,0,36,4,2,3,0.022634584629523828,1094,1093.0,0.843,0.21139421700543942,61,0.649,0.5025125628140703,0
57,1,2,4,0,2,0,51,2,3,3,0.12215782838589143,1200,4279.0,0.798,0.4254222731176639,86,0.458,0.2201005025125628,0
48,0,1,2,1,1,0,36,3,1,3,0.03049486512060997,1991,456.0,0.719,0.21173776123675922,82,0.708,0.8180904522613064,0
48,1,3,2,1,2,0,36,2,1,2,0.20713955323374963,1030,7260.0,0.87,0.4838247924420269,93,0.755,0.12462311557788944,0
39,1,0,1,2,2,0,33,6,2,0,0.27250080870193516,1120,9332.0,0.802,0.1753220727168623,79,0.795,0.10753768844221104,0
55,1,3,2,2,0,0,43,5,1,3,1.0000000000000002,0,34516.0,0.813,0.20618379616375607,66,0.61,0.0,0
59,0,1,2,2,1,0,36,3,3,1,0.002711796769424721,0,1528.0,0.669,0.2222158602920126,77,0.833,0.0,0
44,0,5,2,0,4,0,38,2,1,3,0.07266829314009138,2459,1383.0,0.691,0.7482393358144861,119,0.725,0.6432160804020101,0
37,0,2,2,0,4,0,36,4,3,3,0.008939557466208357,987,747.0,0.879,0.2403091898081878,67,0.914,0.571859296482412,0
37,1,3,3,1,1,0,36,3,3,3,0.03279248557185053,2481,42.0,0.744,0.23778986544517602,76,0.689,0.9879396984924622,0
40,1,2,3,1,3,0,26,1,3,1,0.11487195300761543,2077,3161.0,0.656,0.38883481248210705,73,0.659,0.39899497487437185,0
53,0,1,0,1,1,0,43,4,4,2,0.0026211012252968027,1411,114.0,0.66,0.07907243057543659,47,0.958,0.9296482412060301,0
50,1,1,2,1,3,3,45,2,1,3,1.0000000000000002,925,33591.0,0.771,0.41368451188090466,84,0.68,0.027135678391959798,0
34,1,2,3,1,0,0,21,3,3,3,0.14573866985914985,1063,5196.0,0.668,0.07477812768393931,50,0.515,0.1708542713567839,0
47,1,3,3,1,3,3,40,5,3,2,1.0000000000000002,1371,33145.0,0.691,0.8817635270541082,123,0.836,0.04020100502512563,0
57,0,2,3,0,4,0,50,5,3,5,0.055557067147957696,0,3276.0,0.972,0.18482679645004294,61,0.694,0.0,0
43,0,3,2,1,4,0,35,5,3,2,0.00854654344165405,729,992.0,0.902,0.2475236186659032,74,0.644,0.4261306532663316,0
41,1,3,0,2,2,0,33,6,1,4,0.11511380779195654,0,5246.0,0.969,0.15224735184655022,56,0.556,0.0,0
53,0,1,2,2,4,0,46,3,6,4,0.024236872575783698,1601,639.0,0.833,0.18694531920984825,70,0.75,0.7185929648241205,0
36,1,2,3,2,3,0,27,5,3,3,0.4006233807066392,979,13711.0,0.811,0.12688233610077296,68,0.511,0.06733668341708543,0
35,0,1,2,1,1,0,26,6,4,4,0.018341662207469085,1707,338.0,0.577,0.09464643572860006,39,0.696,0.8391959798994973,1
53,1,2,3,2,2,0,49,2,3,2,0.08173784755288308,2252,1890.0,0.714,0.8329802462066991,117,0.746,0.5467336683417086,0
37,0,3,3,2,4,0,28,3,1,4,0.5179229511120785,1524,17046.0,1.385,0.19862582307472085,96,0.846,0.08241206030150754,0
40,1,4,5,2,3,0,36,6,3,2,1.0000000000000002,572,33944.0,1.05,0.46544517606641855,81,1.077,0.017085427135678392,1
46,1,2,3,1,1,0,40,3,3,0,0.0768705200180182,0,3981.0,0.626,0.7907243057543658,114,0.781,0.0,0
57,0,3,4,2,1,0,51,5,4,5,0.17497286691638175,1689,5537.0,0.83,0.16856570283423988,67,0.763,0.23517587939698492,0
43,1,3,5,1,3,0,31,5,1,4,0.8241715717840116,769,27931.0,0.901,0.1640423704551961,71,0.578,0.027135678391959798,0
62,0,1,5,1,4,0,49,5,4,2,0.036873785057606794,1158,1500.0,0.476,0.07323217864300029,41,0.464,0.4381909547738693,0
53,1,5,5,1,0,0,38,4,2,2,0.5350946408002974,0,19138.0,0.482,0.08577154308617234,43,0.303,0.0,1
45,0,2,2,2,4,0,33,1,3,4,0.0016234502398897177,0,1492.0,0.502,0.11102204408817636,38,0.267,0.0,1
49,0,4,2,1,4,0,39,4,2,3,0.11054879873751805,0,5095.0,0.729,0.18768966504437445,89,0.508,0.0,0
37,0,1,2,1,4,0,19,2,3,2,0.13316222107341202,1346,4497.0,0.641,0.7311193816203836,95,0.863,0.23115577889447236,0
56,0,4,3,1,1,0,36,5,1,1,0.01915792210462034,1543,529.0,0.486,0.04208416833667335,32,0.391,0.7487437185929647,0
40,1,5,4,2,2,0,30,3,2,2,0.006672168863010433,0,1659.0,0.585,0.18940738620097336,66,0.692,0.0,0
53,1,5,5,1,3,0,47,2,3,2,0.027260057380047588,1612,728.0,0.696,0.47643859146865164,88,0.833,0.6924623115577888,0
43,0,5,2,1,4,0,39,2,3,4,0.0768705200180182,0,3981.0,0.764,0.09184082450615516,42,0.355,0.0,1
43,0,4,3,0,4,0,32,2,3,2,0.20450938245404005,0,8203.0,0.691,0.11926710563985114,46,0.84,0.0,1
38,1,3,3,1,3,0,22,4,2,3,0.14882231835949902,694,5667.0,0.844,0.055482393358144866,31,0.938,0.10954773869346733,0
28,0,1,2,2,4,0,36,4,2,5,0.005614054181518065,0,1624.0,0.299,0.07827082736902376,35,0.25,0.0,1
48,0,3,2,1,4,0,43,5,3,2,0.020276500482197986,1205,904.0,0.514,0.1377039793873461,60,0.935,0.5738693467336683,0
45,1,4,0,1,4,0,32,3,2,1,0.15716630841926738,0,6637.0,0.675,0.07277411966790724,48,0.6,0.0,0
52,0,1,3,1,4,0,44,1,1,1,0.034001759493556084,1765,798.0,0.857,0.22817062696822213,77,0.925,0.6924623115577888,0
40,1,4,2,1,3,0,27,4,3,2,0.6477082747591277,927,21936.0,0.569,0.20274835385055823,69,0.725,0.04120603015075377,0
34,0,2,2,1,4,0,23,6,2,2,0.05071997146113546,0,3116.0,0.698,0.12814199828227882,45,0.667,0.0,1
31,1,0,2,2,1,0,36,2,3,3,0.09742817668701273,1835,2826.0,0.999,0.7859719438877756,110,0.964,0.3959798994974874,0
45,0,4,5,1,4,0,38,3,4,3,0.10489544315354454,0,4908.0,0.993,0.017005439450329226,21,0.75,0.0,1
47,0,3,3,2,1,0,41,6,5,3,0.00854654344165405,1355,366.0,0.926,0.2258230747208703,58,1.32,0.7909547738693467,0
38,0,2,2,2,4,0,25,5,1,2,0.2550268005332898,1059,8815.0,0.664,0.2198110506727741,70,0.707,0.10753768844221104,0
39,0,5,2,2,4,0,28,3,3,2,0.019309081344833535,0,2077.0,0.59,0.17847122817062694,69,0.917,0.0,0
52,0,1,1,1,4,0,39,3,1,1,0.006793096255180986,0,1663.0,0.707,0.2487832808474091,86,0.654,0.0,0
47,1,3,3,1,2,0,36,6,2,3,0.2760379349229239,0,10569.0,0.838,0.06596049241339823,44,1.0,0.0,0
44,0,4,3,2,4,0,37,3,3,3,0.1872469972216932,0,7632.0,0.557,0.22719725164614943,86,0.623,0.0,0
37,1,4,5,1,1,0,27,6,3,2,0.0,759,679.3,0.858,0.22421986830804466,86,0.72,0.5306532663316583,0
44,0,2,3,1,4,0,32,4,3,3,0.21279290881772314,2517,5960.0,0.717,0.11022044088176351,41,0.64,0.29849246231155774,1
42,1,2,2,1,0,0,31,3,2,4,1.0000000000000002,1067,33449.0,0.487,0.21477240194675062,72,0.636,0.03115577889447236,0
44,1,4,3,2,2,1,29,1,2,1,1.0000000000000002,1930,32586.0,0.615,0.6841110793014601,97,0.764,0.056281407035175875,0
50,0,0,3,2,1,0,39,5,3,2,0.20635352518464103,2057,6207.0,0.821,0.2124248496993988,73,0.587,0.250251256281407,0
51,0,3,2,1,4,0,44,6,1,3,0.19057250050638347,2024,5718.0,0.929,0.1704551961064987,69,0.568,0.2623115577889447,0
58,0,3,2,1,4,0,47,1,2,1,0.16103598496872518,0,6765.0,0.739,0.7788720297738334,124,0.771,0.0,0
49,1,3,2,2,3,0,36,3,2,1,0.05510358942731811,0,3261.0,1.012,0.14606355568279414,50,0.667,0.0,1
53,0,2,5,1,4,0,36,4,3,3,0.021878788428457856,1592,570.0,0.547,0.06905239049527627,42,0.615,0.7396984924623115,0
50,0,1,3,1,1,0,43,4,3,4,0.046034035014526416,2048,913.0,0.913,0.20188949327225877,92,0.769,0.6954773869346732,0
38,0,2,2,2,4,0,24,3,2,3,0.023450844526675084,570,1644.0,0.688,0.0879473232178643,45,0.25,0.25829145728643216,1
63,0,1,2,2,4,0,36,3,3,4,0.013837116849115878,0,1896.0,0.747,0.09481820784425994,50,0.562,0.0,1
36,0,2,2,1,4,0,26,4,1,4,0.05271527343194963,2435,747.0,0.868,0.06527340395075866,30,0.765,0.7688442211055276,0
47,1,2,3,2,3,0,36,4,3,5,0.10023973855497814,0,4754.0,0.618,0.11892356140853134,41,0.367,0.0,1
40,1,3,5,0,3,0,25,4,3,4,0.31086502386804404,1175,10546.0,0.779,0.20939020898940736,73,0.825,0.10050251256281406,0
60,0,1,4,2,1,0,50,4,1,2,0.09576542504466756,0,4606.0,0.857,0.20904666475808759,63,1.032,0.0,0
44,1,2,2,1,3,0,37,3,1,3,0.015923114364057966,1021,944.0,0.516,0.1968508445462353,57,0.781,0.5226130653266331,0
50,1,2,2,0,2,0,41,6,1,3,0.04618519425473961,1433,1533.0,0.49,0.08336673346693386,50,0.613,0.4854271356783919,0
37,1,2,2,2,1,0,24,6,2,4,0.2656684110442987,0,10226.0,0.614,0.09808187804179787,44,0.571,0.0,1
38,0,1,3,1,4,0,28,3,3,3,0.08337036734718559,731,3465.0,0.485,0.07661036358431147,30,0.2,0.17487437185929647,1
40,0,1,5,2,4,3,34,5,2,2,0.3697566638551048,1774,11895.0,0.653,0.8727168622960206,130,0.625,0.13065326633165827,0
51,0,2,2,1,4,0,46,1,6,3,0.19063296420246875,1893,5851.0,0.813,0.8891497280274835,124,0.722,0.24522613065326632,0
55,0,4,2,2,4,0,41,6,2,1,0.0904446197891631,1543,2887.0,0.752,0.1640423704551961,70,0.628,0.34974874371859294,0
64,1,1,2,2,4,0,56,3,1,5,0.03469709199853679,0,2586.0,0.631,0.1663326653306613,65,0.585,0.0,0
40,0,2,5,2,4,0,34,1,2,1,0.10005834746672232,2085,2663.0,0.615,0.38694531920984826,88,0.6,0.4412060301507537,0
42,1,3,0,2,2,0,36,4,1,3,0.3101696913630633,1060,10638.0,1.282,0.17228743200687086,81,0.929,0.09145728643216079,0
46,1,3,2,2,3,0,38,4,1,2,0.20142573395369087,1266,6835.0,0.615,0.15436587460635556,53,0.71,0.15678391959798993,0
32,0,2,3,2,4,3,23,4,2,2,0.3840865598273157,1472,12671.0,0.777,0.758946464357286,117,0.648,0.10452261306532662,0
41,0,4,2,1,4,0,26,4,2,2,0.052019940926968926,0,3159.0,0.916,0.1371314056684798,46,0.353,0.0,1
52,0,2,5,2,4,0,37,4,3,1,0.021939252124543125,0,2164.0,0.688,0.27208703120526767,80,0.818,0.0,0
49,0,2,2,1,4,0,41,5,2,2,0.054559416162550604,0,3243.0,0.685,0.3165760091611795,71,0.821,0.0,1
46,0,4,3,1,4,0,33,1,3,0,0.013837116849115878,1738,158.0,0.647,0.23235041511594615,75,0.923,0.921608040201005,0
48,0,4,3,1,4,0,36,4,1,2,0.6039627906414291,0,21416.0,0.702,0.2113369596335528,75,0.923,0.0,0
46,0,1,0,1,4,0,23,5,2,1,0.008607007137739327,1010,713.0,0.704,0.2050959060979101,82,0.864,0.5889447236180904,0
37,0,2,0,2,1,0,32,2,1,3,0.06777073375718384,683,2997.0,0.85,0.24649298597194388,77,0.75,0.18693467336683414,0
45,0,4,2,1,4,0,36,5,1,1,0.19607469685014378,1896,6028.0,1.161,0.15688519896936728,58,0.933,0.2402010050251256,0
39,1,2,2,2,1,0,26,6,3,2,0.15069669293814264,0,6423.0,1.051,0.21557400515316344,70,0.795,0.0,0
29,0,0,4,2,4,0,36,5,2,3,0.1099743936247079,1223,3853.0,0.83,0.1228170626968222,57,0.629,0.24221105527638187,0
39,0,3,2,0,4,0,30,3,3,2,0.029678605223458714,1422,998.0,0.731,0.0476381334096765,24,0.714,0.5909547738693467,0
47,1,3,3,1,2,0,39,2,3,2,0.2606801561172633,0,10061.0,0.787,0.13008874892642427,52,0.529,0.0,1
65,0,1,2,2,4,0,55,5,2,4,0.1519059668598482,1660,4803.0,0.995,0.1034068136272545,49,1.722,0.25829145728643216,0
51,1,3,4,1,1,0,36,2,3,3,0.004586171348068338,1273,317.0,0.64,0.3906097910105926,80,0.818,0.8050251256281407,0
57,1,2,3,2,3,0,52,6,3,4,0.9363014961741597,0,32409.0,0.943,0.2111651875178929,66,0.571,0.0,0
43,1,4,2,1,1,0,38,5,1,3,0.070521831929064,0,3771.0,0.675,0.8091611795018608,125,0.667,0.0,0
26,0,0,2,1,4,0,18,3,3,3,0.3332970551156822,1319,11144.0,0.655,0.19845405095906096,71,0.543,0.1065326633165829,0
32,1,0,0,2,2,0,24,3,2,3,0.08037741439096432,0,4097.0,0.836,0.44924133982250214,64,0.684,0.0,1
46,0,4,5,2,4,0,36,5,1,4,0.07194272878706803,0,3818.0,0.885,0.21425708559977094,71,0.578,0.0,0
39,1,2,3,1,3,0,28,3,2,4,0.7597777354531905,1915,24655.0,1.454,0.09092470655596908,33,1.062,0.07236180904522611,0
47,1,5,3,1,2,0,38,4,1,2,0.17893323900996747,1069,6288.0,0.77,0.19541941024906956,64,0.641,0.14572864321608037,0
33,0,0,2,2,4,0,36,6,1,3,0.039201637356889994,1769,966.0,1.465,0.158946464357286,71,0.972,0.650251256281407,0
52,1,1,1,1,0,0,41,4,2,2,0.9802888350761995,989,32875.0,1.219,0.06991125107357572,48,0.92,0.02914572864321608,0
35,0,3,2,1,4,0,27,6,2,4,0.04497592033303404,1346,1580.0,0.834,0.07563698826223876,48,0.455,0.4623115577889447,0
50,1,2,4,0,1,0,43,5,2,4,0.06308479731057481,0,3525.0,0.798,0.24116805038648723,62,0.824,0.0,0
48,1,2,1,2,2,0,39,3,2,2,0.2598336643720694,0,10033.0,0.644,0.2047523618665903,78,0.902,0.0,0
48,0,4,0,0,4,0,41,4,3,2,0.0697358038799554,2517,1228.0,0.672,0.2301746349842542,78,0.857,0.6753768844221105,0
40,0,4,2,1,4,0,36,5,5,1,0.004193157323514031,1286,291.0,0.571,0.16736329802462066,52,1.08,0.8190954773869346,0
52,1,2,3,2,2,3,33,6,1,4,0.9596707147111195,1997,31185.0,0.755,0.06298310907529345,43,0.87,0.06030150753768843,0
46,0,1,2,2,4,0,39,2,2,1,0.01785795263878686,1074,955.0,0.514,0.24460349269968504,90,0.8,0.5316582914572864,0
48,1,4,3,2,2,0,42,5,4,2,0.02859025869392371,1596,788.0,0.831,0.14995705697108502,59,0.903,0.6723618090452261,0
47,1,1,2,1,3,0,28,6,1,4,0.04107601193553361,1802,995.0,0.675,0.17148582880045804,63,0.75,0.6472361809045226,0
42,1,4,5,1,1,0,33,1,2,2,0.05047811667679434,2280,828.0,0.844,0.8149441740624105,99,0.8,0.7376884422110552,0
33,0,0,2,2,4,0,26,6,1,3,0.028529794997838427,1565,817.0,0.73,0.19931291153736042,68,0.838,0.6603015075376885,0
42,1,4,2,1,2,3,33,1,2,1,0.1446805551776575,0,6224.0,0.63,0.4054967077011165,82,0.783,0.0,0
48,0,4,1,0,1,0,35,4,3,2,0.06674285092373414,1047,2599.0,0.633,0.08239335814486115,38,0.52,0.28844221105527634,1
54,0,4,2,1,1,0,38,2,2,1,0.010299990628127115,0,1779.0,0.856,0.12195820211852275,41,0.323,0.0,1
46,0,2,1,1,4,0,33,2,3,1,0.03645053918500985,1517,1127.0,0.721,0.24534783853421124,83,0.804,0.5768844221105527,0
42,0,3,5,1,4,0,36,6,2,2,0.13249712041647396,0,5821.0,0.859,0.23252218723160603,70,1.188,0.0,0
53,1,1,5,1,0,0,47,4,2,2,0.5848260308304386,1257,19526.0,0.724,0.18831949613512738,76,0.617,0.06030150753768843,0
48,1,2,5,2,1,0,44,3,1,2,0.24895019907671936,0,9673.0,0.655,0.17240194675064413,87,0.851,0.0,0
57,0,3,2,1,4,0,49,4,2,1,0.010360454324212391,0,1781.0,0.57,0.2326367019753793,81,0.8,0.0,0
40,0,2,3,2,4,0,34,4,2,2,0.02892280902239274,1437,958.0,0.787,0.22622387632407673,82,0.822,0.6030150753768844,0
53,0,2,0,1,4,0,43,2,1,3,0.021818324732372572,2057,103.0,0.858,0.22834239908388201,93,0.788,0.9567839195979898,0
50,0,4,5,2,1,0,22,5,2,3,0.1939282356391164,1343,6510.0,0.491,0.07351846550243343,37,0.37,0.17185929648241205,0
42,1,3,3,1,3,0,36,5,4,3,0.0073372695199484875,0,1681.0,0.994,0.27975951903807617,82,0.952,0.0,0
34,1,1,2,1,1,0,36,2,2,2,0.07729376589061512,2475,1520.0,0.817,0.6896650443744632,99,0.8,0.6231155778894472,0
39,0,4,5,2,4,0,36,5,3,4,0.00558382233347543,729,894.0,0.886,0.22290294875465214,65,0.806,0.45125628140703516,0
45,0,4,2,2,4,0,36,6,3,2,0.057552369118771866,2517,825.0,0.771,0.03486973947895791,30,0.765,0.7567839195979899,0
38,0,3,3,1,4,0,34,3,3,2,0.03058556066473788,1981,469.0,0.712,0.2188376753507014,66,0.784,0.8130653266331658,0
52,0,1,2,1,4,0,42,1,5,3,0.000988581430994298,0,1471.0,0.624,0.09865445176066419,48,0.455,0.0,1
53,0,1,3,2,4,0,36,3,2,2,0.03557381559177331,1772,843.0,0.611,0.05090180360721443,38,0.357,0.6814070351758794,0
41,0,5,3,0,4,0,34,3,1,3,0.02112299222739187,996,1141.0,0.625,0.2152877182937303,90,0.875,0.46834170854271356,0
45,0,2,2,1,4,0,36,3,1,1,0.03883885518037832,1902,821.0,0.723,0.19152590896077867,84,0.75,0.7015075376884421,0
47,1,1,2,0,3,0,38,5,3,5,0.5137509560821943,1422,17010.0,1.357,0.12699685084454623,58,0.933,0.07738693467336683,0
57,1,3,3,1,0,0,50,3,3,2,0.05341060593693033,1530,1675.0,0.673,0.09138276553106213,58,0.657,0.47939698492462307,0
50,1,3,2,2,2,0,44,4,2,3,0.6545709042648068,839,22251.0,1.326,0.038247924420269114,24,1.0,0.03618090452261306,0
51,0,2,2,2,4,0,32,3,3,1,0.20940694183694755,1504,6861.0,0.679,0.24322931577440596,88,0.956,0.1809045226130653,0
46,1,4,0,1,2,0,36,4,2,1,0.0073372695199484875,0,1681.0,0.464,0.08147724019467506,48,0.5,0.0,1
34,1,3,3,2,1,0,21,4,1,3,0.0881167674898799,1655,2698.0,0.806,0.12218723160606927,81,0.884,0.38190954773869346,0
54,1,1,0,1,3,0,42,4,1,4,0.24801301178739757,2517,7125.0,0.614,0.04987117091325509,35,0.458,0.2623115577889447,0
49,1,1,5,2,0,0,38,2,2,3,0.32096246111428545,1858,10197.0,0.645,0.3831663326653307,93,0.5,0.15477386934673365,0
46,1,5,5,1,1,0,40,5,4,3,0.14350151310399456,1960,4225.0,0.669,0.09705124534783853,45,0.875,0.3185929648241206,1
56,0,2,2,2,4,0,36,4,6,1,0.13234596117626077,716,5100.0,0.923,0.17200114514743772,73,1.147,0.1236180904522613,0
55,1,3,5,0,3,0,41,1,3,4,1.0000000000000002,2408,32108.0,0.796,0.03761809332951617,40,0.6,0.07035175879396985,1
37,0,2,2,1,1,0,36,5,3,2,0.01574172327580213,662,1297.0,0.888,0.14405954766676207,52,0.793,0.33969849246231154,1
51,0,2,4,2,4,0,36,3,3,3,0.08594007443080989,0,4281.0,0.447,0.06830804466075008,44,0.375,0.0,1
39,1,2,2,1,2,0,19,3,3,2,0.048633973946193364,2150,897.0,0.882,0.06137990266246779,37,1.312,0.7095477386934672,0
38,1,2,2,1,3,0,24,5,2,2,0.05452918431450798,2076,1166.0,0.612,0.07506441454337245,46,0.533,0.6432160804020101,0
50,1,1,2,1,3,0,42,3,3,4,0.07898674938100292,1183,2868.0,0.794,0.07483538505582593,57,0.629,0.29346733668341707,0
37,1,2,3,2,1,0,31,6,3,4,0.05374315626539936,0,3216.0,0.683,0.20091611795018607,81,1.077,0.0,0
56,1,3,2,1,1,0,45,6,2,4,0.011327873461576841,1387,426.0,0.406,0.05370741482965932,32,0.231,0.7688442211055276,0
39,1,1,4,2,3,0,29,6,2,2,0.6528779207744191,1992,21042.0,0.759,0.11359862582307471,32,0.684,0.08643216080402008,0
68,1,1,2,1,4,0,56,5,2,3,0.3755309468312489,1652,12208.0,1.255,0.07901517320354996,32,1.909,0.11959798994974873,0
60,0,1,2,1,4,0,52,2,3,3,0.3589638941038827,1974,11338.0,0.898,0.7904952762668194,106,0.656,0.1487437185929648,0
38,0,3,2,0,4,0,33,6,2,3,0.852529045248007,857,28781.0,0.481,0.16598912109934152,78,0.696,0.02914572864321608,0
50,1,3,5,1,4,0,36,2,3,3,0.11154644972292513,0,5128.0,0.704,0.4041225307758374,98,0.581,0.0,0
45,0,0,2,1,4,0,38,4,3,3,0.08034718254292167,1468,2628.0,0.627,0.16948182078442597,66,0.737,0.35979899497487433,0
48,1,4,4,2,3,0,36,6,2,3,0.8745680624710909,2362,28005.0,1.708,0.06533066132264528,27,0.929,0.07839195979899496,0
49,0,0,4,1,4,0,36,6,3,3,0.04742470002448781,2517,490.0,0.853,0.22290294875465214,67,0.675,0.8412060301507537,0
57,1,0,2,1,1,0,48,4,2,2,0.11937649836596864,2047,3340.0,0.579,0.058173489836816486,36,0.5,0.38190954773869346,0
53,0,1,0,2,4,0,38,3,3,2,0.07427058108635123,1981,1914.0,0.839,0.8870884626395649,119,0.725,0.5115577889447236,0
49,1,4,0,1,3,0,44,2,3,3,0.8964559204539615,966,30125.0,0.57,0.8036072144288577,108,0.742,0.03115577889447236,0
54,1,5,3,1,2,0,36,5,2,3,0.39605837165220076,0,14539.0,0.907,0.024906956770684222,26,0.529,0.0,1
43,1,3,4,2,2,0,33,4,3,2,0.44134568002007396,0,16037.0,0.558,0.14417406241053535,70,0.75,0.0,0
36,0,1,2,2,4,0,36,4,2,3,0.23582957702621407,1421,7818.0,0.823,0.09825365015745778,44,0.833,0.15477386934673365,0
39,1,2,2,1,2,0,27,3,1,4,0.34962225305870726,0,13003.0,0.877,0.06681935299169768,40,1.105,0.0,0
58,1,0,3,1,1,0,42,3,2,3,0.0,0,1438.3,0.835,0.03194961351273977,22,1.444,0.0,1
53,0,4,2,1,4,0,37,3,2,3,0.008576775289696692,0,1722.0,0.863,0.09224162610936158,35,0.346,0.0,1
48,1,2,2,0,2,0,33,4,2,4,0.04715261339210406,1789,1209.0,0.807,0.07414829659318638,31,0.348,0.5999999999999999,0
39,0,2,0,2,4,0,35,6,2,2,0.27697512221224574,598,10002.0,0.843,0.23223590037217287,81,0.929,0.056281407035175875,0
32,0,0,3,0,4,0,25,5,3,1,0.32740184474736755,1165,11103.0,0.832,0.25050100200400804,82,0.822,0.09547738693467336,0
39,0,1,2,1,4,0,29,6,2,5,0.038808623332335694,1592,1130.0,1.319,0.1531634697967363,49,0.633,0.5879396984924622,0
42,1,4,5,1,4,0,37,4,3,2,0.029406518591074966,1797,614.0,0.607,0.21763527054108214,63,0.5,0.7487437185929647,0
44,1,4,2,1,2,0,32,4,3,3,0.11296734658092916,0,5175.0,0.72,0.7886630403664472,99,0.768,0.0,0
45,0,4,5,0,4,0,36,4,3,3,0.4364481206371664,1719,14156.0,0.86,0.06080732894360148,37,1.467,0.10854271356783919,0
46,0,4,2,2,1,0,36,5,3,4,0.13527845043639675,1651,4262.0,0.79,0.10730031491554538,39,0.56,0.2804020100502513,1
44,0,2,4,1,4,0,36,3,3,2,0.025839160522043554,1823,470.0,0.617,0.03641568851989693,22,1.444,0.7989949748743719,0
62,1,0,0,1,1,0,54,3,3,4,0.0,0,1438.3,0.795,0.07517892928714572,49,0.581,0.0,0
42,0,2,2,1,4,0,36,6,3,2,0.059698830329799245,0,3413.0,0.593,0.10048668766103637,40,0.429,0.0,1
45,0,2,2,2,4,0,41,6,2,2,0.12569495460688018,0,5596.0,0.833,0.15356427139994272,64,0.422,0.0,0
52,1,2,0,1,0,0,47,3,3,2,0.7832678813823211,719,26628.0,0.695,0.2009733753220727,77,0.674,0.026130653266331655,0
34,0,3,2,2,4,0,23,5,1,0,0.03484825123874998,0,2591.0,0.61,0.1915831663326653,67,0.763,0.0,0
47,1,5,2,2,0,3,36,5,2,2,1.0000000000000002,1686,32830.0,0.937,0.20091611795018607,72,0.756,0.04924623115577889,0
53,0,2,5,2,4,0,36,5,2,3,0.238096965629412,1761,7553.0,0.562,0.18127683939307185,80,0.778,0.1899497487437186,0
45,0,3,0,2,4,0,33,5,3,4,0.0878749127055388,2198,2147.0,0.465,0.079473232178643,31,0.292,0.5085427135678392,1
52,0,3,2,1,4,0,46,6,5,3,0.04158995335225848,2162,652.0,0.588,0.21419982822788433,88,0.833,0.771859296482412,0
55,1,1,5,2,2,0,48,5,2,2,0.008607007137739327,0,1723.0,1.038,0.11703406813627255,43,0.72,0.0,1
39,0,1,4,1,1,0,36,5,3,2,0.02142531070781826,771,1376.0,0.69,0.23481248210707126,76,0.767,0.36080402010050244,0
50,0,3,2,2,4,0,39,4,4,3,0.012506915535239763,0,1852.0,0.801,0.2180933295161752,82,0.783,0.0,0
40,0,4,3,1,4,0,31,2,3,3,0.016013809908185885,1781,187.0,0.972,0.26092184368737475,69,0.725,0.9095477386934673,0
42,0,3,2,1,4,0,33,6,3,3,0.02795538988502829,1495,868.0,0.531,0.22273117663899225,65,0.711,0.636180904522613,0
47,1,1,3,1,0,0,41,3,1,4,0.7987163557321095,1314,26544.0,0.676,0.07111365588319496,53,0.559,0.04723618090452261,0
44,0,2,2,2,1,0,35,2,3,4,0.08337036734718559,561,3635.0,0.741,0.11611795018608646,38,0.652,0.13467336683417086,1
43,0,4,3,1,4,0,39,3,3,3,0.04074346160706458,1793,993.0,0.803,0.17841397079874033,68,0.659,0.6472361809045226,0
56,0,3,5,2,4,2,46,2,3,2,1.0000000000000002,0,34516.0,0.887,0.45153163469796737,93,0.632,0.0,0
54,1,2,5,2,1,0,50,2,1,3,0.06783119745326913,2517,1165.0,0.379,0.06367019753793302,35,0.25,0.6874371859296482,1
48,0,3,2,1,4,0,39,3,1,2,0.14183876146164942,1741,4389.0,0.578,0.2137990266246779,63,0.658,0.2854271356783919,0
49,0,1,4,1,4,0,39,6,3,1,0.10226527237383495,0,4821.0,0.746,0.23761809332951614,77,0.974,0.0,0
54,0,2,3,1,4,0,44,1,1,1,0.037871436043013885,811,1880.0,0.767,0.22233037503578582,80,0.633,0.3025125628140703,0
39,1,4,4,1,0,0,29,6,3,3,0.21953461093123164,1742,6958.0,0.454,0.10168909247065559,50,0.613,0.20100502512562812,1
41,0,3,2,2,4,0,28,6,1,2,0.1913585285554921,1669,6099.0,0.797,0.029831090752934438,22,0.833,0.21608040201005022,0
53,1,4,2,1,3,0,36,3,2,2,0.07514730467958777,2517,1407.0,0.511,0.050787288863441166,30,0.667,0.6442211055276381,0
54,0,0,2,2,4,2,38,2,2,2,1.0000000000000002,0,34516.0,0.695,0.19301460062983108,54,0.421,0.0,1
31,0,1,5,1,4,0,20,6,2,2,0.0,0,1438.3,0.706,0.11932436301173775,49,0.531,0.0,1
45,1,3,2,1,2,0,36,3,1,3,0.3976908914465032,1504,13089.0,0.668,0.16701975379330086,72,0.895,0.10351758793969848,0
56,1,1,2,1,2,0,50,6,3,3,0.160129029527446,2289,4446.0,0.661,0.04116805038648726,28,0.75,0.3417085427135678,0
47,1,4,2,0,3,0,39,4,3,4,0.4856958010986254,476,17028.0,0.892,0.5690237618093329,66,0.737,0.027135678391959798,1
44,1,5,2,1,2,0,32,4,5,3,0.30043503629333357,2006,9370.0,0.619,0.044202691096478675,27,0.8,0.17688442211055275,0
37,1,2,3,2,2,0,29,3,2,3,0.25366636737137105,2517,7312.0,0.59,0.13724592041225306,73,1.212,0.257286432160804,0
49,0,2,4,1,4,0,44,4,4,2,0.00621869114237085,0,1644.0,1.033,0.2501002004008016,82,0.783,0.0,0
49,0,4,2,1,4,0,42,2,4,3,0.03436454167006776,2517,58.0,0.31,0.07695390781563126,40,0.739,0.9819095477386933,1
49,0,4,2,2,4,0,29,1,3,2,0.07499614543937458,2278,1641.0,0.672,0.4096764958488405,85,0.518,0.5839195979899496,0
50,1,4,4,1,0,0,36,4,1,3,0.48176566085308226,2517,14857.0,0.743,0.8555969081019181,128,0.707,0.14572864321608037,0
39,0,1,5,1,4,0,31,1,3,1,0.24405263969381188,2220,7291.0,0.712,0.3728027483538506,95,0.532,0.23417085427135678,0
44,0,3,2,1,4,3,34,2,2,1,0.914836884063886,1976,29723.0,0.811,0.7513884912682508,113,0.687,0.06231155778894472,0
54,0,2,2,0,4,0,36,1,2,1,0.22128805811770472,1511,7247.0,0.674,0.40939020898940737,89,0.508,0.1738693467336683,0
32,0,2,2,0,4,3,27,2,3,1,0.9777191279925751,1526,32253.0,0.879,0.839965645576868,126,0.8,0.045226130653266326,0
54,0,1,3,1,4,0,42,3,5,4,0.03131112501776121,1539,935.0,0.649,0.24929859719438877,80,0.509,0.6251256281407035,0
56,1,2,0,2,2,1,43,2,1,2,1.0000000000000002,2022,32494.0,0.761,0.7502433438305182,116,0.785,0.05929648241206029,0
44,0,2,3,1,4,1,35,3,3,3,1.0000000000000002,0,34516.0,0.767,0.0971657600916118,44,0.63,0.0,1
49,1,3,5,1,3,0,40,5,4,3,0.03236923969925359,450,2059.0,0.654,0.09785284855425135,47,0.621,0.17989949748743717,1
38,1,2,2,0,3,0,33,6,3,2,0.3125580073584318,1781,9996.0,0.565,0.12785571142284569,62,0.879,0.15175879396984923,0
40,0,1,2,1,4,0,30,5,1,1,0.18488891307436733,1848,5706.0,0.767,0.20727168622960204,64,0.524,0.24623115577889446,0
43,0,3,5,1,4,0,24,1,2,2,0.20611167040029993,2416,5840.0,0.696,0.43366733466933866,64,0.73,0.2944723618090452,1
37,1,3,3,2,0,0,36,3,2,2,0.17905416640213803,0,7361.0,0.59,0.0904093902089894,44,0.571,0.0,1
50,1,3,4,2,0,0,31,4,1,2,0.05428732953016686,1486,1748.0,0.868,0.047180074434583455,28,0.647,0.46130653266331656,0
55,1,3,4,1,0,0,40,3,1,4,0.4290715497147625,1305,14326.0,0.668,0.2166046378471228,67,0.914,0.08341708542713568,0
38,1,3,0,2,2,3,32,4,2,2,0.8659519857789387,1671,28411.0,0.707,0.8422559404523332,126,0.8,0.056281407035175875,0
47,0,4,2,2,4,0,36,2,2,1,0.196558406418826,1669,6271.0,0.696,0.8539937016890925,118,0.934,0.21105527638190952,0
48,0,3,3,2,1,0,30,5,2,1,0.03684355320956415,2115,542.0,0.688,0.17463498425422272,77,0.711,0.7999999999999999,0
53,1,3,5,2,3,0,36,4,3,1,0.03545288819960276,787,1824.0,0.298,0.13884912682507872,56,0.6,0.3025125628140703,0
61,1,0,3,2,2,0,53,1,3,3,0.02952744598324552,2050,365.0,0.499,0.22610936158030345,71,0.69,0.8532663316582914,0
39,1,3,4,1,2,0,36,2,2,3,0.16411963346907435,776,6091.0,0.715,0.7780704265674205,97,0.764,0.11356783919597989,0
26,1,0,2,2,4,0,15,6,3,3,0.03935279659710319,2069,671.0,0.418,0.0839965645576868,44,0.419,0.7587939698492462,0
37,0,3,2,0,4,0,24,3,3,4,0.06919163061518788,995,2732.0,0.743,0.816261093615803,101,0.656,0.26834170854271355,0
51,1,1,2,2,2,0,43,5,2,4,0.2473176792824169,1731,7888.0,0.712,0.18093329516175205,76,0.52,0.1809045226130653,0
40,1,3,2,1,1,0,28,6,2,2,0.08720981204860073,0,4323.0,0.817,0.10999141139421702,38,0.727,0.0,1
51,1,2,4,1,3,1,46,2,3,2,1.0000000000000002,814,33702.0,0.735,0.42135699971371315,98,0.508,0.024120603015075376,0
43,1,3,3,1,2,0,36,3,3,1,0.2455340002479012,0,9560.0,0.802,0.23309476095047235,66,0.571,0.0,0
57,0,1,3,1,4,0,36,6,2,2,0.050266493740495875,1257,1844.0,0.416,0.06590323504151159,32,0.524,0.40703517587939697,0
57,0,2,2,1,4,0,40,5,3,2,0.005765213421731259,1185,444.0,0.766,0.250042943028915,83,0.886,0.7306532663316582,0
43,1,2,3,1,3,3,39,3,1,3,1.0000000000000002,1987,32529.0,0.673,0.8959060979101059,122,0.848,0.05829145728643216,0
39,1,3,2,1,1,0,28,4,3,4,0.06166390045257077,0,3478.0,0.65,0.09178356713426854,54,0.543,0.0,0
54,1,2,3,1,2,0,50,3,1,3,0.023329917134504517,1002,1208.0,0.938,0.24437446321213854,86,0.654,0.4552763819095477,0
43,1,2,3,1,2,0,31,2,3,1,0.3610498916188248,1845,11536.0,0.883,0.8017177211565989,116,0.871,0.13869346733668342,0
26,0,0,2,2,4,0,36,3,3,2,0.18612841884411555,1032,6563.0,1.035,0.2032636701975379,72,0.8,0.13668341708542714,0
53,0,3,5,1,4,0,36,4,3,2,0.08421685909237947,2417,1807.0,0.522,0.053134841110793016,29,1.071,0.5748743718592964,0
43,1,4,2,1,0,0,34,5,2,2,0.9633590001723217,1833,31471.0,0.428,0.05256226739192671,29,0.381,0.055276381909547735,0
43,1,3,2,1,3,0,33,4,1,2,0.06226853741342355,0,3498.0,1.109,0.11348411107930147,56,0.867,0.0,0
49,0,4,2,0,1,0,30,1,3,3,0.03164367534623024,1648,837.0,0.595,0.2105926137990266,71,0.919,0.6663316582914572,0
44,1,3,2,2,2,0,37,2,3,2,0.3962699945884992,1703,12843.0,0.955,0.04254222731176639,27,0.588,0.11758793969849246,0
50,0,3,5,2,4,0,36,2,3,3,0.05286643267216282,986,2201.0,0.615,0.10598339536215289,47,0.516,0.31055276381909547,1
47,0,3,2,1,1,0,31,6,3,6,0.12267176980261629,0,5496.0,0.548,0.07918694531920985,34,0.308,0.0,1
45,1,3,5,2,2,0,36,2,2,1,0.29272591504246065,1296,9825.0,0.789,0.7606069281419983,81,1.025,0.11758793969849246,0
50,0,2,1,2,4,0,43,4,1,0,0.05344083778497296,0,3206.0,0.631,0.2405382192957343,82,0.822,0.0,0
39,0,1,0,2,4,0,36,6,1,1,0.6253971709036602,0,22125.0,0.645,0.08382479244202691,57,0.727,0.0,0
47,1,3,2,2,2,0,36,5,4,3,0.013837116849115878,1119,777.0,0.671,0.20028628685943314,76,0.767,0.5929648241206029,0
47,1,3,3,1,3,0,40,3,3,3,0.3478688058722342,1582,11363.0,0.496,0.16255367878614368,59,0.788,0.12261306532663316,0
47,0,3,3,1,4,0,34,2,1,2,0.13875511296130022,799,5229.0,0.819,0.02702547953048955,22,0.571,0.13366834170854272,0
45,0,4,1,1,4,0,36,5,3,3,0.006793096255180986,1012,651.0,0.886,0.12590896077870023,38,0.52,0.6120603015075377,1
45,0,3,2,1,4,0,31,4,1,0,0.22343451932873207,901,7928.0,0.825,0.07855711422845692,45,0.667,0.10251256281407034,0
29,1,1,4,1,4,0,18,4,3,2,0.046094498710611685,1466,1497.0,1.378,0.1141139421700544,48,0.846,0.4974874371859296,0
63,1,1,2,2,2,0,52,6,4,3,0.38955852432303334,2507,11817.0,0.433,0.08892069853993702,56,0.647,0.1758793969849246,1
44,0,1,3,0,4,0,32,1,1,2,0.038869087028420964,1288,1436.0,0.613,0.2084740910392213,75,1.206,0.4753768844221105,0
39,1,2,2,1,3,0,27,3,3,2,1.0000000000000002,1629,32887.0,1.078,0.1670770111651875,53,1.038,0.04723618090452261,0
44,0,3,5,2,4,0,34,5,2,2,0.26185919819092623,0,10100.0,0.525,0.02988834812482107,18,1.571,0.0,0
60,0,1,2,2,4,0,47,6,1,1,0.0288925771743501,1427,967.0,0.803,0.23366733466933867,82,0.783,0.5989949748743718,0
40,0,3,3,1,4,0,36,5,2,2,0.1235484933958528,2409,3116.0,0.929,0.10163183509876896,33,0.941,0.4381909547738693,0
46,1,2,3,2,1,0,32,2,3,2,0.13706212947091245,0,5972.0,0.606,0.7842542227311766,116,0.706,0.0,0
40,0,2,2,1,4,0,36,3,1,1,0.11048833504143277,2376,2717.0,0.822,0.10369310048668766,57,0.541,0.4693467336683417,0
57,1,2,2,1,3,0,40,6,3,4,0.4984234091245764,1909,16016.0,0.712,0.9715430861723447,111,0.82,0.1065326633165829,0
49,0,4,2,2,4,0,45,5,3,2,0.24163409185040077,1785,7646.0,0.603,0.786200973375322,99,0.65,0.1899497487437186,0
54,1,3,3,1,0,0,43,5,3,2,0.0437061827152432,1144,1740.0,0.783,0.24947036931004865,90,0.698,0.39899497487437185,0
43,0,2,2,1,4,0,36,4,3,3,0.01033022247616975,1541,239.0,0.839,0.25639851130833097,93,0.722,0.8703517587939698,0
42,1,3,3,2,4,0,24,4,3,2,0.022150875060841603,1415,756.0,0.773,0.2554823933581449,77,0.833,0.6552763819095477,0
49,1,2,5,1,2,0,35,3,3,3,0.3626824114131273,0,13435.0,0.747,0.17434869739478956,56,1.154,0.0,0
46,0,2,3,1,4,0,32,4,1,3,0.19734443446793462,1423,6543.0,0.987,0.1860864586315488,75,0.923,0.17989949748743717,0
54,1,1,0,1,2,0,37,6,3,2,0.014230130873670185,1753,156.0,0.788,0.05307758373890638,24,0.6,0.9226130653266331,0
40,1,3,2,0,3,0,22,2,2,3,0.014713840442352404,0,1925.0,0.672,0.01437160034354423,28,0.75,0.0,1
43,0,4,2,2,4,0,37,5,1,3,0.029648373375416072,0,2419.0,0.762,0.19227025479530488,63,0.853,0.0,0
29,1,1,2,1,2,0,17,5,1,4,0.15302454523742584,2517,3983.0,0.915,0.5107930146006299,79,0.646,0.3889447236180904,1
42,1,3,2,1,1,0,26,2,1,2,0.13331338031362522,1481,4367.0,0.711,0.451588892069854,95,0.462,0.2542713567839196,0
35,1,1,4,1,3,0,20,6,3,4,0.3509222225245407,1177,11869.0,1.214,0.11858001717721157,52,0.733,0.09045226130653265,0
42,0,1,0,1,4,0,33,4,4,3,0.05081066700526337,1328,1791.0,0.967,0.23641568851989694,82,0.673,0.4281407035175879,0
57,0,2,5,2,1,3,36,6,3,0,0.5454943965269653,1072,18410.0,0.706,0.05101631835098769,22,1.444,0.055276381909547735,0
46,1,4,3,2,1,0,36,5,2,2,0.0,794,644.3,0.807,0.1926710563985113,67,0.558,0.5547738693467337,0
49,1,4,5,1,2,3,44,6,3,2,0.9313132412471242,0,32244.0,0.647,0.1701116518751789,65,0.757,0.0,0
35,0,0,2,1,4,0,24,5,3,1,0.060394162834779934,2493,943.0,0.824,0.26802175780131693,90,0.765,0.7296482412060301,0
43,1,1,0,1,3,0,23,5,2,1,0.396874631549352,1045,13521.0,0.417,0.22616661895219006,77,0.791,0.07236180904522611,0
36,0,1,1,2,4,0,25,1,2,3,0.0422248221611539,2511,324.0,0.731,0.24511880904666475,77,0.925,0.8904522613065325,0
49,1,5,1,2,1,0,43,3,1,1,0.10619541261937804,2002,2949.0,0.684,0.20967649584884052,62,0.55,0.40603015075376886,0
44,1,3,2,2,2,0,37,5,2,3,0.007367501367991129,930,752.0,0.903,0.15911823647294587,67,1.03,0.5557788944723618,0
44,0,3,3,2,4,0,31,3,2,2,0.01637659208469755,823,1157.0,0.861,0.22542227311766386,69,0.683,0.4180904522613065,0
43,0,2,5,2,1,0,29,6,3,2,0.021878788428457856,1377,785.0,0.6,0.05868880618379617,29,0.706,0.6402010050251256,0
61,1,0,4,2,2,0,43,5,3,2,0.3258902523452356,0,12218.0,1.005,0.2715144574864014,62,0.59,0.0,1
40,0,2,2,1,4,0,28,5,5,2,0.40996502175181465,1123,13876.0,0.539,0.1666762095619811,69,0.468,0.07537688442211055,0
56,0,2,2,1,4,0,36,3,3,2,0.11780444226775141,996,4339.0,0.469,0.05290581162324649,43,0.433,0.18793969849246228,0
44,0,4,2,2,1,0,38,3,3,3,0.07433104478243652,2296,1601.0,0.746,0.23458345261952476,77,0.791,0.5919597989949748,0
57,0,3,3,1,4,0,51,6,1,0,0.20931624629281967,0,8362.0,0.528,0.036931004866876616,41,0.464,0.0,0
36,0,2,4,1,4,0,25,5,2,3,0.007639588000374883,0,1691.0,0.865,0.12516461494417405,63,0.703,0.0,1
59,0,1,2,2,4,0,49,3,4,6,0.21977646571557277,1091,7617.0,0.904,0.11325508159175494,49,0.885,0.12562814070351758,1
55,1,2,4,2,2,0,37,3,3,1,0.6254576345997455,1799,20328.0,0.758,0.17526481534497565,63,0.75,0.0814070351758794,0
43,0,1,2,1,4,0,38,2,2,1,0.033608745469001784,1421,1129.0,0.819,0.4313197824219868,72,0.714,0.5597989949748744,0
46,1,3,2,0,1,0,27,5,2,3,0.2869818639143592,2297,8634.0,0.639,0.24460349269968504,73,0.872,0.21105527638190952,0
49,1,2,3,2,3,0,37,6,1,4,0.6911212085483573,2517,21782.0,0.723,0.2742628113369596,62,0.771,0.10452261306532662,0
45,1,1,5,2,2,0,35,5,3,2,0.6124277080933681,1036,20660.0,0.965,0.16169481820784423,76,0.854,0.04824120603015075,0
51,1,3,0,1,3,0,40,6,3,3,0.01226506075089865,1232,612.0,0.588,0.20910392212997422,71,0.651,0.671356783919598,0
46,0,4,2,0,4,0,40,5,2,3,0.7575405786980353,1406,25090.0,0.96,0.1809905525336387,75,0.705,0.05326633165829145,0
38,0,3,2,2,4,1,31,2,3,2,0.439834087617942,1766,14221.0,0.791,0.43887775551102204,94,0.679,0.11055276381909547,0
48,1,4,1,2,3,0,28,3,3,4,0.15520123829649585,417,6155.0,0.584,0.07077011165187518,46,0.533,0.06331658291457286,1
30,0,1,2,1,4,0,36,2,2,3,0.04434105152413862,2517,388.0,0.725,0.1120526767821357,39,0.393,0.8703517587939698,1
41,0,3,3,2,1,0,31,3,3,2,0.0,913,525.3,0.981,0.2158602920125966,68,0.619,0.6381909547738693,0
42,0,4,3,1,4,1,36,2,3,2,0.439834087617942,1187,14800.0,0.597,0.39742341826510164,88,0.467,0.0743718592964824,0
43,1,3,2,1,3,0,34,3,4,4,0.27516121132968735,1489,9051.0,1.029,0.08302318923561408,45,0.607,0.1417085427135678,0
52,1,1,2,1,3,0,43,6,1,1,0.0378109723469286,2077,612.0,0.378,0.047294589178356716,33,0.435,0.7758793969849246,0
52,1,2,3,2,2,0,45,5,3,2,0.18528192709892166,1173,6394.0,0.541,0.05181792155740052,32,0.6,0.1557788944723618,0
35,0,2,5,1,4,0,21,6,2,3,0.1326180478086445,1815,4010.0,1.132,0.1311193816203836,62,0.879,0.31356783919597986,0
45,0,3,2,2,1,0,36,5,2,2,0.14619214757978943,883,5391.0,0.626,0.24025193243630114,82,0.708,0.1417085427135678,0
62,0,1,3,1,4,0,48,5,3,1,0.05144553581415879,1985,1155.0,1.346,0.06275407958774692,41,0.864,0.6351758793969848,0
51,0,3,3,0,4,0,36,4,3,0,0.07626588305716542,1729,2232.0,0.783,0.2024620669911251,63,0.8,0.43919597989949744,0
45,0,4,5,1,4,0,37,3,3,1,0.05313851930454657,1817,1379.0,0.731,0.7311766389922703,104,0.677,0.571859296482412,0
59,0,0,2,2,1,0,42,6,2,2,0.01489523153060824,1409,522.0,0.887,0.24431720584025193,65,0.625,0.7336683417085427,0
51,1,2,0,2,0,0,40,6,3,3,0.21971600201948746,868,7838.0,0.991,0.15304895505296306,54,0.929,0.10050251256281406,0
44,1,5,2,2,3,0,32,5,3,2,0.4072743872760198,877,14033.0,0.772,0.035499570569710856,26,0.625,0.05929648241206029,0
46,1,3,2,1,4,0,27,1,2,2,0.16674980424878394,1502,5452.0,0.624,0.3996564557686802,89,0.648,0.21708542713567838,0
42,1,3,3,2,2,0,36,4,4,3,0.05740120987855867,795,2542.0,0.524,0.1958774692241626,68,0.619,0.23919597989949745,0
53,0,0,2,1,4,0,36,5,4,3,0.13316222107341202,1162,4681.0,0.765,0.22187231606069277,67,0.811,0.19999999999999998,0
46,1,1,4,2,2,0,32,5,2,3,0.2215299129020458,0,8766.0,0.702,0.09922702547953048,35,0.522,0.0,1
42,1,4,2,1,2,0,32,1,1,2,0.2559942196706542,1759,8147.0,0.785,0.20057257371886628,76,1.0,0.17889447236180903,0
49,0,5,2,1,4,0,43,4,3,2,0.03382036840530025,2351,206.0,0.807,0.21826510163183507,73,1.147,0.9236180904522613,0
43,0,4,2,2,4,0,33,3,3,1,0.03285294926793581,2217,308.0,0.763,0.22210134554823932,69,0.568,0.8824120603015074,0
54,1,2,0,2,3,0,47,2,2,2,0.3727798486593687,0,13769.0,1.058,0.24093902089894073,53,0.395,0.0,1
56,1,2,3,1,0,0,41,4,1,3,0.5140532745626207,1470,16972.0,0.491,0.04300028628685944,36,0.8,0.08040201005025126,0
54,1,4,2,2,3,0,43,3,4,3,0.20466054169425324,1256,6952.0,0.814,0.24586315488119095,83,0.627,0.1537688442211055,0
34,0,1,5,1,4,0,25,1,2,3,0.04945023384334462,0,3074.0,0.718,0.1254509018036072,54,0.688,0.0,1
58,1,2,3,0,2,0,46,6,2,0,0.031099502081462747,1176,1291.0,0.811,0.2412825651302605,73,0.921,0.47939698492462307,0
57,0,2,0,2,4,0,47,1,3,1,0.008727934529909886,996,731.0,0.767,0.2623532779845405,82,0.673,0.5798994974874371,0
35,1,3,4,1,3,0,29,2,1,3,0.4713659051264145,1911,15119.0,0.528,0.01059261379902662,25,0.562,0.11256281407035175,1
54,1,4,2,0,0,0,36,6,3,2,0.9780819101690869,1960,31831.0,0.618,0.029602061265387915,31,0.824,0.05829145728643216,0
44,0,1,0,1,4,0,33,5,1,3,0.0025304056811688916,0,1522.0,0.783,0.24649298597194388,70,0.489,0.0,0
50,0,3,3,1,4,0,36,2,3,3,0.0040419980833008365,0,1572.0,0.74,0.1097623819066705,41,0.577,0.0,1
46,1,2,4,2,2,0,41,3,3,2,0.2611638656859455,0,10077.0,0.639,0.09092470655596908,52,0.576,0.0,0
48,0,4,2,1,1,3,43,3,1,0,0.5963141330866415,2517,18646.0,0.569,0.06882336100772975,35,0.458,0.11959798994974873,0
36,1,3,2,2,2,0,30,3,4,3,0.040834157151192506,1584,1205.0,0.996,0.12356140853134841,60,0.714,0.5708542713567838,0
37,1,4,2,1,3,0,28,4,1,2,0.25947088219555775,1203,8818.0,0.93,0.05342112797022616,40,1.0,0.12060301507537687,0
46,1,3,2,1,3,0,34,5,3,4,0.4567336906737772,1850,14696.0,0.729,0.21328371027769824,75,0.562,0.11256281407035175,0
48,0,4,2,1,4,0,29,6,3,4,0.053622228873228796,2517,695.0,0.785,0.2149441740624105,69,1.3,0.7879396984924623,0
51,1,3,5,1,3,0,42,5,1,3,0.002076927960529301,961,546.0,0.678,0.2058975093043229,90,0.667,0.6412060301507537,0
49,1,1,1,1,0,0,38,6,1,3,0.23960855803154393,618,8746.0,0.554,0.0325794446034927,27,0.8,0.06633165829145729,0
27,1,1,3,2,2,0,18,5,2,2,0.0390504781166768,1351,1379.0,0.623,0.1024334383051818,61,0.743,0.4974874371859296,0
52,1,2,5,1,0,3,43,1,2,2,1.0000000000000002,1588,32928.0,0.745,0.39977097051245347,81,0.688,0.046231155778894466,0
40,0,1,3,0,4,0,30,6,2,1,0.03448546906223831,1959,620.0,0.618,0.2158602920125966,69,0.683,0.7638190954773869,0
35,0,3,2,2,1,0,28,5,6,2,0.05477103909884908,1560,1690.0,0.634,0.23721729172630976,73,0.698,0.48241206030150746,0
46,1,2,2,1,0,0,34,1,3,2,0.6951118124899858,892,23539.0,0.417,0.16759232751216718,66,0.571,0.0371859296482412,0
33,0,2,5,1,4,0,22,4,2,4,0.003195506338106946,0,1544.0,0.677,0.06876610363584311,40,0.739,0.0,0
49,0,3,2,1,4,0,33,6,3,3,0.044492210764351815,0,2910.0,0.789,0.12127111365588318,41,0.464,0.0,1
40,1,3,0,2,3,3,33,1,3,4,1.0000000000000002,0,34516.0,0.927,0.03332379043801889,26,0.368,0.0,1
51,1,0,2,1,3,0,36,3,2,3,0.20033738742415588,0,8065.0,0.729,0.8174634984254222,115,0.769,0.0,0
47,0,5,3,1,1,0,36,5,3,2,0.1699846119893463,1813,5248.0,0.744,0.07449184082450616,60,0.5,0.25829145728643216,0
47,0,1,2,2,4,0,40,3,1,3,0.07173110585076956,1970,1841.0,0.828,0.17452046951044944,76,0.689,0.5195979899497487,0
43,0,5,3,2,4,0,33,6,2,2,0.10695120882044401,866,4110.0,0.985,0.21683366733466933,69,0.568,0.17487437185929647,0
26,1,0,2,2,4,0,16,5,3,2,0.07372640782158374,0,3877.0,0.773,0.11125107357572288,33,0.833,0.0,0
60,0,0,2,2,4,1,55,4,3,2,0.18231920599074303,2517,4952.0,0.656,0.9045519610649871,124,0.771,0.33869346733668343,0
42,0,5,5,2,4,0,36,6,3,1,0.0,0,1438.3,0.813,0.23607214428857712,78,0.95,0.0,0
58,0,0,5,2,4,0,48,6,2,4,0.03596682961632763,1542,1086.0,0.93,0.21786430002862867,76,0.727,0.5899497487437185,0
48,0,4,2,2,4,0,37,1,2,1,0.07227527911553705,836,2993.0,0.731,0.2166046378471228,85,0.545,0.21909547738693466,0
40,1,3,3,1,4,0,33,1,3,4,0.029678605223458714,191,2229.0,0.818,0.11153736043515604,43,0.433,0.0793969849246231,1
32,1,0,4,1,2,0,26,6,2,3,0.12212759653784877,1491,3987.0,1.304,0.11027769825365015,55,0.571,0.2733668341708543,0
56,0,1,4,1,1,0,38,1,2,1,0.06187552338886925,1465,2020.0,0.653,0.24311480103063268,87,1.023,0.42211055276381904,0
41,0,3,0,2,1,0,32,2,1,2,0.050357189284623786,1954,1150.0,0.473,0.23870598339536211,77,0.925,0.6331658291457286,0
54,1,2,2,0,3,0,48,2,3,2,0.8626869461903337,2114,27860.0,0.925,0.8393930718580017,115,0.855,0.07135678391959797,0
37,0,3,2,1,4,0,30,5,3,3,0.09419336894645033,780,3774.0,0.658,0.2454050959060979,81,0.588,0.17185929648241205,0
59,0,0,2,1,4,0,55,4,3,3,0.0,755,683.3,0.62,0.21139421700543942,75,0.744,0.5276381909547738,0
51,0,1,2,2,1,0,36,3,3,1,0.02139507885977563,967,1179.0,0.569,0.21316919553392497,74,0.721,0.45326633165829144,0
30,0,1,2,1,4,0,17,3,1,3,0.0022280872007424957,810,702.0,1.294,0.11611795018608646,44,0.571,0.5386934673366834,0
40,1,4,5,1,0,0,24,4,2,2,0.45939409330152947,1946,14688.0,0.926,0.1674778127683939,72,1.0,0.11758793969849246,0
31,1,0,2,0,3,0,19,1,1,2,0.6099789284019143,570,21045.0,0.737,0.9123389636415689,103,0.717,0.026130653266331655,0
58,0,1,5,0,4,0,54,3,5,3,0.05525474866753131,859,2407.0,0.74,0.09281419982822789,46,0.438,0.264321608040201,1
47,0,4,2,1,4,0,42,5,2,3,0.01341387097651893,1143,739.0,0.638,0.22937303177784138,85,0.889,0.6100502512562813,0
52,1,3,2,2,2,0,36,5,2,2,0.041196939327704164,2467,334.0,0.701,0.25170340681362724,90,0.731,0.8854271356783919,0
47,1,2,3,1,2,0,39,2,3,1,0.520643817435916,728,17932.0,0.403,0.06596049241339823,43,0.303,0.03919597989949748,1
58,1,3,2,1,0,0,47,3,1,2,0.7754378327392776,0,27088.0,0.581,0.03464070999141139,24,0.846,0.0,0
55,0,3,0,0,4,0,46,2,3,3,0.05573845823621353,2262,1020.0,0.653,0.23727454909819637,84,0.585,0.6924623115577888,0
54,1,1,2,2,3,0,49,2,3,3,0.8202414315384685,2027,26543.0,0.749,0.8359576295448039,102,0.759,0.07135678391959797,0
50,1,3,2,0,2,0,39,5,1,3,0.14885255020754165,1709,4653.0,1.016,0.22593758946464357,85,0.735,0.27035175879396983,0
48,0,5,3,2,4,0,40,1,4,3,0.20735117617004814,2517,5780.0,0.899,0.5318637274549098,74,0.682,0.3045226130653266,1
51,0,0,5,1,4,0,36,6,3,2,0.1343110312990323,0,5881.0,0.71,0.22336100772974518,89,0.816,0.0,0
45,0,3,3,1,4,0,40,5,2,3,0.004979185372622645,0,1603.0,0.467,0.20103063269395932,66,0.571,0.0,0
55,0,1,2,1,4,0,36,6,6,2,0.04288992281809196,2517,340.0,0.871,0.07666762095619811,47,0.567,0.8854271356783919,0
55,1,2,2,1,2,0,44,6,6,3,0.13954114101040885,1103,4951.0,0.613,0.1985685657028342,80,0.739,0.18291457286432158,0
36,1,1,5,2,0,0,25,6,3,2,0.16962182981283466,1932,5117.0,0.804,0.11863727454909818,51,0.545,0.27537688442211056,0
26,1,1,3,2,2,0,15,6,3,3,0.0873307394407713,0,4327.0,0.624,0.10386487260234754,48,0.297,0.0,0
29,0,0,5,0,4,0,19,5,4,4,0.04497592033303404,0,2926.0,0.84,0.12854279988548525,74,1.114,0.0,0
49,1,2,2,1,4,3,44,2,2,3,0.33495980675802733,1722,10796.0,0.891,0.7870598339536216,96,0.778,0.13869346733668342,0
51,1,3,2,1,3,0,32,6,3,1,0.011448800853747394,885,932.0,0.621,0.16432865731462923,67,0.675,0.48944723618090447,0
57,1,4,2,1,2,0,39,4,3,0,0.21246035848925413,1886,6580.0,0.56,0.04649298597194389,32,0.391,0.22412060301507536,0
43,1,3,2,1,3,0,30,3,1,4,0.054589648010593246,2260,984.0,0.711,0.102089894073862,39,0.857,0.7005025125628139,0
40,1,4,2,2,3,0,29,5,1,2,0.3892864376906496,690,13625.0,1.32,0.11869453192098482,56,0.806,0.04824120603015075,0
48,1,1,5,1,2,0,42,6,1,1,0.09041438794112047,883,3546.0,0.688,0.2207844259948468,63,0.537,0.19999999999999998,0
57,1,1,2,1,3,0,39,3,1,1,0.0,641,797.3,0.66,0.2639564843973662,82,0.519,0.4482412060301507,0
42,1,2,2,2,0,0,35,2,1,3,0.05368269256931408,1471,1743.0,0.933,0.8031491554537646,114,0.652,0.4603015075376884,0
45,0,5,0,2,4,0,32,3,3,3,0.1378783893680637,658,5341.0,0.638,0.2148869166905239,69,0.605,0.11055276381909547,0
35,0,0,3,2,4,0,36,4,3,4,0.13582262370116424,0,5931.0,0.668,0.12596621815058687,71,0.614,0.0,0
36,0,5,3,1,4,0,17,3,1,3,0.0,0,1438.3,1.028,0.08273690237618093,40,0.6,0.0,0
49,0,3,5,2,4,0,38,6,2,1,0.34529909878860987,0,12860.0,0.646,0.04683653020326367,27,0.286,0.0,0
53,1,4,5,2,2,0,43,1,3,2,0.3712984881052794,0,13720.0,0.671,0.07443458345261952,36,0.241,0.0,1
48,1,2,3,1,1,0,36,6,3,2,0.0837029176756546,1921,2286.0,0.766,0.19009447466361293,75,0.562,0.4592964824120603,0
54,1,3,2,1,0,0,48,1,3,2,0.21125108456754857,0,8426.0,0.96,0.7929000858860579,103,0.717,0.0,0
47,1,3,5,2,2,0,36,3,2,4,0.006672168863010433,1544,115.0,0.408,0.07958774692241626,39,0.345,0.935678391959799,1
38,0,1,2,2,1,0,36,4,2,2,0.027804230644815096,1965,393.0,0.614,0.25147437732608074,80,0.6,0.8371859296482411,0
45,0,4,5,2,4,0,39,6,2,3,0.02308806235016341,1414,788.0,0.593,0.22908674491840822,77,0.54,0.6452261306532663,0
44,0,4,2,1,4,0,36,6,3,3,0.014109203481499626,0,1905.0,0.845,0.14829659318637273,46,0.586,0.0,1
47,0,2,0,1,4,0,36,1,3,3,0.040562070518808745,2216,564.0,0.826,0.2547953048955053,78,0.857,0.8010050251256281,0
35,0,3,2,2,4,0,27,3,3,3,0.03705517614586263,0,2664.0,0.731,0.19330088748926422,74,0.574,0.0,0
49,0,5,3,0,4,0,42,5,2,3,0.016134737300356437,1489,483.0,0.69,0.2396221013455482,66,0.65,0.7587939698492462,0
43,1,2,2,1,2,1,33,1,3,2,1.0000000000000002,1085,33431.0,1.047,0.24477526481534498,54,0.588,0.03115577889447236,1
37,0,5,2,1,4,0,29,6,1,2,0.021213687771519794,0,2140.0,0.602,0.233610077297452,65,1.321,0.0,0
32,1,3,2,1,1,0,20,2,2,2,0.055194284971446024,0,3264.0,0.549,0.3383338104780991,63,0.75,0.0,1
40,0,2,3,0,4,0,28,4,6,3,0.04470383370065029,1310,1607.0,0.757,0.24082450615516746,79,0.795,0.45125628140703516,0
54,1,1,3,2,2,0,34,5,2,0,0.37794949467466,2109,11831.0,0.66,0.8615516747781277,114,0.754,0.15175879396984923,0
45,0,2,2,1,4,0,34,4,1,2,0.0,877,561.3,0.743,0.2148869166905239,76,0.617,0.6130653266331657,0
42,1,3,3,2,3,0,36,4,3,1,0.595437409493405,1508,19626.0,0.505,0.05874606355568279,35,0.842,0.07135678391959797,0
54,0,4,2,1,4,0,41,3,2,0,0.001593218391847083,1349,142.0,0.756,0.21958202118522757,71,0.732,0.9095477386934673,0
40,0,5,2,1,1,0,24,1,1,2,0.04125740302378945,1747,1056.0,0.954,0.26103635843114803,71,1.029,0.6261306532663315,0
36,1,3,5,1,3,0,25,6,3,3,0.6045069639061966,1345,20089.0,0.603,0.09235614085313484,46,0.586,0.06331658291457286,0
61,1,0,5,2,1,0,49,1,2,3,0.023874090399272026,1480,748.0,0.533,0.22336100772974518,71,0.651,0.6673366834170854,0
53,0,3,5,2,4,0,40,5,2,3,0.0,661,777.3,0.573,0.22519324363011736,87,0.812,0.4623115577889447,0
61,1,0,3,2,2,0,51,4,2,2,0.1229136245869574,1412,4092.0,0.722,0.04351560263383911,38,0.462,0.25829145728643216,0
50,1,1,1,1,0,0,39,2,3,2,1.0000000000000002,2517,31999.0,0.778,0.43269395934726596,86,0.509,0.07336683417085427,0
48,1,2,2,0,4,0,36,1,3,2,0.06057555392303577,1229,2213.0,0.81,0.8066418551388491,100,0.724,0.35879396984924616,0
39,1,3,2,2,1,0,24,3,1,4,0.09443522373079147,1721,2841.0,0.896,0.07821356999713713,50,1.5,0.378894472361809,0
37,0,1,3,2,4,0,36,6,2,2,0.4581848193798239,1931,14663.0,0.702,0.09184082450615516,47,0.808,0.11658291457286432,0
45,0,4,3,2,4,0,35,3,4,2,0.22240663649528233,2517,6278.0,0.625,0.23028914972802747,81,0.588,0.2874371859296482,0
62,1,0,2,1,2,0,51,3,2,0,0.12128110479265489,967,4483.0,0.701,0.05702834239908389,45,0.8,0.1778894472361809,0
50,1,2,2,1,1,0,43,4,3,3,0.3515570913334361,0,13067.0,1.061,0.28273690237618093,71,0.775,0.0,1
49,1,3,0,1,2,0,39,5,3,3,0.03212738491491247,0,2501.0,0.832,0.2466075007157171,87,0.74,0.0,0
56,0,1,3,2,4,0,48,1,5,2,0.06402198459989661,0,3556.0,0.596,0.09676495848840537,45,0.731,0.0,1
54,1,1,3,1,2,0,36,4,1,4,0.5626660862151842,1225,18825.0,0.907,0.0444317205840252,26,0.238,0.06130653266331658,0
49,1,3,2,2,1,1,36,2,2,2,0.6815074808707982,1408,22573.0,0.844,0.7973089035213283,96,0.846,0.05929648241206029,0
45,1,5,3,1,2,0,37,3,1,3,0.42892039047454933,1148,14478.0,1.028,0.1635270541082164,65,0.711,0.07336683417085427,0
44,0,4,5,2,4,0,36,5,2,4,0.007518660608204324,1290,397.0,0.709,0.2128256513026052,87,0.706,0.7688442211055276,0
27,0,1,4,2,4,0,22,4,1,3,0.04615496240669697,1635,1330.0,0.7,0.1158316633266533,59,0.553,0.5537688442211055,0
30,0,2,2,2,4,0,18,3,1,4,0.0834610628913135,1903,2296.0,1.059,0.14234182651016317,67,0.763,0.4552763819095477,0
42,0,2,2,2,4,3,36,2,2,3,1.0000000000000002,1066,33450.0,0.846,0.4653306613226453,98,0.75,0.03115577889447236,0
39,0,3,4,1,4,0,19,5,1,2,0.030646024360823164,2423,29.0,0.778,0.21036358431148008,63,0.8,0.9929648241206029,0
57,0,2,5,1,4,0,51,3,6,2,0.02919489565477649,284,2120.0,0.866,0.11342685370741483,51,0.5,0.11859296482412059,1
51,0,4,2,2,4,0,40,3,2,2,0.11187900005139417,1799,3340.0,0.94,0.40183223590037215,89,0.618,0.3517587939698492,0
50,1,2,2,2,0,0,36,3,2,2,1.0000000000000002,1023,33493.0,1.004,0.030575436587460637,13,0.625,0.030150753768844216,0
48,0,5,2,1,4,0,43,1,1,3,0.043464327930902096,1628,1248.0,0.631,0.24174062410535355,80,0.739,0.5688442211055276,0
29,0,1,2,1,4,0,36,6,3,2,0.17630306823025788,1835,5435.0,0.86,0.18488405382192954,69,0.917,0.25326633165829143,0
51,0,2,2,1,4,0,43,1,3,3,0.06786142930131178,1039,2644.0,0.595,0.2378471228170627,86,0.755,0.2834170854271356,0
38,0,2,2,2,4,0,32,2,3,3,0.07064275932123457,0,3775.0,0.581,0.08594331520183224,36,0.385,0.0,1
64,0,0,3,1,1,0,53,1,3,3,0.0578849194472409,0,3353.0,1.021,0.02462066991125107,18,0.385,0.0,1
36,1,2,1,1,2,0,30,3,3,4,0.10568147120265317,1504,3430.0,1.52,0.1269395934726596,42,0.448,0.30653266331658285,0
52,0,4,4,1,4,0,37,6,3,4,0.0,783,655.3,0.733,0.1679931291153736,70,0.795,0.5467336683417086,0
39,1,4,3,1,2,0,32,4,2,2,0.5369085516828558,2218,16980.0,0.802,0.22290294875465214,90,0.667,0.11658291457286432,0
42,0,4,3,1,4,1,36,2,3,3,0.42308564380232,0,15433.0,0.865,0.024964214142570853,22,1.2,0.0,0
38,1,2,2,1,2,0,26,2,2,3,0.29668628713604633,1129,10123.0,0.462,0.07077011165187518,31,0.476,0.10050251256281406,1
45,0,1,2,2,1,0,36,5,2,2,0.015046390770821434,1613,323.0,0.841,0.2429430289149728,80,0.818,0.8371859296482411,0
40,1,2,2,1,3,0,31,5,1,2,0.5216414684213232,2052,16641.0,0.5,0.05645576868021758,44,0.63,0.11055276381909547,0
50,0,3,2,2,4,0,40,3,3,1,0.012385988143069203,501,1347.0,0.653,0.23303750357858574,69,0.683,0.2723618090452261,0
61,1,0,5,1,3,0,43,3,3,5,0.0,0,1438.3,0.7,0.08176352705410822,47,0.424,0.0,1
36,1,2,3,1,3,0,30,2,1,2,0.08781444900945351,2220,2123.0,1.045,0.7977669624964214,119,0.776,0.5135678391959798,0
45,1,4,2,2,2,3,36,2,3,4,0.8200600404502127,2517,26047.0,0.711,0.8213569997137131,107,0.783,0.08844221105527637,0
31,1,1,3,0,1,3,26,1,1,3,0.42523210501334735,1277,14227.0,0.612,0.7816203836243917,126,0.615,0.08241206030150754,0
49,1,5,5,1,3,3,30,3,3,2,1.0000000000000002,1768,32748.0,0.767,0.8361866590323505,124,0.722,0.05125628140703517,0
59,0,1,0,2,4,0,36,2,3,3,0.08421685909237947,1305,2919.0,0.852,0.03561408531348412,31,0.824,0.31055276381909547,0
53,0,1,5,2,1,3,41,3,3,2,0.43554116519588726,1675,14170.0,0.514,0.2008016032064128,68,0.447,0.1065326633165829,0
62,1,1,2,2,2,0,49,3,3,2,0.6157229795300158,1777,20028.0,0.519,0.23841969653592895,79,0.411,0.0814070351758794,0
44,1,2,4,1,2,0,34,6,3,4,0.652636065990078,2517,20509.0,1.032,0.25073003149155454,52,0.625,0.10954773869346733,1
45,0,3,2,0,1,0,26,1,1,2,0.017948648182914778,1195,837.0,0.642,0.22610936158030345,80,0.667,0.5909547738693467,0
48,1,3,2,1,2,0,36,3,3,2,0.15916161039008156,1252,5451.0,0.625,0.07517892928714572,44,0.63,0.18793969849246228,0
55,0,1,3,1,4,0,36,5,1,1,0.03956441953340167,0,2747.0,0.834,0.2577726882336101,84,0.68,0.0,0
47,0,4,2,2,4,0,34,1,3,2,0.13053205029370243,860,4896.0,0.708,0.27300314915545376,72,0.714,0.14974874371859295,0
45,1,4,5,2,3,0,35,2,2,2,0.2986815891068605,2082,9236.0,0.733,0.38070426567420557,93,0.632,0.18492462311557786,0
46,0,4,0,2,4,0,36,6,1,2,0.0,0,1438.3,0.749,0.19181219582021183,74,0.721,0.0,0
34,1,4,2,2,4,0,23,1,3,2,0.18821441635905764,1785,5879.0,0.947,0.8329229888348124,126,0.8,0.23417085427135678,0
52,1,3,2,1,2,0,47,3,3,3,0.20396520918927255,941,7244.0,0.874,0.22874320068708845,77,0.604,0.11557788944723618,0
40,0,1,2,1,4,0,29,5,1,3,0.21040459282235466,1892,6506.0,0.861,0.05490981963927856,29,0.526,0.22613065326633164,0
38,1,2,5,2,1,0,36,5,1,2,0.19099574637898042,1670,6086.0,0.78,0.07603778986544518,51,0.545,0.21608040201005022,0
39,0,2,3,1,4,0,36,6,2,3,0.004223389171556673,760,818.0,0.709,0.08514171199541941,43,0.955,0.48442211055276374,0
36,1,4,5,1,3,0,25,4,3,3,0.13325291661753993,1732,4114.0,0.611,0.087374749498998,41,0.64,0.2974874371859296,0
33,0,2,1,2,4,0,21,4,3,4,0.11665563204213111,0,5297.0,0.779,0.12167191525908962,62,0.55,0.0,0
52,1,2,3,1,0,0,36,5,1,2,0.046638671975379194,1358,1623.0,1.242,0.06401374176925279,30,1.5,0.4582914572864321,0
44,1,2,1,2,2,0,36,5,1,2,0.18558424557934805,2480,5097.0,0.435,0.05032922988834812,35,0.167,0.328643216080402,0
45,0,3,2,1,4,0,36,3,1,4,0.006007068206072372,774,863.0,1.126,0.20555396507300314,78,1.0,0.4753768844221105,0
48,1,3,3,2,3,0,35,3,3,4,0.3147951641135871,0,11851.0,0.43,0.22719725164614943,73,0.622,0.0,0
45,1,2,2,2,4,3,32,2,1,3,0.3403108438615744,1613,11082.0,0.852,0.44649298597194387,94,0.843,0.12763819095477386,0
53,0,2,3,2,4,0,40,3,1,3,0.0,0,1438.3,1.052,0.25468079015173206,73,0.921,0.0,0
48,1,3,2,1,3,0,39,4,4,3,0.5210065996124277,2517,16155.0,0.799,0.03412539364443172,35,0.591,0.135678391959799,1
38,1,1,3,2,0,0,27,6,2,2,0.6363410998950955,889,21598.0,0.528,0.2536501574577727,73,0.46,0.04020100502512563,0
49,1,3,2,2,2,0,32,3,1,4,0.17279617385731175,1472,5682.0,1.002,0.17618093329516174,59,0.735,0.20703517587939696,0
55,0,2,2,1,4,0,36,4,2,4,0.0,739,699.3,0.727,0.20314915545376466,77,0.54,0.5165829145728643,0
41,0,2,2,1,4,0,34,6,3,3,0.04310154575439042,1928,936.0,0.769,0.23538505582593758,78,0.66,0.6763819095477387,0
50,0,2,5,1,4,0,45,6,1,4,0.12762979288160908,2401,3259.0,0.779,0.08027483538505582,35,0.346,0.4261306532663316,0
54,1,2,4,2,0,0,45,3,1,4,0.1257251864549228,0,5597.0,0.596,0.24700830231892354,58,0.871,0.0,0
65,0,1,2,2,4,0,54,4,2,2,0.023299685286461876,0,2209.0,1.299,0.15814486115087314,52,0.857,0.0,0
45,0,4,5,2,1,0,36,1,1,3,0.07496591359133192,2070,1848.0,0.76,0.23876324076724878,69,0.643,0.5306532663316583,0
33,0,3,2,1,4,0,20,5,1,3,0.0,0,1438.3,0.896,0.2290294875465216,72,0.636,0.0,0
52,1,2,2,2,3,0,36,6,2,2,0.44101312969160494,1160,14866.0,0.386,0.22261666189521898,59,0.639,0.07236180904522611,0
39,1,3,2,1,1,0,29,2,2,2,0.05180831799067046,1174,1978.0,0.862,0.7523618665903234,117,0.857,0.3738693467336683,0
45,1,3,3,1,2,0,27,6,2,3,0.6009698376852078,0,21317.0,0.833,0.18803320927569422,67,1.03,0.0,0
49,1,2,0,2,2,0,41,6,3,4,0.14410615006484734,2233,3972.0,0.662,0.19330088748926422,64,0.684,0.3618090452261306,0
65,0,1,2,2,4,0,36,5,1,2,0.10822094643823485,1131,3887.0,0.624,0.20028628685943314,81,0.8,0.22613065326633164,0
46,1,2,0,2,2,0,36,3,3,2,0.10583263044286637,1296,3643.0,0.911,0.09275694245634125,43,0.87,0.2633165829145728,0
34,0,2,1,2,4,0,28,3,3,2,0.0,0,1438.3,0.892,0.14394503292298882,91,0.896,0.0,0
52,1,1,3,2,3,0,44,1,3,2,0.07049160008102137,0,3770.0,0.544,0.10632693959347266,51,0.5,0.0,1
45,0,3,5,0,4,0,36,5,1,0,0.03805282713126971,2216,481.0,0.681,0.2022902948754652,75,0.786,0.8261306532663315,0
57,0,3,0,2,1,0,44,3,1,2,0.04168064889638639,1864,953.0,0.7,0.22931577440595477,82,0.745,0.6653266331658291,0
57,0,1,2,1,4,0,45,1,3,2,0.013776653153030595,0,1894.0,0.731,0.29888348124821074,73,0.872,0.0,0
57,0,3,3,1,4,0,39,3,2,1,0.03941326029318847,2321,421.0,1.315,0.04918408245061552,32,0.6,0.850251256281407,0
64,1,1,2,2,4,0,52,5,3,2,0.034001759493556084,2242,321.0,1.114,0.19536215287718292,84,0.826,0.879396984924623,0
34,1,3,3,1,3,3,21,1,2,3,1.0000000000000002,0,34516.0,0.794,0.4951044947036931,50,1.083,0.0,1
42,0,1,3,1,1,0,36,5,3,2,0.03829468191561083,2430,275.0,0.698,0.11863727454909818,43,0.433,0.9025125628140703,1
40,0,1,5,0,4,0,25,3,3,1,0.0701288179045097,2047,1711.0,1.108,0.2518179215574005,79,0.646,0.5477386934673367,0
57,0,3,3,2,4,0,37,3,1,2,0.04878513318640656,1603,1449.0,0.776,0.21070712854279985,82,0.907,0.5276381909547738,0
52,1,3,5,2,3,0,40,6,3,2,1.0000000000000002,1757,32759.0,0.786,0.21145147437732606,81,0.653,0.05125628140703517,0
42,0,2,2,1,4,0,36,5,1,3,0.13573192815703633,2517,3411.0,0.817,0.17211565989121097,69,0.769,0.42713567839195976,0
50,0,2,4,1,4,0,36,5,2,4,0.0788053582927471,0,4045.0,0.66,0.10924706555969081,41,0.464,0.0,1
42,0,3,2,2,4,0,35,5,2,4,0.12569495460688018,1086,4510.0,0.587,0.19272831377039792,65,0.757,0.19497487437185929,0
48,1,3,2,1,0,0,43,5,3,0,0.15683375809079836,1558,5068.0,1.02,0.13215001431434295,49,1.333,0.23618090452261303,0
45,0,4,0,0,4,0,39,5,1,2,0.1061047170752501,1655,3293.0,0.562,0.1821356999713713,64,0.524,0.335678391959799,0
52,0,0,2,1,4,0,37,6,2,2,0.18652143286866985,2373,5235.0,0.95,0.25141711995419413,81,0.62,0.31356783919597986,0
46,1,5,3,1,0,0,26,4,3,3,1.0000000000000002,772,33744.0,0.979,0.18144861150873173,77,0.878,0.022110552763819093,0
54,0,3,2,0,1,0,34,2,3,4,0.1061047170752501,0,4948.0,0.392,0.0724878328084741,41,0.519,0.0,1
49,0,5,2,2,4,0,44,6,1,2,0.20611167040029993,864,7392.0,1.541,0.043572860005725744,33,3.714,0.10552763819095476,0
55,1,2,2,1,0,0,36,3,2,4,0.09851652321654772,0,4697.0,0.544,0.07655310621242485,34,0.478,0.0,1
51,0,1,2,1,4,0,35,1,2,3,0.06740795158067217,0,3668.0,0.655,0.24179788147724016,87,0.812,0.0,0
39,1,3,2,1,3,0,33,6,6,4,0.5182857332885902,794,17788.0,0.717,0.07477812768393931,46,0.586,0.04321608040201004,0
42,1,2,0,1,2,0,28,6,1,3,0.1784192975932426,0,7340.0,0.65,0.017635270541082163,24,0.412,0.0,1
39,0,2,2,1,1,0,36,4,2,4,0.015378941099290465,1160,787.0,1.227,0.22708273690237615,71,1.29,0.5989949748743718,0
47,1,3,3,2,1,0,31,6,3,2,0.07759608437104154,1985,2020.0,1.356,0.10386487260234754,34,0.7,0.49849246231155775,0
44,0,2,5,2,4,0,32,5,3,3,0.0014420591516338885,849,637.0,0.621,0.10592613799026625,43,0.87,0.5738693467336683,1
49,1,0,2,1,3,0,36,1,2,1,0.7692100720424939,1673,25209.0,0.691,0.39387346120813055,89,0.534,0.06231155778894472,0
41,0,4,2,2,1,0,31,4,2,3,0.028318172061539963,1658,717.0,0.638,0.030976238190667044,28,1.0,0.7015075376884421,0
45,0,3,2,2,4,0,39,2,2,3,0.0,0,1438.3,0.81,0.2518179215574005,84,0.909,0.0,0
44,0,1,1,0,4,0,39,5,2,4,0.026383333786811063,1830,481.0,1.289,0.0670483824792442,33,1.357,0.7959798994974874,0
44,1,4,2,1,3,0,36,3,1,3,0.5758169401137322,0,20485.0,0.751,0.1427998854852562,51,1.04,0.0,0
44,1,2,2,1,2,0,37,1,1,1,0.010541845412468227,0,1787.0,0.609,0.19364443172058401,79,0.975,0.0,0
48,0,4,4,1,4,0,31,6,6,4,0.03651100288109512,1983,663.0,0.7,0.2403091898081878,83,0.804,0.7527638190954773,0
53,0,1,2,1,4,0,42,2,1,3,0.09670261233398939,0,4637.0,0.709,0.23206412825651299,86,0.911,0.0,0
38,1,2,2,0,1,0,28,3,3,4,0.29538631767021284,1165,10044.0,0.966,0.23383910678499856,96,0.714,0.10452261306532662,0
51,1,0,2,1,0,0,36,4,2,3,0.5228507423430288,1292,17441.0,0.442,0.2605210420841683,85,0.491,0.06934673366834171,0
73,1,0,3,1,1,0,36,5,3,2,0.09162366186282603,1125,3344.0,1.363,0.07071285427998855,34,1.615,0.25326633165829143,0
47,0,2,2,2,4,0,32,6,1,3,0.03188553013057136,831,1662.0,0.581,0.21437160034354422,68,0.581,0.3346733668341708,0
41,0,3,2,1,1,0,36,2,6,2,0.09107948859805853,0,4451.0,0.726,0.22479244202691093,75,0.974,0.0,0
41,0,3,2,0,1,0,28,1,1,3,0.2374923286685592,1764,7530.0,1.026,0.22908674491840822,73,0.738,0.19095477386934673,0
61,1,0,4,1,4,0,56,6,3,4,0.0,0,1438.3,0.589,0.05256226739192671,31,0.292,0.0,0
47,0,3,4,1,4,0,28,1,3,1,0.20614190224834256,961,7296.0,0.741,0.7580303464070999,104,0.857,0.11658291457286432,0
46,1,2,2,2,3,0,34,2,3,3,0.17046832155802855,0,7077.0,0.838,0.11961064987117091,41,0.519,0.0,1
65,0,1,3,2,4,0,55,3,3,2,0.07774724361125473,1504,2506.0,0.766,0.18763240767248782,61,0.564,0.37688442211055273,0
51,0,2,2,2,4,0,36,3,1,3,0.06344757948708649,0,3537.0,0.647,0.20446607500715716,80,0.702,0.0,0
52,1,2,2,1,2,0,40,4,1,3,0.17464031658791274,0,7215.0,0.829,0.22210134554823932,75,0.974,0.0,0
57,0,3,2,1,4,0,36,2,2,1,0.049692088627685725,2507,575.0,0.687,0.41551674778127684,89,0.508,0.8170854271356782,0
42,0,3,3,1,4,0,36,4,3,1,0.2392155440069896,1482,7869.0,0.464,0.2616089321500143,60,0.714,0.1587939698492462,0
39,0,1,5,2,1,0,28,5,3,6,0.07475429065503347,0,3911.0,0.897,0.13381047809905525,42,0.556,0.0,1
53,0,2,2,2,4,0,36,5,2,2,0.011539496397875312,909,911.0,0.737,0.2367592327512167,67,0.763,0.5015075376884421,0
48,1,4,3,1,2,0,41,4,1,3,0.25061295071906453,0,9728.0,0.806,0.18471228170626966,57,0.727,0.0,0
45,0,1,2,2,4,0,36,3,4,1,0.03608775700849818,1480,1152.0,0.588,0.2437446321213856,89,0.679,0.5648241206030151,0
33,0,3,0,2,4,0,23,6,4,1,0.03397152764551344,1968,594.0,0.546,0.09882622387632407,70,0.591,0.771859296482412,0
47,1,3,4,2,2,0,36,5,3,3,0.10955114775211094,1996,3066.0,0.591,0.04488977955911824,40,0.429,0.3959798994974874,0
58,1,2,2,2,2,0,48,2,1,2,0.02411594518361313,710,1526.0,0.434,0.11634697967363299,38,0.462,0.3195979899497487,1
46,1,5,5,0,2,0,36,3,1,2,0.4763843919014925,1646,15550.0,0.542,0.05359290008588606,41,1.278,0.0964824120603015,0
37,1,2,2,1,4,0,36,6,3,2,0.030978574689292195,1751,712.0,0.854,0.09395934726596049,58,0.758,0.7145728643216079,0
26,0,0,4,2,4,0,15,3,2,3,0.00011185783775776587,1428,14.0,0.496,0.034583452619524765,26,0.238,0.9949748743718592,1
53,0,2,2,1,4,0,41,3,2,2,0.018371894055511727,1260,786.0,0.768,0.21173776123675922,81,0.884,0.6190954773869346,0
39,0,2,3,2,1,0,26,6,3,2,0.05150599951024407,1639,1503.0,0.986,0.14405954766676207,56,1.154,0.5246231155778894,0
61,0,0,2,1,1,0,50,3,3,0,0.10483497945745926,2185,2721.0,0.66,0.19862582307472085,71,1.088,0.4472361809045226,0
39,1,1,5,1,4,0,28,3,3,4,0.09809327734395076,2514,2169.0,0.58,0.084740910392213,45,0.731,0.5396984924623115,0
58,1,1,2,1,2,0,36,3,1,3,0.027471680316346066,2163,184.0,0.615,0.06304036644718007,40,0.29,0.9266331658291457,0
48,1,3,2,1,2,0,38,5,2,3,0.46804040184172424,2157,14763.0,0.629,0.15717148582880044,60,0.5,0.12763819095477386,0
28,1,0,2,1,4,0,18,5,1,3,0.04548986174975891,1789,1154.0,1.271,0.11800744345834525,55,0.897,0.6110552763819095,0
58,1,2,2,1,2,0,51,4,2,2,0.409269689246834,1463,13513.0,0.635,0.061208130546807904,36,0.565,0.09849246231155778,0
51,0,2,1,1,4,2,42,3,2,3,0.439834087617942,193,15794.0,0.435,0.08537074148296593,46,0.394,0.012060301507537688,1
38,0,3,5,2,4,0,36,5,3,3,0.3561825640839599,848,12372.0,0.825,0.18660177497852848,72,0.565,0.064321608040201,0
36,1,3,3,0,0,0,36,3,2,3,0.059426743697415484,1568,1836.0,1.055,0.10741482965931863,65,0.857,0.46331658291457284,0
44,1,4,3,2,2,0,40,4,3,2,0.3909491893329947,945,13425.0,0.557,0.22788434010878897,79,0.646,0.06633165829145729,0
40,0,2,5,1,4,0,26,3,2,1,0.03838537745973874,0,2708.0,0.572,0.2145433724592041,90,0.636,0.0,0
56,1,2,2,2,0,0,45,2,2,3,0.31065340093174554,898,10816.0,0.726,0.7687374749498997,122,0.718,0.07738693467336683,0
42,1,3,0,2,3,3,26,3,2,2,1.0000000000000002,904,33612.0,0.726,0.19352991697681074,68,0.659,0.026130653266331655,0
47,1,4,0,0,1,0,36,5,1,1,0.12490892655777158,1858,3712.0,0.783,0.2060692814199828,72,0.636,0.335678391959799,0
53,0,4,2,1,4,0,36,2,3,5,0.0,0,1438.3,0.314,0.06922416261093615,44,0.467,0.0,1
53,0,3,2,2,1,0,45,2,2,1,0.10592332598699428,2119,2823.0,0.718,0.3967935871743487,85,0.604,0.4311557788944723,0
48,1,4,2,1,3,0,41,4,2,1,0.3894980606269481,0,14322.0,0.602,0.19828227884340108,75,0.531,0.0,0
55,0,1,3,1,1,0,46,2,4,3,0.09646075754964828,710,3919.0,0.788,0.13438305181792154,49,0.581,0.1537688442211055,1
56,0,2,5,2,4,0,36,1,3,5,0.013444102824561571,400,1483.0,0.528,0.0815344975665617,45,0.5,0.2130653266331658,1
45,0,1,3,0,4,0,36,6,2,2,0.24169455554648603,1578,7855.0,0.66,0.19352991697681074,81,0.653,0.1678391959798995,0
42,0,5,3,2,4,0,31,6,3,2,0.10683028142827344,0,4972.0,0.719,0.22868594331520184,72,0.756,0.0,0
50,1,1,3,1,3,0,36,6,3,2,0.27661234003573404,994,9594.0,0.786,0.2343544231319782,84,0.585,0.09447236180904522,0
44,1,4,0,2,3,0,34,2,2,3,0.013232479888263093,861,1015.0,0.839,0.25914686515888924,82,0.547,0.46130653266331656,0
61,1,2,3,2,2,0,47,5,2,3,0.022271802453012156,1404,771.0,0.633,0.1983395362152877,64,0.778,0.6492462311557788,0
45,1,4,2,2,0,2,34,2,2,1,1.0000000000000002,1488,33028.0,0.732,0.3865445176066419,95,0.532,0.04321608040201004,0
52,0,3,2,1,4,0,41,6,3,2,0.03578543852807179,1549,1073.0,1.321,0.07718293730317778,30,1.143,0.5939698492462311,0
40,1,5,2,1,0,0,27,5,2,3,0.9225460053147589,2297,29657.0,0.516,0.21992556541654737,82,0.64,0.07236180904522611,0
29,1,0,2,1,1,0,18,4,3,4,0.0935282682895123,0,4532.0,0.734,0.0775837389063842,55,0.528,0.0,0
51,0,2,3,2,4,0,31,6,2,1,0.1012978532364705,2203,2586.0,0.847,0.2397938734612081,81,0.976,0.4623115577889447,0
36,1,3,3,1,2,0,36,5,2,4,0.12270200165065892,1517,3980.0,0.624,0.08308044660750072,38,0.357,0.27738693467336684,0
43,0,4,5,1,1,0,31,4,1,3,0.010118599539871279,882,891.0,0.68,0.2788434010878901,84,0.615,0.49949748743718586,0
59,1,0,5,2,1,0,52,1,2,2,0.39360959196074696,2017,12441.0,0.99,0.4675636988262239,72,0.895,0.1407035175879397,1
46,0,2,4,1,4,0,28,5,1,1,0.10810001904606428,1910,3104.0,0.863,0.038877755511022044,25,1.5,0.38291457286432157,0
34,0,3,2,1,1,0,29,6,1,1,0.14301780353531232,2517,3652.0,1.117,0.24414543372459205,71,0.69,0.41005025125628136,0
40,1,2,2,2,0,0,33,3,1,2,0.5880910704190436,1213,19678.0,0.717,0.8079587746922416,117,0.773,0.05829145728643216,0
57,1,2,2,2,0,0,44,5,1,2,0.1261786641755624,1884,3728.0,0.77,0.24070999141139418,83,0.886,0.33768844221105526,0
56,1,1,0,1,2,0,46,3,2,1,0.2623731396076511,2242,7875.0,0.662,0.05605496707701117,44,0.467,0.22311557788944722,0
45,1,4,2,1,3,0,35,2,3,3,0.6682356995800797,1307,22235.0,0.462,0.09287145720011451,46,0.438,0.056281407035175875,1
60,1,1,2,1,2,0,54,5,3,3,0.05924535260915965,2341,1057.0,0.714,0.03658746063555683,31,0.409,0.6924623115577888,0
43,1,5,2,2,1,0,31,4,1,2,0.18519123155479372,0,7564.0,0.61,0.2412253077583739,82,0.822,0.0,0
54,1,2,2,2,3,0,36,5,3,3,0.32963900150252284,0,12342.0,0.431,0.05153163469796736,37,0.423,0.0,1
36,1,1,3,2,1,0,20,5,1,2,0.34088524897438455,976,11738.0,0.649,0.09791010592613798,53,0.395,0.07738693467336683,0
42,0,1,0,1,4,0,36,6,4,1,0.048724669490321275,1824,1226.0,0.771,0.08262238763240767,50,1.381,0.601005025125628,0
48,0,4,3,2,4,0,36,2,3,1,0.6802377432530073,1419,22520.0,0.785,0.8177497852848554,101,0.804,0.05929648241206029,0
47,1,4,2,2,1,0,36,3,3,3,0.13071344138195826,1890,3872.0,0.938,0.18803320927569422,88,0.66,0.32964824120603015,0
46,0,2,2,2,4,0,36,1,1,1,0.13140877388693895,2130,3655.0,0.813,0.4248496993987976,86,0.593,0.3698492462311557,0
28,0,1,2,0,4,0,23,4,1,3,0.033397122532703306,1156,1387.0,0.641,0.19089607787002574,64,0.684,0.457286432160804,0
43,0,5,2,1,4,0,35,3,6,4,0.12091832261614321,2214,3224.0,0.668,0.2576009161179502,75,0.562,0.4090452261306532,0
57,0,3,2,2,4,0,40,3,3,1,0.020336964178283255,966,1145.0,0.923,0.19129687947323215,87,0.706,0.4603015075376884,0
48,1,2,1,2,1,0,42,6,3,2,0.03995743355795597,0,2760.0,0.576,0.07036931004866877,34,0.214,0.0,1
56,0,1,2,2,4,0,50,4,1,4,0.06801258854152498,606,3082.0,0.57,0.8053821929573433,120,0.791,0.16482412060301507,0
39,0,1,2,2,4,2,35,1,2,3,0.439834087617942,1494,14493.0,0.731,0.4527912968794732,92,0.84,0.09346733668341707,0
40,0,3,2,2,4,0,31,5,3,2,0.028801881630222174,0,2391.0,0.669,0.13323790438018893,40,0.6,0.0,1
63,0,0,0,2,4,0,55,5,1,2,0.40887667522227966,1616,13347.0,0.755,0.15528199255654163,58,1.0,0.10854271356783919,0
51,1,3,2,1,3,0,43,3,4,5,0.3777378717383615,1019,12914.0,0.875,0.1702834239908388,62,0.771,0.07336683417085427,0
34,0,2,2,2,4,0,36,4,3,4,0.0661079821148387,2517,1108.0,1.158,0.11943887775551103,46,1.3,0.6974874371859295,0
37,1,1,1,2,3,0,30,6,3,2,0.539992200183205,1181,18119.0,0.764,0.12195820211852275,70,0.795,0.06130653266331658,0
31,1,0,2,2,2,3,24,2,2,2,1.0000000000000002,984,33532.0,0.913,0.8483824792442026,109,0.787,0.02914572864321608,0
45,1,1,2,0,1,3,31,3,1,1,0.4836702672797686,2225,15212.0,0.814,0.16324076724878325,51,0.594,0.128643216080402,0
50,1,1,5,2,2,0,30,1,3,2,0.386323716582471,1816,12401.0,0.978,0.8602347552247351,99,0.678,0.128643216080402,0
50,1,3,2,2,0,0,33,1,2,2,1.0000000000000002,1134,33382.0,0.585,0.2284569138276553,73,0.659,0.033165829145728645,0
26,0,1,3,2,4,0,13,3,2,3,0.02919489565477649,1198,1206.0,0.501,0.12379043801889493,63,0.5,0.500502512562814,0
49,1,3,2,1,3,0,36,6,1,3,0.6028139804158089,1284,20094.0,1.101,0.17154308617234468,64,0.684,0.06030150753768843,0
52,0,4,3,2,4,0,44,1,1,3,0.12947393561221004,0,5721.0,0.57,0.209447466361294,79,0.881,0.0,0
33,0,0,0,2,4,0,15,3,1,4,0.02602055161029939,0,2299.0,0.663,0.10266246779272832,47,0.469,0.0,1
60,0,0,2,2,1,0,47,1,2,3,0.24378055306142812,1881,7621.0,0.717,0.795190380761523,100,0.754,0.19899497487437184,0
39,0,1,2,1,1,0,27,3,1,2,0.03814352267539763,2220,480.0,1.595,0.13575722874320068,59,1.36,0.8261306532663315,0
42,0,5,2,1,4,0,37,2,3,2,0.1454665832267661,1835,4415.0,0.644,0.20108789006584596,60,0.714,0.29547738693467335,0
49,0,4,2,0,4,0,43,3,1,4,0.023874090399272026,1003,1225.0,1.119,0.09012310334955626,44,0.467,0.4522613065326633,0
47,1,2,0,1,0,0,35,4,3,2,0.06644053244330775,1010,2626.0,0.596,0.05920412253077584,59,0.686,0.2793969849246231,0
41,0,4,0,0,4,0,36,3,1,1,0.0,0,1438.3,0.841,0.22954480389350126,90,0.765,0.0,0
40,0,4,5,1,4,0,36,4,1,2,0.10936975666385512,1067,3989.0,0.749,0.8815344975665617,117,0.519,0.21206030150753766,0
34,0,2,3,1,4,0,13,6,2,2,0.010874395740937251,833,965.0,0.882,0.23023189235614086,84,0.787,0.4653266331658291,0
47,0,2,4,2,4,0,31,3,2,3,0.001593218391847083,0,1491.0,0.716,0.23498425422273114,92,0.804,0.0,0
49,1,1,2,2,3,0,31,6,1,4,0.13482497271575716,1348,4550.0,0.64,0.02702547953048955,21,1.333,0.2301507537688442,0
59,1,0,0,1,3,0,50,3,2,3,0.3470525459750829,2352,10566.0,1.008,0.4928714572001145,76,0.9,0.18291457286432158,1
60,1,0,3,2,3,3,36,1,2,3,1.0000000000000002,806,33710.0,0.755,0.7388491268250788,102,0.672,0.023115577889447233,0
52,0,1,2,1,1,0,34,3,3,3,0.08315874441088711,2066,2123.0,0.686,0.23653020326367016,85,0.735,0.4954773869346733,0
48,1,3,4,2,2,0,34,4,3,2,0.33112036205661216,784,11607.0,0.875,0.22021185227598053,86,0.72,0.06331658291457286,0
54,1,1,4,2,3,0,40,6,3,3,0.26669629387774846,942,9318.0,1.042,0.0593186372745491,50,0.562,0.09246231155778893,0
45,1,3,2,1,3,0,36,6,3,2,0.6104324061225539,0,21630.0,0.804,0.23212138562839965,84,0.75,0.0,0
40,0,4,5,1,4,0,36,3,3,1,0.043796878259371126,0,2887.0,0.581,0.19530489550529628,82,1.158,0.0,0
35,1,1,3,1,2,0,26,4,3,2,0.07768677991516945,1841,2167.0,1.504,0.12963068995133123,58,1.148,0.46130653266331656,0
44,0,2,5,2,4,0,20,6,3,3,0.019520704281132013,1468,616.0,1.004,0.034468937875751504,28,0.556,0.707537688442211,0
49,0,3,2,2,4,0,36,2,2,0,0.041227171175746806,2363,439.0,0.75,0.04380188949327225,40,0.6,0.8472361809045225,0
49,1,3,2,2,0,0,36,6,2,3,0.21391148719530076,2013,6501.0,0.664,0.20429430289149725,74,0.542,0.23718592964824117,0
45,0,2,2,1,1,0,26,6,2,4,0.08672610247991852,0,4307.0,0.743,0.4676209561981105,62,0.59,0.0,1
46,1,2,3,2,4,0,36,5,1,0,0.07194272878706803,1142,2676.0,0.709,0.8131119381620383,113,0.948,0.300502512562814,0
59,0,1,2,1,4,0,36,3,1,1,0.03805282713126971,1410,1287.0,0.925,0.22668193529916977,58,0.706,0.5256281407035176,0
33,0,1,5,1,4,0,23,2,2,3,0.011841814878301701,1777,53.0,0.639,0.27145720011451474,76,0.854,0.9758793969849245,0
55,0,3,2,2,1,0,37,5,1,2,0.05286643267216282,1437,1750.0,0.79,0.22794159748067563,82,0.822,0.45326633165829144,0
60,0,1,5,2,4,0,50,3,6,3,0.17899370270605275,0,7359.0,0.768,0.1339249928428285,43,0.433,0.0,1
46,1,0,3,0,3,0,36,3,1,4,0.44322005459871755,0,16099.0,0.562,0.17898654451760662,88,0.76,0.0,0
41,1,3,4,0,0,0,29,6,1,3,0.06205691447712509,2506,985.0,0.873,0.24763813340967647,79,0.58,0.7216080402010049,0
53,0,1,2,2,4,0,41,2,3,2,0.05020603004441059,0,3099.0,0.279,0.04987117091325509,44,0.419,0.0,1
37,1,3,3,1,2,0,32,6,2,2,0.024629886600337998,1667,586.0,0.884,0.06361294016604638,45,0.667,0.743718592964824,0
37,1,3,2,1,1,0,31,6,1,2,0.21360916871487437,1956,6548.0,0.963,0.07735470941883768,51,0.417,0.23115577889447236,0
59,0,1,3,2,4,0,50,1,0,3,0.08001463221445265,0,4085.0,0.787,0.4046378471228171,71,0.69,0.0,1
40,0,4,2,2,4,0,32,6,1,1,0.03493894678287789,2159,435.0,0.792,0.1913541368451188,71,0.511,0.836180904522613,0
48,1,4,2,1,3,0,36,2,3,2,0.6493407945534303,0,22917.0,0.574,0.08674491840824507,45,0.5,0.0,1
66,0,0,3,1,4,0,54,3,4,2,0.0523827231034806,2179,992.0,1.224,0.08107643859146865,38,1.923,0.6904522613065327,0
46,0,2,2,1,1,0,38,6,3,1,0.01586265066797269,1112,851.0,0.761,0.24569138276553107,67,0.763,0.5688442211055276,0
54,1,2,0,2,0,0,36,3,2,3,1.0000000000000002,0,34516.0,0.628,0.10300601202404809,47,0.516,0.0,1
43,0,3,2,2,1,0,33,3,2,2,0.044189892283925426,2122,778.0,0.631,0.236243916404237,59,1.458,0.7356783919597989,0
45,1,4,3,1,3,0,36,3,2,3,1.0000000000000002,1170,33346.0,0.678,0.18637274549098196,64,0.6,0.034170854271356785,0
49,0,2,2,2,4,0,36,4,3,0,0.005946604509987095,1220,415.0,0.565,0.2448897795591182,56,0.931,0.7497487437185929,0
53,0,3,3,2,1,0,47,1,3,4,0.00833492050535558,0,1714.0,0.661,0.10014314342971657,46,0.533,0.0,1
49,1,2,5,1,2,0,44,6,1,3,0.10806978719802166,0,5013.0,0.822,0.26870884626395647,84,0.909,0.0,0
53,0,4,3,0,1,0,43,3,1,2,0.2874958053310841,482,10466.0,0.742,0.8989407386200973,111,0.947,0.04422110552763819,0
48,1,3,2,1,2,0,38,6,1,0,0.12729724255314004,748,4901.0,1.077,0.23778986544517602,72,0.946,0.13266331658291458,0
50,0,3,2,2,4,0,41,2,2,2,0.028529794997838427,1419,963.0,0.78,0.2309189808187804,89,0.712,0.5989949748743718,0
46,0,3,5,2,1,0,36,3,2,2,0.16874510621959812,1784,5236.0,0.815,0.939421700543945,116,0.731,0.2552763819095477,0
53,0,3,0,1,4,0,43,3,2,2,0.06453592601662148,0,3573.0,0.842,0.11634697967363299,36,0.44,0.0,1
50,1,4,2,1,3,0,45,2,1,3,1.0000000000000002,1466,33050.0,0.693,0.3832235900372173,87,0.611,0.04221105527638191,0
44,1,4,5,2,2,0,36,1,2,1,0.15078738848227055,0,6426.0,0.592,0.2497566561694818,80,0.818,0.0,0
53,1,4,2,2,2,0,42,3,3,4,0.210041810645843,2375,6011.0,0.539,0.20446607500715716,67,0.718,0.2844221105527638,0
38,1,1,2,2,4,0,28,4,5,2,0.007609356152332242,1459,231.0,0.667,0.1945605496707701,69,0.643,0.8673366834170854,0
48,1,4,2,2,3,0,36,3,3,3,0.9492709589844518,1717,31121.0,0.995,0.11497280274835385,42,0.4,0.05226130653266331,1
38,1,2,2,1,3,0,34,4,1,3,0.5387526944134569,2266,16993.0,0.92,0.049126825078728883,27,0.929,0.11859296482412059,0
39,1,1,5,2,3,0,30,3,1,4,1.0000000000000002,2055,32461.0,0.589,0.20143143429716573,74,0.51,0.06030150753768843,0
63,1,1,3,2,2,0,54,2,3,3,0.6625823439961062,1061,22294.0,0.864,0.4640137417692528,95,0.9,0.045226130653266326,0
40,0,3,0,1,4,0,28,2,3,1,0.02668565226723745,1190,1131.0,0.736,0.26447180074434584,98,0.661,0.5155778894472361,0
31,0,0,2,1,4,0,26,3,1,1,0.0635382750312144,1173,2367.0,1.106,0.07912968794732322,45,0.667,0.33266331658291454,0
54,0,2,5,1,4,0,44,3,1,3,0.12016252641507724,1836,3577.0,0.766,0.03630117377612367,43,0.593,0.3407035175879397,0
47,0,5,3,2,4,0,37,5,2,3,0.0016536820879323594,0,1493.0,0.605,0.2361866590323504,95,0.638,0.0,0
41,1,3,3,2,4,0,33,6,3,1,0.16859394697938493,918,6097.0,0.957,0.22215860292012593,70,0.591,0.1316582914572864,0
43,1,3,2,1,1,0,33,6,1,2,0.08959812804396922,1640,2762.0,0.719,0.07122817062696822,46,1.0,0.37487437185929645,0
36,1,2,0,2,3,0,31,5,2,3,0.13249712041647396,764,5057.0,0.688,0.2726023475522474,96,0.684,0.1316582914572864,0
47,0,5,0,2,4,0,34,4,3,2,0.1363970288139744,0,5950.0,0.44,0.2361866590323504,66,0.784,0.0,0
55,0,1,2,1,4,0,46,5,1,4,0.025476378345531896,920,1361.0,0.576,0.1968508445462353,66,0.833,0.4050251256281407,0
37,0,3,0,1,4,0,27,4,2,0,0.0,687,751.3,0.778,0.23423990838820494,73,1.147,0.4804020100502512,0
31,0,0,2,0,4,0,26,3,3,3,0.0009281177349090217,0,1469.0,0.915,0.21763527054108214,89,0.935,0.0,0
49,0,2,2,1,4,0,38,3,4,2,0.0,0,1438.3,0.584,0.22713999427426282,79,0.612,0.0,0
47,0,3,2,0,4,0,38,5,1,2,0.048029336985340586,1671,1356.0,0.934,0.19364443172058401,77,0.925,0.5547738693467337,0
53,0,3,2,1,4,0,40,6,3,1,0.321083388506456,1978,10081.0,0.877,0.07477812768393931,36,0.895,0.16482412060301507,0
44,0,5,5,2,4,0,36,1,3,1,0.19057250050638347,1163,6579.0,0.729,0.48960778700257657,100,0.852,0.1507537688442211,0
43,0,1,3,2,1,0,36,5,2,1,0.203088485596036,0,8156.0,0.663,0.19822502147151444,73,0.553,0.0,0
48,0,3,4,1,4,3,40,6,3,3,0.37949131892483456,1580,12411.0,0.864,0.20440881763527052,74,0.721,0.11356783919597989,0
35,0,4,0,1,4,0,31,3,3,4,0.04518754326933252,1011,1922.0,0.814,0.26103635843114803,71,0.868,0.3467336683417085,0
49,1,1,3,2,0,0,44,6,2,3,0.0,1058,380.3,0.56,0.2049241339822502,72,0.8,0.7396984924623115,0
62,1,0,2,1,1,0,48,4,1,2,0.0,0,1438.3,0.425,0.050157457772688235,27,0.5,0.0,0
54,0,3,3,0,4,0,36,3,5,3,0.10181179465319537,0,4806.0,0.827,0.23727454909819637,87,0.74,0.0,0
53,0,3,2,1,4,0,36,6,4,0,0.05685703661379118,913,2406.0,0.612,0.23074720870312052,84,1.049,0.27638190954773867,0
52,0,3,2,2,4,0,36,2,1,2,0.02199971582062841,1458,708.0,0.712,0.4400229029487547,109,0.535,0.6763819095477387,0
41,1,5,5,2,3,0,32,4,3,3,0.3221415031879484,0,12094.0,0.995,0.4624677927283138,90,0.957,0.0,1
57,0,2,2,1,1,0,49,5,1,2,0.05861048380026423,1720,1657.0,0.491,0.062467792728313765,32,0.391,0.5115577889447236,0
42,1,1,2,1,3,0,36,2,1,2,0.10057228888344719,1516,3249.0,0.709,0.39221299742341825,76,0.689,0.3195979899497487,0
65,0,0,2,2,4,0,56,6,3,2,0.1825912926231268,0,7478.0,0.847,0.09636415688519896,62,0.771,0.0,0
39,0,1,2,1,4,0,25,4,2,3,0.017162620133806164,1197,809.0,0.877,0.2066418551388491,69,0.769,0.5999999999999999,0
51,1,0,0,1,0,3,35,5,1,2,1.0000000000000002,2332,32184.0,0.8,0.23229315774405954,82,0.745,0.06834170854271357,0
41,1,5,2,2,2,1,32,2,3,4,1.0000000000000002,2517,31999.0,0.465,0.06853707414829659,35,0.458,0.07336683417085427,1
36,1,3,2,1,0,0,24,6,3,2,0.699525662304211,0,24577.0,0.75,0.07827082736902376,39,0.393,0.0,0
61,1,2,3,2,2,3,48,5,2,3,0.7491361249421816,0,26218.0,0.74,0.1943887775551102,88,0.833,0.0,0
40,1,5,2,1,1,0,25,6,2,3,0.19413985857541488,541,7319.0,0.764,0.04792442026910965,35,0.75,0.06934673366834171,0
45,1,2,0,1,2,0,38,4,6,4,0.4586987607965487,0,16611.0,0.954,0.08187804179788148,48,0.6,0.0,0
50,0,1,2,1,4,0,35,5,2,2,0.06263131958993523,1881,1629.0,0.66,0.18768966504437445,81,0.884,0.5386934673366834,0
33,0,2,2,2,4,0,24,6,2,3,0.011116250525278364,0,1806.0,0.983,0.1318637274549098,43,0.654,0.0,1
53,1,1,2,2,3,0,41,5,3,3,0.5185578199209739,994,17597.0,0.737,0.8321213856283997,108,0.662,0.05326633165829145,0
46,0,4,2,2,4,0,40,5,1,2,0.14592006094740567,1942,4323.0,1.027,0.06784998568565703,43,0.87,0.3115577889447236,0
28,1,0,2,2,4,0,36,4,2,4,0.008123297569057102,1191,516.0,0.669,0.13856283996564556,87,0.977,0.7015075376884421,0
44,0,3,0,0,1,0,34,5,2,5,0.09295386317670215,1950,2563.0,0.83,0.15081591754938448,62,0.59,0.43417085427135677,0
28,1,0,4,1,4,0,13,4,1,2,0.03536219265547485,1630,978.0,0.521,0.07397652447752648,33,0.32,0.6281407035175879,0
48,0,2,3,1,4,0,37,3,2,2,0.21185572152840135,908,7538.0,0.604,0.2124248496993988,67,0.763,0.10854271356783919,0
50,0,1,2,1,4,0,43,6,1,2,0.19791883958074474,0,7985.0,1.032,0.19141139421700543,72,0.674,0.0,0
50,1,4,3,2,0,0,41,4,3,3,0.16759629599397785,0,6982.0,1.018,0.24620669911251072,50,0.724,0.0,1
54,0,3,4,2,4,0,49,1,4,3,0.21397195089138607,0,8516.0,0.549,0.09498997995991983,37,0.276,0.0,1
38,1,3,3,2,3,0,27,4,1,4,0.14280618059901387,943,5219.0,0.484,0.05708559977097051,35,0.207,0.1537688442211055,0
41,1,3,3,0,2,0,33,2,2,2,0.5837981479969889,2171,18578.0,0.842,0.24185513884912682,77,0.674,0.10552763819095476,0
38,1,1,1,2,3,3,29,6,3,3,1.0000000000000002,1435,33081.0,1.13,0.2123103349556255,85,0.809,0.04221105527638191,0
52,0,2,4,2,4,0,34,3,3,3,0.14592006094740567,1677,4588.0,0.769,0.43698826223876325,89,0.589,0.2693467336683417,0
40,1,2,3,1,3,3,32,5,2,3,1.0000000000000002,1182,33334.0,0.613,0.10936158030346406,54,0.543,0.034170854271356785,0
51,1,3,4,1,1,0,36,6,1,4,0.1961049286981864,1445,6480.0,0.75,0.18809046664758086,65,0.806,0.18291457286432158,0
60,0,1,2,2,4,0,45,2,3,1,0.2513385150720878,1423,8329.0,0.872,0.7838534211279702,108,0.964,0.14673366834170853,0
30,1,0,3,1,0,0,13,3,1,4,0.2288157882803218,1965,7042.0,0.698,0.07987403378184942,42,0.448,0.21909547738693466,0
47,0,3,5,2,4,0,42,6,2,2,0.4526523911880209,1179,15232.0,0.849,0.19461780704265672,71,0.732,0.07236180904522611,0
44,1,1,5,0,0,0,39,3,2,3,0.3000117904207366,0,11362.0,0.668,0.15270541082164327,61,0.564,0.0,0
48,0,3,0,2,4,0,38,3,3,4,0.17799605172064564,1710,5616.0,1.171,0.0756942456341254,62,1.0,0.23417085427135678,0
55,1,3,3,2,0,0,51,3,1,3,1.0000000000000002,1266,33250.0,0.846,0.036129401660463786,26,0.368,0.0371859296482412,0
47,1,2,2,2,1,0,36,6,3,3,0.1780262835686883,0,7327.0,0.857,0.07202977383338105,46,0.586,0.0,0
51,1,4,5,2,0,3,39,5,2,1,1.0000000000000002,1959,32557.0,0.888,0.1985113083309476,54,0.929,0.057286432160804014,0
48,1,4,1,1,3,0,40,3,2,2,0.060182539898481456,1268,2161.0,0.703,0.22284569138276553,64,1.783,0.371859296482412,0
43,1,3,5,1,3,0,31,6,3,4,0.16281966400324088,2517,4307.0,0.972,0.48754652161465784,67,0.595,0.3708542713567839,1
29,1,1,0,2,2,0,36,5,3,2,0.11813699259622043,0,5346.0,0.928,0.15591182364729458,80,0.818,0.0,0
35,1,1,2,2,2,0,25,6,3,2,0.13951090916236622,2001,4052.0,0.743,0.09607787002576583,59,0.595,0.33266331658291454,0
52,0,3,3,1,4,0,42,3,2,1,0.6777889635615536,1179,22679.0,0.671,0.18631548811909532,69,0.683,0.04924623115577889,0
41,1,3,3,1,1,0,33,4,3,4,0.006067531902157655,0,1639.0,0.481,0.09802462066991126,44,0.571,0.0,1
56,1,3,5,1,0,0,36,6,3,3,1.0000000000000002,1047,33469.0,0.61,0.04855425135986258,30,0.429,0.030150753768844216,0
51,1,1,0,1,3,3,38,2,3,2,1.0000000000000002,0,34516.0,0.678,0.4097337532207272,89,0.618,0.0,0
59,0,2,4,2,4,0,54,1,1,3,0.0,0,1438.3,0.61,0.25130260521042086,72,0.756,0.0,0
54,1,2,2,1,2,0,42,6,2,0,0.06483824449704786,0,3583.0,1.088,0.03063269395934726,28,1.545,0.0,0
61,0,0,2,1,4,0,53,4,1,2,0.045459629901716266,2022,920.0,0.537,0.05433724592041225,28,0.217,0.6904522613065327,0
55,0,3,2,1,1,0,47,5,2,0,0.014834767834522963,1540,389.0,1.142,0.10443744632121386,50,0.786,0.8020100502512563,0
33,1,3,3,1,0,0,20,6,3,2,0.7878631222848022,1188,26311.0,0.544,0.09573432579444603,46,0.394,0.04321608040201004,0
33,0,1,2,2,4,0,36,3,2,4,0.15456636948760044,1440,5111.0,0.629,0.10873174921271113,77,0.453,0.22110552763819094,0
58,1,3,3,1,2,0,40,6,1,3,0.20768372649851716,2517,5791.0,1.455,0.07930146006298311,37,1.056,0.3045226130653266,0
50,1,2,3,2,0,0,42,1,3,2,0.9892979257929059,1723,32439.0,0.429,0.4032064128256513,56,0.697,0.05025125628140703,1
49,1,3,2,1,2,0,36,6,2,4,0.4949769784477156,643,17168.0,0.842,0.18425422273117661,79,0.646,0.03618090452261306,0
45,1,2,2,1,3,0,36,4,3,3,0.7075975657315956,1273,23571.0,0.437,0.3446321213856284,75,0.974,0.05125628140703517,1
44,1,4,5,1,1,0,33,5,4,3,0.002681564921382086,0,1527.0,0.531,0.07712567993129116,38,0.462,0.0,1
56,0,0,2,2,4,0,36,5,4,2,0.04821072807359642,0,3033.0,0.89,0.25141711995419413,90,0.698,0.0,0
46,1,3,1,1,3,0,38,6,1,2,0.3475664873918078,1417,11518.0,0.738,0.17165760091611793,61,0.743,0.11055276381909547,0
52,1,1,3,2,2,0,45,1,5,1,0.31621606097159116,2517,9381.0,0.745,0.8742055539650729,128,0.73,0.2130653266331658,0
39,0,2,2,1,4,0,34,4,5,2,0.0,859,579.3,0.808,0.22210134554823932,72,0.674,0.5999999999999999,0
43,0,3,4,1,4,0,35,5,3,3,0.030132082944098297,1595,840.0,0.691,0.27128542799885486,88,0.66,0.6582914572864321,0
45,1,2,0,0,3,0,39,3,4,4,1.0000000000000002,0,34516.0,1.014,0.02925851703406813,27,0.35,0.0,1
47,0,4,3,2,1,0,39,3,1,0,0.009302339642720023,0,1746.0,0.763,0.22977383338104782,75,0.974,0.0,0
33,1,3,2,0,4,0,27,6,1,3,0.7136741671881661,0,25045.0,1.018,0.16684798167764098,52,0.926,0.0,0
50,0,2,3,1,4,0,40,2,3,2,0.28144943572255626,1084,9664.0,0.868,0.9167477812768394,126,0.68,0.10150753768844221,0
39,0,4,2,1,4,0,21,2,3,2,0.011751119334173783,0,1827.0,0.563,0.21053535642713997,86,0.792,0.0,0
48,0,2,2,1,1,0,42,4,3,3,0.07974254558206889,0,4076.0,0.808,0.04036644718007444,37,0.682,0.0,0
60,0,0,2,2,1,0,36,6,3,2,0.08092158765573182,1231,2884.0,0.745,0.17732608073289435,61,1.179,0.300502512562814,0
45,1,4,0,1,3,0,31,4,3,3,0.9232715696677822,1659,30319.0,0.556,0.10323504151159461,51,1.217,0.05226130653266331,0
44,0,2,2,1,4,0,36,5,1,3,0.0917445892549966,0,4473.0,0.543,0.20137417692527912,56,0.75,0.0,0
26,1,0,3,2,4,0,13,6,1,4,0.010179063235956555,1162,613.0,0.93,0.09384483252218723,43,0.536,0.6582914572864321,0
33,0,2,1,2,4,0,26,2,3,2,0.0,0,1438.3,0.613,0.20990552533638704,87,0.891,0.0,0
30,1,2,0,2,2,0,36,1,3,3,0.08324943995501502,1734,2458.0,0.753,0.7337532207271686,106,0.893,0.4160804020100502,0
57,1,2,2,1,3,0,42,6,1,0,0.6178392088930005,2517,19358.0,0.409,0.045634125393644434,31,0.409,0.11557788944723618,0
42,1,5,2,1,2,0,35,6,3,2,0.36918225874229466,1253,12397.0,0.743,0.06716289722301746,53,0.71,0.09246231155778893,0
42,0,3,0,2,4,0,36,3,3,4,0.07145901921838582,1300,2502.0,0.627,0.0936158030346407,36,0.385,0.3437185929648241,1
56,0,3,5,1,1,0,46,5,3,3,0.029134431958691205,1892,510.0,0.645,0.233610077297452,76,0.81,0.7919597989949748,0
51,0,1,0,0,4,0,42,3,2,3,0.0775053888269136,1669,2333.0,0.702,0.08554251359862582,53,1.12,0.41909547738693465,0
44,1,4,0,2,3,0,34,4,4,3,0.6238553466534856,0,22074.0,1.199,0.22192957343257944,80,0.739,0.0,0
57,1,2,2,2,0,0,44,5,3,4,1.0000000000000002,219,34297.0,0.482,0.0774119667907243,48,0.714,0.006030150753768844,1
44,0,5,3,1,4,0,36,4,3,2,0.11535566257629765,2507,2747.0,0.751,0.2273690237618093,64,0.641,0.47939698492462307,0
39,1,4,2,1,4,0,32,4,1,4,0.046396817191038074,2360,613.0,1.257,0.11812195820211853,57,0.781,0.7979899497487437,0
44,1,3,3,2,2,0,31,4,3,1,0.3421549865921754,837,11919.0,1.932,0.05055825937589464,14,1.8,0.06633165829145729,0
52,0,2,2,2,1,0,45,3,1,3,0.06160343675648549,1560,1916.0,0.894,0.16982536501574577,58,0.871,0.45125628140703516,0
43,0,2,5,1,4,0,36,5,1,0,0.16605447174380325,1380,5551.0,0.795,0.22370455196106495,64,0.882,0.19999999999999998,0
40,1,4,3,1,2,0,36,4,3,5,0.13394824912252062,0,5869.0,0.642,0.09579158316633267,41,0.519,0.0,1
48,0,1,3,2,4,0,36,4,3,3,0.0,812,626.3,0.667,0.19112510735757227,80,0.702,0.5678391959798994,0
58,0,3,2,1,4,0,53,5,3,2,0.13180178791149327,1794,4004.0,0.564,0.0683653020326367,45,0.452,0.31055276381909547,0
44,1,1,5,1,3,0,29,4,3,3,0.35854064823128573,1694,11604.0,0.824,0.16868021757801316,66,0.784,0.12763819095477386,0
49,0,3,2,1,4,0,35,3,3,3,0.044764297396735576,2032,887.0,0.654,0.25233323790438017,75,0.667,0.6994974874371859,0
55,1,1,2,1,0,0,46,4,1,2,0.5565894847586138,2205,17644.0,0.796,0.17904380188949326,66,0.737,0.11155778894472361,0
47,0,3,2,2,1,0,42,1,5,3,0.4068813732514655,0,14897.0,0.489,0.09355854566275408,53,0.606,0.0,1
38,0,0,2,1,4,0,36,4,2,3,0.012174365206770732,1246,595.0,0.759,0.0738047523618666,35,0.522,0.6804020100502512,0
45,0,3,2,0,4,0,36,4,3,3,0.20203037091454365,1595,6526.0,0.743,0.07924420269109647,45,0.5,0.19698492462311556,0
49,0,2,0,1,4,0,40,1,2,1,0.019883486457643672,1276,820.0,0.6,0.25170340681362724,82,0.745,0.6120603015075377,0
41,1,3,2,1,0,0,32,2,3,1,0.7778866124307313,0,27169.0,0.781,0.19330088748926422,87,0.977,0.0,0
42,1,4,2,0,3,0,35,3,2,2,0.5089743240914574,1623,16651.0,0.681,0.1921557400515316,81,0.8,0.08944723618090451,0
56,1,3,5,1,2,0,36,5,3,3,0.024629886600337998,1375,878.0,0.388,0.045462353277984535,38,0.31,0.6130653266331657,0
60,0,1,3,2,4,0,49,5,4,1,0.03152274795405969,1925,556.0,0.723,0.26899513312338963,73,0.78,0.7798994974874371,0
46,1,4,2,2,2,0,27,3,3,2,0.6167508623634654,960,20879.0,0.566,0.2916117950186087,94,0.516,0.04422110552763819,0
44,1,4,0,1,2,0,28,4,2,2,0.03959465138144431,878,1870.0,0.633,0.16335528199255653,67,0.558,0.32160804020100503,0
35,1,3,0,1,3,0,27,3,2,3,0.06459638971270676,1884,1691.0,0.384,0.01895219009447466,15,1.5,0.5296482412060302,1
50,0,3,2,1,4,0,39,5,3,2,0.054166402137996304,1172,2058.0,0.514,0.22267391926710564,64,0.73,0.36482412060301506,0
50,1,3,2,2,1,0,33,3,1,2,0.04110624378357625,1291,1507.0,0.708,0.13587174348697392,69,0.683,0.46331658291457284,0
40,1,2,2,1,3,0,28,6,2,3,0.06698470570807524,1172,2482.0,0.938,0.19885485256226737,67,0.595,0.32261306532663314,0
59,1,1,3,1,2,0,36,3,2,3,0.15922207408616684,0,6705.0,0.749,0.01150873174921271,18,0.5,0.0,1
42,0,5,2,1,4,0,36,5,2,4,0.08433778648455004,1709,2519.0,0.493,0.22095619811050674,79,0.58,0.40603015075376886,0
34,0,0,2,1,4,0,26,5,3,1,0.025778696825958285,0,2291.0,0.892,0.27935871743486973,82,0.822,0.0,0
62,0,1,2,1,4,0,50,6,6,4,0.041227171175746806,1977,825.0,0.431,0.0702547953048955,33,0.833,0.7095477386934672,0
65,1,1,2,2,4,0,56,4,3,3,0.668961263933103,1670,21896.0,0.735,0.1488119095333524,79,0.837,0.07135678391959797,0
41,1,3,2,2,2,0,32,1,3,3,0.09851652321654772,1046,3651.0,0.313,0.06578872029773833,29,0.318,0.22412060301507536,1
55,1,3,2,2,3,0,51,6,2,3,0.4764448555975779,0,17198.0,0.803,0.20108789006584596,62,0.722,0.0,0
57,1,4,2,0,0,0,36,2,2,3,0.3705124600561708,2219,11475.0,1.078,0.48726023475522473,63,0.8,0.1628140703517588,1
48,0,3,3,2,4,0,32,1,2,3,0.036571466577180405,1539,1109.0,0.94,0.25170340681362724,89,0.816,0.5839195979899496,0
47,1,4,5,0,3,0,30,5,2,2,0.49107707005021506,2481,15201.0,1.302,0.0696822215860292,31,1.214,0.1407035175879397,0
56,0,2,2,2,4,0,48,5,3,2,0.07544962316001416,2517,1417.0,0.682,0.2466075007157171,87,0.673,0.6432160804020101,0
40,0,4,2,2,4,0,25,4,1,1,0.020881137443050764,1507,622.0,0.636,0.17892928714571998,70,0.667,0.7115577889447235,0
54,0,1,5,1,1,0,44,5,2,3,0.12448568068517463,1711,3845.0,1.434,0.06733466933867735,21,1.625,0.3095477386934673,0
31,1,0,2,1,4,0,25,2,3,0,0.08025648699879376,0,4093.0,0.697,0.856856570283424,112,0.778,0.0,0
44,1,1,5,1,2,0,36,5,2,3,0.3933677371764059,2440,12010.0,1.283,0.04036644718007444,30,0.667,0.16984924623115577,0
37,0,3,3,2,4,0,25,3,2,4,0.025506610193574523,0,2282.0,0.741,0.12716862296020612,68,0.659,0.0,0
59,0,1,2,2,4,0,49,4,3,4,0.05368269256931408,424,2790.0,0.877,0.12539364443172057,53,0.71,0.13266331658291458,1
48,0,2,2,1,1,3,41,6,3,1,0.4402875653385816,2076,13926.0,0.293,0.17961637560835955,52,1.167,0.13065326633165827,0
49,0,2,3,2,4,0,40,3,2,2,0.0,906,532.3,0.541,0.2248496993987976,84,0.714,0.6331658291457286,0
56,0,1,0,1,1,0,44,5,1,4,0.08010532775858056,1557,2531.0,1.248,0.0984826796450043,39,0.857,0.38291457286432157,0
35,1,2,2,1,3,0,21,6,2,1,0.18884928516795305,2517,5168.0,0.745,0.7485828800458059,116,0.731,0.32964824120603015,0
38,0,1,0,1,4,0,25,3,3,1,0.03451570091028095,2265,315.0,0.824,0.06498711709132551,57,0.629,0.8824120603015074,0
42,1,3,5,1,1,0,32,3,3,2,0.35264543786297115,1809,11294.0,0.724,0.2171772115659891,72,0.5,0.13869346733668342,0
46,0,2,2,2,4,0,41,2,3,3,0.03708540799390527,2157,508.0,0.637,0.21294016604637844,76,1.235,0.8130653266331658,0
49,1,2,2,1,0,0,40,2,4,1,0.3992931793927631,1448,13198.0,0.895,0.43687374749499,92,0.586,0.09949748743718592,0
45,0,3,2,2,4,0,27,4,3,3,0.03143205240993178,1748,730.0,0.643,0.218894932722588,80,0.667,0.708542713567839,0
45,0,3,2,2,4,0,36,1,2,5,0.18325639328006485,0,7500.0,0.576,0.42908674491840826,78,0.696,0.0,1
34,0,1,4,2,4,0,26,3,2,5,0.018976531016364505,347,1719.0,0.511,0.09315774405954766,37,0.321,0.16884422110552763,1
54,1,2,2,1,3,0,37,3,2,3,0.052171100167182134,2201,963.0,0.679,0.22215860292012593,86,0.623,0.6994974874371859,0
31,0,0,2,1,4,0,36,4,2,2,0.03173437089035817,0,2488.0,1.05,0.21162324649298594,73,0.521,0.0,0
31,0,0,0,1,4,3,24,2,3,1,1.0000000000000002,2032,32484.0,0.82,0.8024048096192384,104,0.705,0.05929648241206029,0
36,0,1,2,1,1,0,36,5,1,3,0.06641030059526509,1617,2018.0,0.828,0.20125966218150584,62,1.067,0.4472361809045226,0
52,1,1,2,1,3,3,36,6,1,0,1.0000000000000002,1847,32669.0,0.527,0.15768680217578013,65,0.477,0.054271356783919596,0
50,1,0,3,1,3,0,30,3,4,2,0.08506335083757335,0,4252.0,0.478,0.061150873174921266,45,0.324,0.0,0
39,1,4,4,2,2,3,36,6,3,3,0.7163345698159183,0,25133.0,0.461,0.20057257371886628,73,0.327,0.0,0
43,1,3,1,2,2,0,35,3,3,2,0.0566454136774927,0,3312.0,0.698,0.006699112510735756,19,0.462,0.0,1
48,1,5,5,2,2,0,38,6,2,3,0.6409363407975767,1481,21158.0,0.703,0.21122244488977954,65,0.477,0.06532663316582914,0
53,1,1,2,2,3,0,45,6,3,2,0.011720887486131149,883,943.0,0.953,0.09556255367878615,48,1.0,0.48643216080402,0
48,1,1,5,1,2,0,35,3,2,2,0.47441932177872104,1213,15918.0,0.604,0.04815344975665617,37,0.423,0.07135678391959797,0
42,0,1,2,1,4,0,29,2,3,3,0.05997091696218299,0,3422.0,0.506,0.22651016318350983,74,0.682,0.0,0
48,0,5,5,1,4,0,30,3,2,3,0.027985621733070933,1619,745.0,0.585,0.15459490409390209,65,0.711,0.6884422110552764,0
51,0,2,2,1,4,0,46,5,2,2,0.11393476571829361,1650,3557.0,0.708,0.046321213856284,20,0.538,0.3185929648241206,0
47,1,3,2,2,2,0,36,4,2,2,0.04497592033303404,0,2926.0,0.676,0.044317205840251936,24,0.846,0.0,0
46,0,4,2,2,4,0,33,5,3,5,0.04355502347503001,0,2879.0,1.031,0.2378471228170627,56,0.556,0.0,1
55,0,3,0,1,1,0,36,5,1,3,0.024236872575783698,1231,1009.0,0.637,0.17709705124534783,71,0.69,0.5527638190954773,0
42,1,5,2,1,2,0,34,3,3,3,0.2771867451485442,2517,8090.0,1.197,0.07861437160034354,40,0.538,0.2381909547738693,0
45,0,4,2,1,4,0,37,4,2,1,0.054498952466465335,0,3241.0,0.629,0.2554823933581449,80,0.739,0.0,0
33,1,2,2,1,0,0,36,3,3,5,0.44406654634391146,0,16127.0,0.769,0.4121958202118523,82,1.0,0.0,1
38,1,1,2,1,3,0,28,3,2,3,0.07581240533652583,2375,1571.0,0.921,0.06389922702547952,43,0.536,0.6050251256281406,0
40,1,4,2,2,2,0,36,3,2,2,0.2143649649159404,901,7628.0,0.764,0.21311193816203836,68,0.511,0.1065326633165829,0
50,1,2,2,2,2,0,36,3,1,1,0.20060947405653962,0,8074.0,0.528,0.21855138849126823,66,0.535,0.0,0
57,1,1,2,1,2,0,36,4,1,3,0.22972274372160098,1544,7493.0,0.321,0.06281133695963355,27,0.5,0.17185929648241205,0
37,0,2,2,2,4,0,21,1,1,1,0.07644727414542124,1476,2491.0,0.626,0.22673919267105638,66,0.833,0.3738693467336683,0
61,1,0,5,2,3,0,36,4,2,1,0.5416247199775075,984,18370.0,0.956,0.03876324076724878,32,0.684,0.05125628140703517,0
48,1,3,2,1,2,1,37,5,1,2,1.0000000000000002,2429,32087.0,0.742,0.1531634697967363,57,0.727,0.07035175879396985,0
46,0,4,2,1,4,0,35,6,3,1,0.049389770147259336,1611,1461.0,0.682,0.19822502147151444,57,0.727,0.5266331658291457,0
58,1,4,2,1,2,0,36,3,2,2,0.39811413731910017,1480,13127.0,0.346,0.049413111938162044,38,0.462,0.10150753768844221,0
40,1,4,3,2,1,0,32,6,4,2,0.030313474032354133,1656,785.0,0.762,0.19312911537360433,62,0.824,0.6814070351758794,0
36,0,2,5,2,4,0,30,6,2,3,0.03765981310671541,1474,1210.0,1.042,0.10397938734612082,51,1.04,0.5517587939698493,0
32,1,0,0,2,2,0,16,2,3,2,0.6080440901271854,0,21551.0,0.536,0.8256513026052104,94,0.843,0.0,0
44,1,3,3,2,3,0,29,6,3,1,1.0000000000000002,1259,33257.0,0.547,0.15717148582880044,67,0.595,0.03618090452261306,0
45,1,3,2,2,3,0,39,1,3,3,0.20995111510171507,0,8383.0,0.809,0.11852275980532494,44,0.517,0.0,1
50,0,1,2,1,4,0,36,3,5,3,0.049299074603131425,1482,1587.0,0.663,0.21878041797881476,74,0.721,0.4854271356783919,0
49,1,1,2,2,0,0,40,5,3,1,1.0000000000000002,0,34516.0,0.759,0.15459490409390209,64,0.561,0.0,0
51,0,2,2,1,4,0,39,3,1,2,0.15187573501180557,2517,3945.0,0.842,0.2076152304609218,77,0.833,0.39195979899497485,0
51,1,2,2,1,0,0,42,3,3,0,0.6887631244010315,1707,22514.0,0.816,0.0657314629258517,40,0.538,0.07035175879396985,0
32,1,1,5,2,3,0,15,2,2,1,0.058429092712008406,1530,1841.0,0.828,0.7387346120813054,118,0.815,0.45628140703517583,0
47,0,3,2,1,4,3,36,4,3,1,0.3814866208956487,1381,12676.0,1.039,0.24042370455196102,54,0.742,0.09849246231155778,1
44,1,2,2,2,2,0,30,6,2,2,0.2536059036752858,600,9227.0,0.477,0.13226452905811623,63,0.537,0.06130653266331658,0
36,0,3,2,1,1,0,22,5,3,3,0.34826181989678845,2273,10685.0,0.608,0.8675064414543372,96,0.627,0.1758793969849246,0
49,0,2,2,2,4,0,38,6,3,3,0.1099743936247079,871,4205.0,0.693,0.20526767821356998,72,0.6,0.17286432160804016,0
48,0,2,2,1,4,0,41,1,1,3,0.19486542292843823,745,7139.0,0.714,0.23235041511594615,74,0.762,0.09447236180904522,0
55,0,2,5,0,4,0,49,5,2,1,0.0,680,758.3,0.77,0.23149155453764672,93,0.691,0.4753768844221105,0
41,1,5,0,1,2,0,31,1,3,2,0.10773723686955261,1945,3057.0,1.035,0.8949899799599198,109,0.787,0.39095477386934674,0
33,0,2,0,2,4,1,36,3,1,3,1.0000000000000002,1540,32976.0,1.038,0.11703406813627255,72,0.756,0.045226130653266326,0
54,0,0,0,1,1,0,46,6,2,3,0.02466011844838064,533,1721.0,1.043,0.2509590609791011,84,0.909,0.23718592964824117,0
42,0,1,5,2,4,0,35,4,3,3,0.054498952466465335,0,3241.0,0.442,0.09287145720011451,43,0.303,0.0,1
40,1,4,2,2,2,0,30,4,3,6,0.5301668495693473,0,18975.0,1.028,0.2446607500715717,65,0.548,0.0,1
59,1,0,4,1,3,0,46,5,4,2,0.15381057328653444,489,6037.0,0.678,0.10312052676782137,45,0.452,0.07537688442211055,1
26,1,0,2,2,2,0,13,3,3,3,0.17122411775909452,0,7102.0,0.537,0.10770111651875179,41,0.281,0.0,0
59,1,1,5,2,4,0,53,5,5,4,0.022785743869737023,1569,623.0,0.706,0.19925565416547378,79,0.717,0.7195979899497487,0
39,1,3,2,2,3,3,36,5,3,2,1.0000000000000002,1900,32616.0,1.002,0.0651588892069854,36,0.714,0.055276381909547735,0
41,1,4,4,1,2,0,32,5,3,2,0.500721029575817,906,17095.0,0.62,0.03801889493272259,25,0.471,0.05025125628140703,0
47,1,1,4,2,2,0,36,4,2,2,0.23132503166786086,1371,7719.0,0.64,0.22284569138276553,65,0.585,0.15175879396984923,0
45,1,3,4,1,3,0,39,6,2,2,0.8333318217409312,2323,26680.0,0.671,0.06561694818207844,36,0.714,0.08040201005025126,0
36,0,3,2,2,4,0,36,5,2,2,0.275947239378796,726,9840.0,0.893,0.09310048668766104,64,1.207,0.06934673366834171,0
56,0,2,3,1,4,0,43,5,2,2,0.016316128388612273,0,1978.0,0.641,0.24849699398797595,83,0.844,0.0,0
44,1,5,2,2,3,0,34,6,2,3,0.20460007799816798,763,7443.0,0.87,0.06784998568565703,43,0.72,0.09346733668341707,0
32,1,0,2,2,4,0,27,6,3,3,0.23579934517817144,0,9238.0,0.809,0.11405668479816776,68,0.478,0.0,0
64,1,0,2,2,4,0,36,3,3,5,0.07176133769881221,2517,1295.0,0.586,0.10277698253650157,45,0.731,0.6633165829145728,1
42,1,2,0,2,2,0,36,5,3,2,0.20088156068892338,0,8083.0,1.076,0.19536215287718292,84,0.75,0.0,0
50,0,4,3,2,4,0,42,2,1,2,0.0006560311025252744,0,1460.0,0.682,0.21385628399656453,63,0.615,0.0,0
48,0,2,2,1,4,3,35,5,2,2,0.3795820144689625,0,13994.0,0.57,0.15854566275407958,63,0.853,0.0,0
27,1,0,5,2,2,0,36,4,3,3,0.031008806537334822,0,2464.0,0.502,0.12058402519324364,50,0.429,0.0,0
56,1,3,2,1,2,0,45,5,3,2,0.3267972077865148,0,12248.0,0.894,0.013569997137131407,25,0.562,0.0,1
57,1,1,3,1,3,0,36,3,2,2,0.1543245147032593,2260,4283.0,0.448,0.056627540795877465,31,0.632,0.3467336683417085,0
42,0,4,5,2,4,0,36,1,4,1,0.043434096082859454,1892,983.0,0.75,0.23172058402519322,81,0.688,0.6613065326633165,0
48,0,1,5,1,1,0,39,6,4,2,0.0,1218,220.3,0.752,0.23303750357858574,76,0.617,0.851256281407035,0
49,0,2,5,2,4,0,36,6,2,2,0.022483425389310634,1722,460.0,0.937,0.27752648153449755,86,0.654,0.792964824120603,0
41,1,3,3,1,2,0,28,5,1,1,0.24604794166462604,632,8945.0,0.379,0.2036072144288577,62,0.771,0.06633165829145729,0
47,1,2,3,2,1,0,27,2,3,2,0.0029536515537658334,0,1536.0,0.913,0.23549957056971085,89,0.745,0.0,0
56,0,3,4,2,4,0,42,3,2,2,0.031794834586443436,1623,867.0,0.79,0.14131119381620383,60,0.622,0.6552763819095477,0
62,1,0,2,2,4,0,36,3,2,4,0.06695447386003259,1769,1884.0,0.825,0.22290294875465214,67,0.763,0.48643216080402,0
48,0,3,2,2,1,0,42,1,2,3,0.23510401267319073,639,8576.0,0.646,0.7337532207271686,114,0.754,0.06934673366834171,0
33,0,3,2,2,4,0,36,5,2,3,0.0005653355583973563,0,1457.0,0.677,0.09561981105067278,45,0.364,0.0,1
43,1,1,3,1,2,0,23,4,3,2,0.1738542885388041,1550,5639.0,0.538,0.08044660750071572,52,0.368,0.21708542713567838,0
39,0,4,2,2,1,0,25,2,3,3,0.059124425216989095,2517,877.0,0.689,0.2800458058975093,75,0.829,0.7457286432160803,0
60,0,1,0,1,4,0,36,2,2,2,0.0070349510395220985,1047,624.0,0.727,0.26676209561981107,79,0.795,0.6301507537688442,0
49,0,3,3,1,4,3,36,2,3,3,1.0000000000000002,1273,33243.0,0.977,0.2431720584025193,51,0.457,0.0371859296482412,1
56,0,2,2,1,4,0,36,6,2,3,0.01743470676618992,807,1208.0,0.831,0.26790724305754365,76,0.767,0.40201005025125625,0
64,1,0,2,2,4,0,36,3,2,4,0.05313851930454657,0,3196.0,0.578,0.1650157457772688,72,0.674,0.0,0
42,0,3,2,2,4,0,35,3,2,2,0.03375990470921498,1587,968.0,1.088,0.20973375322072715,79,0.881,0.6241206030150753,0
37,0,2,2,1,4,3,21,2,2,2,0.9154112891766961,0,31718.0,0.91,0.3951903807615231,64,0.641,0.0,1
53,0,3,3,1,4,0,37,3,2,4,0.1742473025633584,974,6228.0,0.517,0.049642141425708566,33,0.5,0.135678391959799,0
49,0,3,2,2,4,0,36,3,2,2,0.05855002010417896,0,3375.0,0.629,0.7707987403378185,103,0.807,0.0,0
43,1,3,5,2,2,0,30,1,2,0,0.0,0,1438.3,0.751,0.267391926710564,89,0.679,0.0,0
51,1,4,2,1,3,0,47,4,3,2,0.0732426982529015,622,3239.0,0.794,0.2454050959060979,81,0.976,0.16180904522613065,0
45,1,3,2,2,3,0,37,6,2,2,0.2785169464624203,672,9979.0,0.767,0.08834812482107071,54,0.543,0.06331658291457286,0
39,0,4,2,1,1,0,29,4,4,3,0.028620490541966352,1971,414.0,0.613,0.1821356999713713,81,0.653,0.8301507537688441,0
49,1,1,2,2,2,0,37,1,2,2,0.5112417126946553,1209,17140.0,0.738,0.9099341540223304,110,0.803,0.06633165829145729,0
58,1,1,5,2,3,0,54,1,3,1,0.11317896951722764,1459,3723.0,0.72,0.4254222731176639,112,0.697,0.2834170854271356,0
46,0,2,2,2,4,0,36,3,3,3,0.02961814152737343,1106,1312.0,0.963,0.17240194675064413,64,0.882,0.4592964824120603,0
37,1,2,5,0,4,3,36,3,3,2,0.30623955111752027,1846,9722.0,0.755,0.0670483824792442,44,1.095,0.16080402010050251,0
40,1,3,3,2,3,0,28,5,1,0,0.6100393920979996,0,21617.0,1.047,0.047008302318923556,22,0.467,0.0,0
53,1,1,4,2,2,0,46,6,2,4,0.09476777405926048,2076,2497.0,0.839,0.12539364443172057,46,0.484,0.45628140703517583,1
47,1,4,2,2,3,3,37,5,2,4,1.0000000000000002,0,34516.0,1.06,0.13289436014886916,80,0.739,0.0,0
41,0,2,3,1,4,0,36,3,2,2,0.04149925780813057,2404,407.0,0.491,0.09819639278557114,41,0.464,0.8592964824120602,1
54,1,2,3,1,0,0,42,3,2,3,0.11541612627238293,889,4367.0,0.559,0.2604065273403951,91,0.685,0.16984924623115577,0
39,0,0,3,2,4,0,27,6,3,3,0.4865120609957766,0,17531.0,0.8,0.2309189808187804,61,0.743,0.0,0
39,0,2,0,1,1,0,31,3,1,2,0.04422012413196807,2143,758.0,0.948,0.21236759232751215,78,0.733,0.742713567839196,0
44,0,3,2,1,4,0,27,5,1,1,0.19084458713876723,1965,5786.0,0.782,0.22977383338104782,90,0.731,0.2552763819095477,0
46,0,3,5,2,4,0,42,6,4,2,0.01426036272171282,1431,479.0,0.851,0.27042656742055543,82,0.745,0.7527638190954773,0
59,1,0,3,2,4,0,44,2,1,1,0.07109623704187415,1149,2641.0,0.597,0.22473518465502432,85,0.604,0.3045226130653266,0
36,1,2,4,2,1,0,31,3,2,5,0.3151277144420561,2282,9580.0,0.837,0.1171485828800458,74,0.85,0.192964824120603,0
47,0,1,3,2,4,0,40,5,4,4,0.21167433044014553,2087,6353.0,0.804,0.20790151732035497,74,0.644,0.24824120603015074,0
35,0,1,2,2,4,0,36,6,2,3,0.1567128306986278,2126,4496.0,1.041,0.1796736329802462,60,0.818,0.32261306532663314,0
48,0,3,3,0,1,0,40,3,1,3,0.02922512750281913,1410,995.0,0.866,0.22278843401087886,79,0.881,0.5889447236180904,0
52,0,2,0,2,4,0,40,4,3,3,0.04065276606293667,2379,404.0,0.912,0.19278557114228456,74,1.0,0.8592964824120602,0
43,1,5,5,1,0,0,31,4,3,4,1.0000000000000002,830,33686.0,0.54,0.18660177497852848,57,0.541,0.024120603015075376,0
42,1,4,3,1,2,0,38,2,2,2,0.36241032478074353,0,13426.0,0.717,0.23727454909819637,66,0.886,0.0,0
65,1,0,3,1,4,0,56,6,3,1,0.03575520668002915,1858,763.0,0.987,0.09264242771256799,47,1.043,0.7125628140703517,0
59,0,2,3,1,1,0,36,3,3,3,0.08878186814681796,0,4375.0,0.621,0.1131978242198683,53,0.472,0.0,1
42,0,2,0,0,4,0,33,3,3,1,0.025536842041617165,1690,593.0,0.874,0.22026910964786714,64,0.488,0.743718592964824,0
54,0,3,5,1,1,0,49,5,3,2,0.11780444226775141,1373,3962.0,0.558,0.05181792155740052,29,0.611,0.25829145728643216,0
46,0,2,2,1,4,0,31,5,2,0,0.0269577388996212,1584,746.0,0.78,0.19393071858001715,71,0.651,0.6834170854271356,0
45,1,3,4,1,1,0,30,2,2,2,0.07203342433119594,1673,2148.0,0.869,0.8288004580589751,89,0.712,0.4402010050251256,0
53,1,0,3,1,1,0,39,5,2,2,0.043434096082859454,1671,1204.0,0.923,0.221528771829373,88,0.692,0.5839195979899496,0
44,1,3,2,1,2,1,29,2,3,2,1.0000000000000002,2517,31999.0,0.579,0.3579730890352133,67,0.763,0.07336683417085427,1
53,1,2,5,1,1,0,47,3,1,3,0.12518101319015532,1423,4156.0,0.503,0.05634125393644432,47,1.136,0.2562814070351759,0
45,1,2,0,1,2,0,34,1,1,2,0.4899887235206801,1396,16250.0,0.851,0.8586888061837962,106,0.893,0.0793969849246231,0
48,0,3,5,2,4,0,43,5,4,2,0.0028327241615952806,1183,349.0,0.617,0.2192384769539078,78,0.857,0.7758793969849246,0
46,1,3,0,2,3,3,38,3,3,1,1.0000000000000002,1278,33238.0,0.51,0.23870598339536211,73,0.622,0.0371859296482412,0
50,1,1,2,1,0,3,45,2,2,0,1.0000000000000002,1514,33002.0,0.736,0.38952190094474665,72,1.0,0.04422110552763819,0
41,1,4,5,1,3,0,37,1,2,2,0.659407999951629,0,23250.0,0.564,0.09590609791010592,43,0.654,0.0,1
40,0,2,2,1,1,0,32,6,2,2,0.05014556634832531,2409,688.0,0.912,0.23441168050386488,86,0.87,0.7819095477386935,0
54,0,2,2,1,4,0,46,5,3,2,0.04763632296078627,794,2220.0,0.5,0.05485256226739192,30,0.579,0.264321608040201,0
48,1,3,0,0,2,0,39,4,3,2,0.3565755781085142,1106,12127.0,0.882,0.21517320354995703,47,0.621,0.08442211055276382,0
54,0,2,2,1,4,0,45,4,3,2,0.3533407703679518,2086,11040.0,0.659,0.07477812768393931,37,0.762,0.15979899497487435,0
51,0,4,3,2,4,0,33,2,4,3,0.04926884275508878,2071,997.0,0.854,0.28594331520183225,71,0.972,0.6783919597989949,0
63,1,0,3,1,3,0,51,3,3,4,0.2666055983336205,1021,9236.0,0.467,0.055997709705124535,30,0.429,0.10050251256281406,0
33,0,3,4,1,4,0,25,3,2,4,0.09963510159412536,2517,2217.0,0.483,0.09991411394217005,55,0.897,0.5346733668341709,1
56,0,2,3,1,1,0,49,1,3,3,0.14939672347230917,2517,3863.0,0.706,0.7681076438591469,97,1.064,0.3969849246231156,0
52,0,1,3,1,1,0,36,5,1,2,0.05132460842198824,1864,1272.0,0.693,0.028972230174634985,25,0.25,0.5969849246231155,0
61,0,0,2,1,4,0,55,4,2,3,0.022846207565822292,1512,682.0,0.725,0.20263383910678498,80,0.778,0.6924623115577888,0
55,1,2,3,1,2,0,36,4,3,3,0.17512402615659495,2381,4850.0,0.996,0.05101631835098769,23,1.3,0.33065326633165826,0
41,0,2,0,1,4,0,36,2,1,2,0.006521009622797239,1093,561.0,0.65,0.2328084740910392,82,0.822,0.664321608040201,0
47,0,3,1,2,1,3,39,3,2,1,0.5109998579103142,1060,17281.0,0.718,0.4038935012882909,85,0.7,0.05829145728643216,0
53,0,4,2,1,4,0,36,2,3,6,0.07759608437104154,0,4005.0,0.896,0.3717148582880046,75,0.667,0.0,1
43,1,3,0,1,2,0,37,5,2,3,0.5322528470842894,0,19044.0,0.721,0.071571714858288,44,0.76,0.0,0
55,1,2,2,1,2,0,50,5,2,4,0.02136484701173299,1207,938.0,0.521,0.042656742055539654,31,0.476,0.5658291457286431,0
63,1,1,2,2,2,0,56,3,3,2,0.2458060868802849,0,9569.0,0.94,0.10060120240480962,49,0.581,0.0,1
38,0,3,2,1,4,0,36,5,4,3,0.009634889971189053,1352,405.0,0.879,0.20561122244488977,81,0.421,0.7728643216080402,0
49,0,3,4,1,1,0,36,5,2,1,0.0167998379572945,0,1994.0,0.829,0.22353277984540507,69,0.568,0.0,0
44,1,4,3,2,2,0,36,1,1,3,0.04558055729388683,743,2203.0,0.827,0.45937589464643575,88,0.872,0.25326633165829143,0
44,0,1,3,1,1,0,35,6,2,2,0.16357546020430686,0,6849.0,0.736,0.1855138849126825,82,0.864,0.0,0
63,1,1,2,2,3,0,55,6,1,2,0.6043860365140261,0,21430.0,0.511,0.17354709418837674,57,0.676,0.0,0
45,0,4,1,1,4,3,39,4,1,2,1.0000000000000002,1298,33218.0,0.757,0.07878614371600344,39,0.773,0.03819095477386934,0
33,0,0,2,1,4,0,36,4,2,4,0.03551335189568804,1599,1014.0,0.749,0.04906956770684226,31,0.722,0.615075376884422,0
46,1,3,2,2,3,0,34,4,3,3,0.2575965076169141,0,9959.0,1.049,0.24786716289722302,64,0.524,0.0,1
38,0,3,2,1,4,0,34,5,1,0,0.059366280001330214,1813,1589.0,0.653,0.07082736902376181,28,0.647,0.5356783919597989,0
43,0,2,2,1,4,3,25,6,2,4,0.27056597042720626,1961,8427.0,0.703,0.5590609791010592,61,0.649,0.1899497487437186,1
40,1,3,0,0,3,3,34,2,1,3,1.0000000000000002,2052,32464.0,0.477,0.1706269682221586,62,0.476,0.05929648241206029,0
39,0,3,3,2,4,0,36,6,1,3,0.06689401016394733,0,3651.0,0.977,0.019009447466361292,19,1.111,0.0,1
47,0,3,5,1,4,0,36,4,1,0,0.005221040156963758,746,865.0,0.993,0.05055825937589464,29,0.706,0.4653266331658291,0
35,1,2,2,1,3,0,27,3,2,3,0.3387387877633572,0,12643.0,0.393,0.014715144574864013,21,0.167,0.0,1
46,0,4,2,2,4,0,36,2,3,3,0.04361548717111529,2450,431.0,0.629,0.10993415402233038,49,0.531,0.8542713567839195,1
34,0,3,3,1,4,0,15,5,1,3,0.0,0,1438.3,0.689,0.13106212424849698,48,0.6,0.0,1
53,0,4,2,1,4,0,47,3,2,2,0.03917140550884735,2085,649.0,0.764,0.20234755224735182,66,0.784,0.7668341708542713,0
56,0,1,2,2,4,0,36,4,3,2,0.015046390770821434,1101,835.0,0.984,0.23177784139707988,70,0.892,0.571859296482412,0
52,1,2,2,1,3,0,36,4,3,2,0.043162009450475707,1882,984.0,0.803,0.2473518465502433,84,0.826,0.6603015075376885,0
36,0,3,5,1,4,0,23,6,6,1,0.021848556580415214,1404,757.0,0.68,0.22095619811050674,77,0.878,0.6532663316582914,0
39,0,1,5,1,1,0,27,3,3,3,0.041801576288556956,725,2096.0,0.704,0.10689951331233898,35,0.296,0.25829145728643216,1
43,1,1,3,2,2,0,31,5,3,2,0.042194590313111256,1720,1114.0,0.62,0.23194961351273977,70,0.591,0.6100502512562813,0
46,0,5,2,1,1,0,33,3,1,1,0.0,883,555.3,0.708,0.2258230747208703,63,0.853,0.6170854271356784,0
40,0,5,2,1,4,0,30,3,2,2,0.02042765972241118,1618,496.0,0.664,0.22834239908388201,88,0.692,0.7688442211055276,0
53,0,2,2,1,1,0,36,6,2,4,0.04588287577431322,1391,1565.0,0.698,0.09081019181219582,63,0.575,0.4733668341708542,0
42,1,4,0,1,2,0,25,4,3,3,0.049994407108112114,1115,1977.0,0.802,0.09178356713426854,41,0.783,0.3628140703517587,0
43,1,2,0,2,0,0,37,6,3,1,0.3892864376906496,1348,12967.0,0.681,0.18116232464929857,67,0.718,0.09447236180904522,0
33,1,2,5,2,1,0,18,1,1,6,0.12581588199905075,2517,3083.0,0.628,0.1011165187517893,46,0.586,0.45125628140703516,1
50,0,0,1,2,4,0,38,4,3,3,0.034969178630920535,2353,242.0,0.924,0.11428571428571428,41,0.577,0.9115577889447236,1
56,0,1,2,1,4,0,48,3,1,3,0.031008806537334822,1794,670.0,0.682,0.233610077297452,76,0.9,0.7316582914572863,0
49,0,3,2,1,4,0,38,6,5,1,0.03669239396935096,1581,1071.0,0.738,0.2414543372459204,80,0.778,0.5989949748743718,0
45,1,5,2,1,3,3,39,2,2,3,1.0000000000000002,1964,32552.0,0.624,0.09756656169481821,49,0.361,0.057286432160804014,1
33,1,2,0,2,3,0,36,4,3,2,0.24801301178739757,1431,8211.0,0.561,0.09401660463784713,33,0.571,0.1487437185929648,1
39,1,2,0,1,2,0,31,6,3,2,0.25493610498916186,1061,8810.0,0.545,0.06601774978528485,34,0.478,0.10753768844221104,0
48,1,2,2,0,2,3,33,3,2,2,0.7188740450515,1754,23463.0,0.712,0.83160606928142,110,0.833,0.07035175879396985,0
26,0,0,3,1,4,0,18,5,3,2,0.120434613047461,682,4740.0,0.892,0.22502147151445748,62,0.676,0.12663316582914572,0
56,0,0,0,1,1,0,36,5,2,3,0.08905395477920172,929,3455.0,0.678,0.24403091898081877,91,0.75,0.2130653266331658,0
53,1,3,4,2,3,0,44,5,2,2,0.5328272521970996,1236,17827.0,0.542,0.16392785571142282,58,0.871,0.06532663316582914,0
45,0,5,2,2,4,0,38,3,3,0,0.021334615163690347,1492,652.0,0.96,0.19060979101059258,55,0.571,0.6994974874371859,0
44,0,3,5,2,4,0,33,5,3,5,0.04948046569138726,2517,558.0,0.922,0.17200114514743772,53,0.71,0.8231155778894471,0
55,1,2,3,1,0,0,50,3,2,3,0.48941431840787,1756,15871.0,0.757,0.2465502433438305,74,0.721,0.10050251256281406,0
52,0,3,5,1,1,0,36,5,2,2,0.032036689370784556,1650,848.0,0.673,0.22353277984540507,79,0.837,0.664321608040201,0
45,0,3,2,0,4,0,34,4,3,1,0.053954779201697826,243,2980.0,0.433,0.08296593186372746,38,0.462,0.07537688442211055,1
46,0,2,0,2,4,0,36,6,1,4,0.016860301653379775,1544,452.0,0.919,0.18494131119381618,69,0.683,0.7778894472361808,0
46,1,2,3,1,2,0,40,4,1,3,0.11568821290476666,0,5265.0,0.524,0.15751503006012021,68,0.744,0.0,0
51,0,1,3,2,4,0,47,4,3,1,0.0,0,1438.3,0.826,0.21253936444317204,70,0.458,0.0,0
46,1,4,3,0,0,0,31,2,3,1,0.06441499862445094,1553,2016.0,0.798,0.9255654165473804,116,0.681,0.43718592964824116,0
65,1,2,2,1,4,0,55,3,2,2,0.1409015741723276,2175,3924.0,0.582,0.04517606641855139,34,0.545,0.35879396984924616,0
44,0,3,0,1,4,0,35,5,2,2,0.2962630412634494,2336,8902.0,0.911,0.2732321786430003,70,0.892,0.20904522613065324,0
50,0,1,2,2,4,0,37,4,3,4,0.05558729899600034,2481,796.0,0.606,0.19667907243057542,59,0.844,0.7608040201005024,0
33,1,2,2,1,2,0,28,6,2,4,0.007851210936673354,0,1698.0,0.823,0.1098196392785571,40,0.379,0.0,1
44,1,4,2,2,2,0,39,2,2,3,0.24922228570910313,1727,7955.0,0.88,0.8279988548525623,95,0.9,0.17889447236180903,0
51,0,3,3,1,4,0,39,2,1,1,0.07148925106642845,2437,1366.0,0.809,0.7939879759519038,117,0.746,0.6442211055276381,0
57,1,2,4,0,0,0,51,4,1,1,0.7557568996635196,1472,24965.0,0.742,0.04088176352705411,36,0.5,0.056281407035175875,0
44,0,4,2,2,1,0,40,6,5,3,0.0040419980833008365,874,698.0,0.947,0.25571142284569137,80,0.739,0.5587939698492462,0
54,1,1,0,1,0,0,44,4,3,2,0.041801576288556956,2415,406.0,0.441,0.05090180360721443,36,0.8,0.8603015075376883,0
26,0,0,2,1,4,0,14,3,2,1,0.021909020276500484,1942,221.0,0.582,0.22044088176352702,57,0.781,0.9025125628140703,0
42,0,1,2,1,4,0,37,3,3,0,0.0,0,1438.3,0.72,0.20750071571714856,78,0.814,0.0,0
46,0,5,1,2,4,0,37,3,2,2,0.010541845412468227,0,1787.0,0.654,0.10392212997423418,36,0.286,0.0,1
44,1,2,5,1,0,2,36,2,1,3,1.0000000000000002,1421,33095.0,0.744,0.7978814772401946,114,0.754,0.04120603015075377,0
51,0,3,2,2,4,0,36,1,3,1,0.055557067147957696,1474,1802.0,0.759,0.7833953621528772,116,0.681,0.4522613065326633,0
50,0,2,2,1,4,0,38,2,1,1,0.24511075437530425,960,8586.0,0.71,0.7833381047809905,111,0.657,0.10150753768844221,0
46,0,5,2,0,4,0,40,3,3,3,0.004646635044153621,925,667.0,0.804,0.23389636415688517,90,0.667,0.5839195979899496,0
52,0,0,1,1,4,0,36,4,3,2,0.0881167674898799,1489,2864.0,0.945,0.49791010592613794,85,1.073,0.3437185929648241,1
45,1,3,2,0,2,0,37,4,1,1,0.05601054486859728,1607,1684.0,1.26,0.0832522187231606,38,0.652,0.49045226130653263,0
65,0,0,5,2,4,0,56,5,3,5,0.5650846340585954,2355,17775.0,0.716,0.10959060979101058,49,0.633,0.11758793969849246,0
49,0,4,2,1,4,0,36,1,3,1,0.15650120776232931,0,6615.0,0.619,0.23160606928141994,75,0.786,0.0,0
54,1,4,5,2,3,0,42,5,2,2,0.31149989267693945,0,11742.0,0.621,0.2017177211565989,70,0.556,0.0,0
30,1,0,2,2,1,0,20,3,1,3,0.1562593529779882,2517,4090.0,0.854,0.14405954766676207,73,0.78,0.38291457286432157,0
51,1,1,5,2,0,0,36,2,1,3,0.2186578873379951,590,8081.0,0.693,0.221528771829373,72,0.756,0.06834170854271357,0
48,0,3,0,1,4,0,36,4,1,2,0.03342735438074595,0,2544.0,0.759,0.1753793300887489,64,1.0,0.0,0
51,0,1,1,1,4,0,45,6,2,1,0.17829837020107203,1031,6305.0,0.658,0.18791869453192098,67,0.675,0.1417085427135678,0
50,1,1,2,1,0,0,40,3,3,2,0.1839214939370029,1057,6465.0,1.197,0.11468651588892069,62,1.138,0.1417085427135678,0
34,1,3,5,1,3,0,25,6,3,2,0.23256453743760905,916,8215.0,0.863,0.07804179788147723,36,0.565,0.10050251256281406,0
29,1,1,5,2,1,0,22,2,3,3,0.3048488861075589,1203,10319.0,0.847,0.755224735184655,119,0.831,0.10452261306532662,0
61,0,0,3,2,4,0,51,4,2,2,0.21276267696968051,0,8476.0,0.675,0.19232751216719152,67,0.489,0.0,0
32,0,1,2,1,4,0,36,4,3,3,0.2452316817674748,2517,7033.0,0.713,0.7588319496135127,116,0.841,0.26532663316582916,0
36,0,2,2,2,4,0,36,6,4,0,0.01852305329572492,1154,897.0,0.605,0.19364443172058401,79,0.717,0.5658291457286431,0
39,0,5,2,1,4,0,36,3,3,3,0.06728702418850163,0,3664.0,0.419,0.05433724592041225,44,0.913,0.0,1
38,1,1,3,2,0,0,30,5,3,3,0.2852586485759288,2415,8459.0,0.933,0.23412539364443172,59,0.372,0.22311557788944722,1
48,0,1,3,1,4,0,40,5,4,3,0.08258433929807696,1384,2786.0,0.77,0.22914400229029483,94,0.649,0.3336683417085427,0
42,0,5,2,1,1,0,36,2,1,1,0.18126109130925067,0,7434.0,0.63,0.20910392212997422,76,1.171,0.0,0
43,1,4,5,2,3,0,32,4,1,3,0.4415270711083298,2036,14007.0,0.7,0.04947036931004867,28,0.75,0.12763819095477386,0
46,0,3,2,1,4,0,36,2,3,1,0.1741566070192305,1235,5964.0,0.83,0.201545949040939,78,0.814,0.17286432160804016,0
53,1,0,2,2,3,0,42,5,4,1,0.03705517614586263,2037,627.0,0.85,0.043286573146292584,29,0.933,0.7688442211055276,0
44,0,4,2,1,4,0,31,3,3,4,0.022543889085395903,0,2184.0,0.671,0.08262238763240767,42,0.556,0.0,1
49,0,1,5,1,4,0,38,6,2,1,0.05758260096681451,1820,1523.0,0.727,0.22771256799312908,63,0.703,0.5467336683417086,0
43,1,1,2,1,0,0,34,5,1,3,0.8215111691562594,2517,26095.0,0.712,0.8128829086744919,105,0.641,0.08844221105527637,0
55,0,2,4,1,4,0,49,4,1,1,0.029497214135202877,2276,138.0,0.567,0.0841683366733467,62,0.59,0.9477386934673365,0
32,1,1,2,2,0,0,18,5,3,2,0.14625261127587472,2289,3987.0,0.637,0.12064128256513025,68,0.388,0.36683417085427134,0
44,1,4,5,1,3,3,27,4,3,2,1.0000000000000002,1043,33473.0,0.69,0.23612940166046378,59,0.639,0.030150753768844216,0
54,0,1,1,2,4,0,36,6,3,4,0.7441478700151462,829,25224.0,0.669,0.12814199828227882,70,0.628,0.0321608040201005,0
37,1,3,5,2,1,0,36,3,2,4,0.007790747240588078,0,1696.0,0.857,0.08960778700257659,43,0.536,0.0,1
41,1,4,4,1,1,3,36,3,3,2,0.4483292369179236,817,15451.0,0.64,0.769481820784426,120,0.69,0.05025125628140703,0
42,1,4,2,1,1,0,19,5,3,2,0.2096790284693313,0,8374.0,0.885,0.22691096478671627,59,1.034,0.0,0
48,0,3,4,1,1,0,37,4,1,2,0.15982671104701962,493,6232.0,0.72,0.7650157457772688,106,0.606,0.07336683417085427,0
46,0,1,5,2,1,0,30,3,2,1,0.17403567962705996,0,7195.0,1.035,0.12716862296020612,47,1.136,0.0,1
51,0,4,1,1,4,0,43,6,1,2,0.018976531016364505,1077,989.0,0.715,0.23750357858574292,91,0.655,0.5236180904522613,0
48,1,2,3,2,2,0,36,4,3,1,0.0061279955982429316,0,1641.0,0.791,0.11485828800458057,45,0.364,0.0,1
34,1,4,5,2,2,0,20,3,2,6,0.07563101424826998,1384,2556.0,0.908,0.1561408531348411,53,0.767,0.3527638190954773,1
56,0,3,3,1,4,0,41,3,2,3,0.08255410745003433,1549,2620.0,0.768,0.22839965645576868,82,0.708,0.3738693467336683,0
51,0,4,5,0,4,0,40,5,4,3,0.0037396796028744475,1057,505.0,0.807,0.2570283423990839,78,0.696,0.6804020100502512,0
38,1,2,0,1,3,0,24,4,1,5,0.47535650906804283,773,16389.0,1.238,0.11033495562553679,54,1.0,0.045226130653266326,0
51,1,1,2,1,2,0,45,2,3,3,0.3056349141566675,0,11548.0,0.611,0.41517320354995707,72,0.895,0.0,0
54,0,2,2,2,4,0,46,3,2,3,0.08258433929807696,641,3529.0,0.815,0.17973089035213283,67,0.595,0.15477386934673365,0
34,0,4,2,2,1,0,28,5,2,3,0.03125066132167594,1899,573.0,0.77,0.2220440881763527,86,0.792,0.771859296482412,0
39,0,3,4,1,1,0,28,4,2,2,0.05474080725080644,2217,1032.0,1.06,0.08348124821070713,36,0.895,0.685427135678392,0
44,1,3,2,1,2,0,36,1,2,3,0.058822106736562706,799,2585.0,0.737,0.7227025479530489,100,0.754,0.23718592964824117,0
58,1,1,2,2,0,0,36,2,3,4,0.8216925602445152,0,28618.0,0.685,0.06767821356999713,41,0.414,0.0,1
49,1,3,1,1,3,0,36,4,1,4,0.24520144991943213,0,9549.0,0.712,0.23469796736329798,76,0.652,0.0,0
35,0,4,2,2,4,0,22,6,3,3,0.0,0,1438.3,0.512,0.16587460635556825,64,0.829,0.0,0
56,1,2,0,1,0,0,36,6,3,2,0.7775238302542197,1547,25610.0,0.487,0.057543658746063556,38,0.267,0.057286432160804014,0
45,1,1,0,1,0,0,32,3,1,3,0.056403558893151594,1370,1934.0,0.954,0.19375894646435726,70,0.667,0.4170854271356783,0
49,0,4,5,2,4,0,36,1,3,3,0.003195506338106946,999,545.0,0.786,0.21099341540223301,53,1.12,0.650251256281407,0
42,0,4,2,1,4,0,36,2,1,1,0.0374179583223743,1962,714.0,0.668,0.2570855997709705,75,0.786,0.7366834170854271,0
53,0,2,2,2,1,0,37,5,3,4,0.17666585040676955,0,7282.0,0.74,0.16226739192671055,69,0.816,0.0,0
38,1,1,5,1,2,0,25,6,2,3,0.23776441530094297,1599,7704.0,1.408,0.09911251073575723,37,0.542,0.17286432160804016,0
54,0,0,2,2,1,0,35,4,1,3,0.23558772224187294,1642,7589.0,0.416,0.23738906384196964,68,0.659,0.17889447236180903,0
39,0,1,2,2,4,0,28,5,3,3,0.011206946069406282,1181,628.0,0.656,0.22456341253936443,83,0.596,0.6562814070351759,0
45,0,3,2,1,1,0,38,3,6,1,0.08334013549914293,2440,1755.0,0.889,0.22330375035785857,72,0.714,0.5849246231155778,0
44,0,4,3,2,4,0,30,1,2,3,0.16457311118971393,1930,4952.0,0.915,0.7618665903235041,113,0.766,0.2814070351758794,0
55,0,1,2,1,4,0,36,2,3,2,0.06613821396288136,795,2831.0,0.896,0.13879186945319208,42,0.556,0.2201005025125628,1
44,0,2,2,2,4,0,32,3,1,4,0.15217805349223196,2128,4344.0,0.58,0.1753220727168623,66,0.833,0.33065326633165826,0
55,1,2,0,1,3,0,45,5,1,2,0.045066615877161965,2431,498.0,1.632,0.07861437160034354,39,0.625,0.8341708542713566,0
39,1,3,2,2,0,0,36,4,2,2,1.0000000000000002,0,34516.0,0.754,0.17417692527912967,55,0.667,0.0,0
46,1,5,5,2,2,0,36,3,3,2,0.6975605921814395,766,23746.0,0.509,0.23080446607500713,78,0.368,0.03115577889447236,0
40,1,5,2,1,3,0,34,6,2,4,0.31754626228546723,1651,10291.0,0.598,0.03177784139707987,29,0.208,0.13869346733668342,0
48,1,4,2,1,3,0,41,2,3,6,0.10181179465319537,1357,3449.0,0.573,0.07105639851130834,35,0.346,0.2834170854271356,1
39,0,1,2,2,1,0,33,6,3,2,0.02469035029642328,1258,997.0,0.96,0.21637560835957628,79,0.837,0.5608040201005026,0
60,1,0,5,1,2,0,55,6,1,2,0.1523896764285304,1393,5086.0,0.468,0.06229602061265388,47,0.958,0.21608040201005022,0
50,1,2,2,1,1,0,36,3,1,3,0.12055554043963154,1478,3948.0,0.664,0.042141425708559985,22,0.571,0.2733668341708543,0
32,1,1,2,2,4,0,26,6,3,4,0.5275669106376804,1880,17009.0,0.702,0.14022330375035785,55,0.774,0.10050251256281406,0
45,1,3,2,1,3,0,36,3,3,1,0.5694380201767354,2100,18174.0,0.584,0.2716289722301746,66,0.61,0.10452261306532662,0
28,0,0,2,2,4,3,15,3,3,3,0.9246622346777437,1232,30792.0,1.04,0.1131978242198683,64,0.882,0.03819095477386934,0
47,0,3,1,1,4,0,38,1,3,2,0.07962161818989835,1594,2478.0,0.678,0.21683366733466933,83,0.886,0.392964824120603,0
46,1,2,3,2,2,0,34,2,2,1,0.26866136400052,0,10325.0,0.866,0.9347838534211279,122,0.718,0.0,0
58,1,3,5,1,3,0,46,3,1,3,0.028318172061539963,1163,1212.0,0.917,0.24271399942742625,80,0.905,0.4924623115577889,0
32,0,0,2,0,4,0,36,6,3,3,0.008879093770123081,0,1732.0,0.683,0.11159461780704265,43,0.536,0.0,1
46,1,2,2,1,3,0,34,3,3,3,0.04494568848499141,2365,560.0,0.691,0.04815344975665617,30,0.579,0.8130653266331658,0
44,0,4,5,0,4,0,36,3,2,0,0.25605468336673953,2066,7842.0,0.463,0.18431148010306325,80,0.667,0.21005025125628138,0
51,1,4,2,1,0,1,46,6,1,3,1.0000000000000002,2264,32252.0,1.975,0.04580589750930432,31,0.722,0.06633165829145729,0
46,0,2,0,1,4,0,27,6,3,3,0.25523842346958825,1794,8087.0,0.582,0.24019467506441453,85,0.735,0.18291457286432158,0
42,0,4,5,1,4,0,23,4,2,0,0.024841509536636476,1007,1253.0,0.84,0.06206699112510736,33,0.737,0.4482412060301507,0
54,0,1,3,2,1,0,36,6,3,3,0.0991211601774005,1590,3127.0,0.802,0.21105067277411965,67,0.595,0.33869346733668343,0
57,0,3,3,2,4,0,46,1,2,2,0.02599031976225675,1540,758.0,0.708,0.264758087603779,81,0.976,0.6733668341708543,0
61,1,1,2,2,4,0,54,3,3,1,0.17324965157795133,629,6540.0,0.807,0.4400801603206413,80,0.509,0.08844221105527637,0
46,1,2,5,1,2,0,32,6,2,3,0.054891966491019635,0,3254.0,0.733,0.025021471514457484,24,1.182,0.0,1
52,0,1,2,2,4,0,47,3,3,4,0.012204597054813367,625,1217.0,0.729,0.12138562839965646,43,0.483,0.3407035175879397,1
40,0,5,2,2,4,0,29,3,2,4,0.08364245397956935,2517,1688.0,0.652,0.21334096764958488,69,0.725,0.6020100502512562,0
43,1,3,3,1,2,0,36,1,3,3,0.21841603255365402,288,8375.0,0.639,0.022101345548239334,33,0.32,0.033165829145728645,1
56,0,2,5,2,4,0,42,4,2,2,0.06217784186929564,1427,2068.0,0.563,0.22536501574577725,85,0.889,0.41005025125628136,0
45,1,3,4,1,3,0,35,3,3,2,0.5805028765603413,1603,19037.0,0.532,0.07225880332092757,53,0.395,0.07839195979899496,0
43,0,3,3,0,4,0,24,4,2,2,0.006762864407138351,613,1049.0,0.868,0.1028342399083882,31,0.55,0.3708542713567839,1
65,1,0,3,2,1,0,36,6,4,1,0.05643379074119422,1909,1396.0,0.371,0.2111651875178929,72,0.636,0.5809045226130652,0
42,0,4,2,1,4,0,31,3,2,1,0.16061273909612822,1192,5559.0,0.776,0.42318923561408534,93,0.55,0.1778894472361809,0
56,1,3,5,2,2,0,49,3,3,3,0.00558382233347543,0,1623.0,1.058,0.25393644431720586,74,0.805,0.0,0
37,1,2,2,0,3,0,25,3,2,2,0.7179670896102208,2209,22978.0,0.799,0.9204695104494703,96,0.778,0.08844221105527637,0
43,0,3,3,1,4,0,36,3,3,2,0.22186246323051487,2517,6260.0,0.696,0.23023189235614086,83,0.729,0.28844221105527634,0
33,0,0,2,1,4,0,28,4,2,4,0.0,0,1438.3,0.916,0.13650157457772685,70,0.591,0.0,0
36,0,1,2,2,4,0,16,6,5,3,0.1406597193879865,1184,4907.0,0.766,0.9680503864872602,113,0.766,0.19497487437185929,0
42,0,3,3,2,4,0,35,5,2,1,0.034001759493556084,1579,984.0,0.924,0.24666475808760377,70,0.707,0.6190954773869346,0
44,0,4,1,1,4,0,34,5,2,2,0.03868769594016513,1718,1000.0,0.679,0.22290294875465214,68,0.619,0.6351758793969848,0
47,1,3,5,1,1,0,36,3,3,3,0.28785858750759574,1333,9627.0,0.678,0.16890924706555968,62,0.632,0.12261306532663316,0
43,0,3,2,2,4,0,35,1,3,2,0.005493126789347512,771,849.0,0.675,0.22084168336673346,91,0.655,0.4783919597989949,0
49,0,4,2,1,4,0,34,3,1,3,0.03391106394942817,1430,1130.0,0.766,0.24351560263383906,86,0.792,0.5618090452261306,0
49,0,4,3,1,4,0,44,4,2,3,0.006581473318882515,929,727.0,0.898,0.2220440881763527,79,0.681,0.563819095477387,0
57,0,2,5,1,4,0,46,2,3,2,0.020881137443050764,1139,990.0,1.025,0.22782708273690236,73,0.825,0.5376884422110553,0
50,1,4,2,2,3,0,36,3,2,4,0.40406981138350007,1696,13108.0,0.959,0.8420841683366733,111,0.734,0.11557788944723618,0
47,0,4,3,2,1,0,36,3,1,1,0.004767562436324174,0,1596.0,0.788,0.29476095047237333,81,0.8,0.0,0
40,1,4,4,1,2,0,35,3,4,3,0.566535762764642,1553,18625.0,0.324,0.06899513312338963,44,0.375,0.07738693467336683,1
61,0,1,3,1,4,0,51,3,3,3,0.010783700196809333,794,1001.0,0.953,0.07466361294016605,59,1.107,0.44422110552763816,0
47,0,4,5,2,4,0,36,4,2,3,0.03442500536615304,1450,1127.0,0.747,0.2316633266533066,83,0.766,0.5658291457286431,0
47,1,3,3,2,3,0,29,2,2,3,0.18319592958397957,2319,5179.0,0.484,0.06561694818207844,51,0.759,0.31055276381909547,1
35,0,1,2,2,4,0,23,4,3,3,0.036329611792839285,1051,1589.0,0.833,0.1480675636988262,80,0.6,0.39999999999999997,0
39,0,3,3,0,1,0,28,4,1,3,0.05930581630524493,2307,1093.0,0.901,0.24116805038648723,90,0.698,0.6824120603015075,0
36,1,3,3,1,2,0,36,6,3,3,0.08070996471943334,1659,2449.0,1.202,0.09991411394217005,58,0.871,0.40603015075376886,0
54,0,4,2,0,4,0,49,6,1,1,0.23997134020805558,1288,8088.0,0.597,0.05908960778700258,33,0.5,0.13768844221105528,0
55,0,2,2,2,4,0,36,4,3,2,0.2661218887649383,1545,8696.0,0.581,0.11354136845118808,47,0.424,0.15175879396984923,1
39,1,4,3,1,2,0,31,3,1,4,0.31645791575593224,2032,9874.0,0.465,0.06367019753793302,39,0.625,0.17185929648241205,0
45,0,3,2,1,4,0,34,6,2,3,0.03635984364088193,1336,1305.0,1.019,0.2115087317492127,77,0.791,0.5085427135678392,0
44,0,3,2,1,4,0,40,1,1,3,0.15124086620291013,2151,4290.0,0.64,0.37749785284855425,94,0.492,0.335678391959799,0
46,0,3,1,2,4,1,36,1,3,5,0.4149532766788501,532,14632.0,0.858,0.44809619238476955,68,0.478,0.035175879396984924,1
26,0,1,2,2,1,0,14,4,2,4,0.1271763151609695,2324,3321.0,0.655,0.11176638992270253,57,0.727,0.4140703517587939,0
50,1,3,3,1,3,3,36,5,3,3,1.0000000000000002,2292,32224.0,0.876,0.4302891497280275,71,0.868,0.06633165829145729,1
48,1,3,2,1,1,0,43,5,1,1,0.029769300767586625,1779,644.0,0.503,0.20068708846263955,74,0.805,0.7376884422110552,0
44,0,1,2,2,4,0,31,6,3,1,0.0,0,1438.3,0.561,0.1744059547666762,55,0.833,0.0,0
49,1,2,4,1,2,0,36,4,2,5,0.508339455282562,2517,15736.0,0.91,0.18362439164042368,73,0.587,0.13869346733668342,0
45,1,2,2,2,2,0,36,1,1,2,0.05933604815328757,0,3401.0,0.898,0.012253077583738902,18,1.0,0.0,1
39,0,3,3,1,4,0,34,4,3,2,0.4211810373756337,686,14684.0,0.81,0.2047523618665903,71,1.029,0.045226130653266326,0
45,0,2,4,2,4,0,36,3,1,3,0.039231869204932636,2043,693.0,0.801,0.2301746349842542,84,0.75,0.7507537688442211,0
60,0,0,3,2,1,0,55,1,5,5,0.2855005033602699,2517,8365.0,0.266,0.07620956198110507,46,0.278,0.2321608040201005,1
37,1,3,5,2,3,0,26,4,2,2,0.6706542474234908,1153,22469.0,0.666,0.11703406813627255,65,0.625,0.04924623115577889,0
49,0,1,2,1,4,0,37,5,5,2,0.05350130148105824,0,3208.0,0.923,0.22908674491840822,86,0.83,0.0,0
60,0,1,5,0,1,0,52,4,2,3,0.041227171175746806,2517,285.0,0.664,0.22112797022616662,81,0.723,0.9025125628140703,0
56,1,3,2,1,3,0,50,3,3,3,0.1990374179583224,1372,6650.0,0.896,0.07237331806470083,31,1.385,0.17185929648241205,0
49,0,3,3,1,4,0,36,3,1,3,0.0918352847991245,1492,2984.0,0.933,0.23320927569424563,87,0.706,0.3346733668341708,0
39,0,2,0,1,1,0,29,5,3,2,0.0,722,716.3,0.894,0.2549670770111652,53,1.12,0.5045226130653266,0
50,0,3,4,0,1,0,39,3,2,2,0.04805956883338323,1339,1689.0,0.843,0.20692814199828227,64,0.684,0.44422110552763816,0
34,1,3,3,1,1,0,29,6,3,3,0.04530847066150307,869,2068.0,1.493,0.09395934726596049,45,0.875,0.2974874371859296,0
55,0,3,2,1,4,0,36,4,3,3,0.19441194520779864,1251,6618.0,0.722,0.21666189521900941,83,0.729,0.15979899497487435,0
33,1,2,2,0,2,0,21,5,3,3,0.5850678856147797,0,20791.0,0.744,0.13472659604924134,93,0.755,0.0,0
36,1,1,2,1,4,0,26,5,2,2,0.0609081042515048,2517,936.0,0.585,0.2207844259948468,68,0.789,0.7326633165829145,0
47,1,2,2,2,0,0,41,3,2,4,0.27739836808484264,784,9830.0,0.73,0.23309476095047235,77,0.638,0.0743718592964824,0
47,0,1,3,1,4,0,36,5,1,0,0.7321760581902611,2216,23441.0,0.856,0.033839106784998574,25,0.667,0.08643216080402008,0
46,0,4,2,1,4,0,27,1,2,3,0.1388155766573855,0,6030.0,1.031,0.2549670770111652,62,0.442,0.0,1
55,1,4,2,2,0,3,36,2,2,3,1.0000000000000002,2443,32073.0,0.827,0.4715144574864014,105,0.721,0.07135678391959797,0
51,0,2,5,1,4,0,40,4,3,3,0.005251272005006399,831,781.0,0.602,0.251588892069854,81,0.884,0.5185929648241205,0
47,0,2,4,2,1,0,40,5,3,2,0.03581567037611443,1647,976.0,0.735,0.22089894073862007,83,0.804,0.6311557788944723,0
53,1,2,2,1,3,0,34,4,3,2,0.012053437814600172,875,962.0,0.58,0.09384483252218723,43,0.654,0.4783919597989949,1
49,0,2,3,1,1,0,40,5,3,2,0.05516405312340338,1522,1741.0,0.58,0.21517320354995703,69,0.725,0.46834170854271356,0
47,1,4,4,0,2,0,36,4,2,5,0.5683194417991577,1593,18644.0,0.811,0.8308617234468938,102,1.0,0.0793969849246231,0
65,0,0,5,2,4,0,54,6,5,2,0.18927253104055,1758,5941.0,0.641,0.26183796163756085,62,0.771,0.22914572864321606,0
45,0,4,2,1,4,0,33,1,2,1,0.016346360236654915,1305,674.0,0.702,0.2821643286573146,84,0.75,0.6623115577889447,0
40,0,5,5,1,4,0,24,6,1,1,0.018130039271170614,793,1245.0,0.682,0.17079874033781847,67,0.634,0.39095477386934674,0
46,1,2,1,1,0,0,34,6,3,1,0.06229876926146619,1759,1740.0,0.635,0.19707987403378183,67,0.558,0.5055276381909547,0
47,0,2,2,2,4,0,36,6,2,2,0.11206039113965,0,5145.0,0.693,0.060578299456054974,35,0.944,0.0,0
51,1,4,3,2,2,0,45,3,1,2,0.04815026437751114,1787,1244.0,1.006,0.23819066704838246,85,0.7,0.5929648241206029,0
53,0,1,5,2,4,0,39,3,2,3,0.016437055780782826,1276,706.0,0.897,0.26372745490981964,76,0.949,0.6472361809045226,0
41,0,4,3,2,4,0,28,4,2,2,0.03255063078750942,1313,1202.0,0.981,0.2198683080446607,68,0.7,0.5246231155778894,0
42,1,3,3,2,3,0,30,4,5,4,0.08188900679309627,1719,2428.0,0.875,0.07134268537074148,44,0.571,0.4170854271356783,0
41,1,3,2,1,3,0,31,3,2,2,0.2575965076169141,1946,8013.0,0.725,0.8625250501002004,114,0.676,0.19597989949748743,0
31,0,1,3,0,4,0,25,2,1,3,0.01649751947686811,0,1984.0,1.05,0.24414543372459205,73,0.921,0.0,0
56,0,2,3,1,4,0,46,4,3,3,0.2426015109877652,764,8699.0,0.994,0.37652447752648155,61,0.906,0.0814070351758794,1
43,1,4,2,1,1,0,36,5,3,0,0.20227222569888478,1799,6330.0,0.566,0.04992842828514171,33,0.737,0.22211055276381908,0
47,0,3,5,2,4,3,33,2,2,3,1.0000000000000002,1930,32586.0,0.93,0.906899513312339,125,0.736,0.056281407035175875,0
42,1,3,2,1,4,0,36,2,2,1,0.1425340939666301,974,5179.0,0.703,0.3953048955052963,92,0.586,0.1587939698492462,0
57,0,3,5,1,4,0,36,6,2,3,0.05132460842198824,1422,1714.0,0.591,0.0417978814772402,34,0.889,0.4552763819095477,0
58,1,4,3,1,2,0,53,1,3,0,0.3732333263800083,698,13086.0,0.75,0.7208703120526768,91,0.784,0.05125628140703517,0
61,1,0,2,1,1,0,52,3,1,2,0.045368934357588354,1999,940.0,2.145,0.10901803607214429,33,1.538,0.6834170854271356,0
33,1,1,2,1,0,0,21,4,1,3,0.09132134338239964,1899,2560.0,1.349,0.11291153736043515,48,1.0,0.4281407035175879,0
45,0,3,1,0,4,0,33,6,3,2,0.33704580427296943,815,11772.0,0.576,0.19375894646435726,83,0.766,0.06532663316582914,0
26,1,1,0,2,1,0,36,3,4,3,0.038234218219525544,1256,1447.0,0.949,0.09052390495276266,29,0.706,0.4673366834170854,0
43,1,4,3,1,1,0,36,5,3,2,0.3573313743095802,1721,11537.0,0.908,0.031491554537646724,21,1.333,0.13065326633165827,0
38,0,2,3,2,4,0,16,2,1,2,0.038234218219525544,0,2703.0,0.882,0.12722588033209273,43,0.433,0.0,1
50,0,2,2,1,1,0,44,6,2,3,0.027229825532004946,1440,899.0,0.431,0.020784425994846836,22,0.375,0.6190954773869346,0
35,0,2,3,1,4,0,36,4,3,1,0.0011397406712074926,0,1476.0,0.592,0.21465788720297738,76,0.767,0.0,0
45,0,3,3,0,4,0,37,2,1,2,0.018553285143767556,0,2052.0,0.77,0.21523046092184367,72,0.674,0.0,0
44,0,4,2,1,4,0,36,6,2,2,0.07681005632193291,780,3199.0,0.873,0.25731462925851706,69,0.769,0.19698492462311556,0
53,1,3,5,1,2,3,38,1,3,2,0.9365433509585008,871,31546.0,0.911,0.7930718580017178,121,0.862,0.027135678391959798,0
26,1,0,0,2,1,0,13,5,2,2,0.01840212590355436,1196,851.0,0.623,0.09447466361294017,33,0.941,0.5869346733668341,0
41,1,4,2,1,4,0,36,1,1,2,0.015469636643418383,998,952.0,0.619,0.23475522473518465,84,0.714,0.514572864321608,0
54,1,4,2,1,2,0,36,3,4,2,0.18256106077508413,1752,5725.0,0.294,0.0580017177211566,34,0.172,0.23517587939698492,0
53,0,2,5,2,1,0,42,2,1,3,0.4051279260649924,2226,12613.0,0.828,0.8070426567420556,115,0.769,0.1507537688442211,0
51,0,3,5,1,4,0,36,3,1,2,0.009423267034890583,813,937.0,0.76,0.21774978528485542,68,0.7,0.4673366834170854,0
48,1,0,2,0,1,0,36,3,1,0,0.03838537745973874,2517,191.0,0.568,0.09550529630689951,41,0.864,0.9336683417085426,0
41,1,5,2,1,3,0,31,3,3,1,0.32274614014880115,1379,10735.0,0.676,0.19662181505868878,90,0.837,0.11457286432160803,0
35,1,2,3,2,0,0,36,4,2,3,0.7845376190001119,1250,26139.0,0.641,0.127340395075866,60,0.463,0.046231155778894466,0
38,1,3,2,2,1,0,20,1,3,3,0.2735286915353849,1544,8942.0,0.716,0.20108789006584596,77,0.925,0.14773869346733667,0
48,0,2,0,1,4,0,44,5,1,3,0.09467707851513257,2439,2131.0,0.693,0.0566847981677641,34,0.7,0.5366834170854271,0
47,1,5,2,2,3,0,39,6,2,3,0.35681743289285534,0,13241.0,1.002,0.15041511594617804,76,0.551,0.0,0
46,1,4,2,1,3,0,36,2,1,1,0.022150875060841603,1043,1128.0,0.7,0.22908674491840822,88,0.833,0.48241206030150746,0
37,1,2,2,2,1,0,26,4,1,2,0.06728702418850163,1449,2215.0,0.712,0.22233037503578582,65,0.548,0.3969849246231156,0
49,0,3,1,1,4,0,29,3,4,2,0.1701357712295595,0,7066.0,0.479,0.06670483824792442,38,0.31,0.0,1
55,1,3,2,1,3,0,36,3,2,3,0.7388572966076844,1733,24145.0,0.438,0.07139994274262812,54,0.862,0.06733668341708543,0
48,0,3,2,1,1,3,40,5,3,4,0.529864531088921,2262,16703.0,0.592,0.14520469510449469,69,0.816,0.11959798994974873,0
58,1,2,2,0,2,0,36,6,1,1,0.0015629865438044413,1069,421.0,0.84,0.1866590323504151,85,0.889,0.7206030150753768,0
42,0,3,2,1,4,0,31,3,1,4,0.19117713746723625,1319,6443.0,0.793,0.26470083023189234,77,0.75,0.1708542713567839,0
42,1,1,3,1,1,0,32,4,2,2,0.04137833041596,1845,962.0,1.027,0.04672201545949041,26,1.0,0.6603015075376885,0
53,0,3,5,1,4,0,36,6,2,2,0.03049486512060997,1558,889.0,0.511,0.06790724305754366,38,0.462,0.6402010050251256,0
49,0,0,2,1,4,0,39,1,3,3,0.10713259990869983,2517,2465.0,0.903,0.5006584597766962,65,0.857,0.507537688442211,1
39,0,2,5,2,4,0,36,3,2,3,0.028167012821326755,2031,339.0,0.889,0.19868308044660749,79,0.975,0.8613065326633165,0
49,1,2,2,1,2,0,43,4,4,4,0.42139266031193223,1516,13861.0,0.627,0.07546521614657888,49,1.042,0.09949748743718592,0
46,0,3,2,1,4,0,35,3,3,4,0.18561447742739068,1794,5784.0,0.62,0.27472087031205267,78,0.625,0.2381909547738693,0
44,0,1,3,2,4,0,36,3,3,3,0.14271548505488593,1640,4519.0,0.619,0.7436014886916691,106,0.656,0.26733668341708544,0
55,0,4,2,1,1,0,41,4,3,3,0.051929245382841015,2517,639.0,1.516,0.08937875751503006,48,0.778,0.8020100502512563,0
41,1,2,3,2,3,0,28,4,3,0,0.7956327072317604,1789,25967.0,0.75,0.026567420555396504,24,0.846,0.064321608040201,0
55,0,4,2,1,1,0,41,1,1,3,0.0,0,1438.3,0.861,0.24935585456627538,88,0.63,0.0,0
48,1,4,2,1,2,0,36,4,3,3,0.005553590485432788,1249,373.0,0.585,0.20807328943601486,66,0.61,0.7738693467336683,0
43,0,4,2,1,4,0,30,4,1,3,0.10250712715817606,1153,3676.0,0.534,0.24322931577440596,65,0.97,0.2402010050251256,0
29,1,1,2,1,1,3,20,3,1,2,0.4552220982716453,1409,15087.0,0.677,0.9267105639851131,126,0.703,0.08542713567839195,0
50,0,2,2,2,4,0,36,3,2,2,0.06677308277177676,2517,1130.0,0.842,0.1377039793873461,58,0.933,0.693467336683417,1
39,1,1,2,2,1,0,33,3,3,4,0.019641631673302566,975,1113.0,1.144,0.1337532207271686,59,0.735,0.4693467336683417,1
42,1,3,2,1,3,0,36,1,3,0,0.8555522300522709,2370,27368.0,0.806,0.7867162897223018,97,0.902,0.08040201005025126,0
53,0,1,2,2,4,0,36,3,2,4,0.08612146551906574,0,4287.0,0.294,0.0632693959347266,41,0.242,0.0,1
47,0,5,2,1,4,0,39,3,3,4,0.17201014580820312,1560,5568.0,0.573,0.05370741482965932,44,0.76,0.2201005025125628,0
43,1,4,2,1,1,0,37,3,2,3,0.2830214918207735,1491,9309.0,0.543,0.19673632980246206,77,0.638,0.13869346733668342,0
47,0,3,3,1,4,0,36,5,3,3,0.041831808136599584,0,2822.0,0.681,0.2596049241339823,74,0.85,0.0,0
49,0,3,2,1,4,0,38,6,3,2,0.022574120933438545,0,2185.0,0.727,0.01059261379902662,20,0.818,0.0,1
65,1,0,1,2,4,0,52,3,3,4,0.06761957451697065,0,3675.0,0.664,0.18711709132550813,53,0.472,0.0,0
43,1,3,2,2,2,0,30,3,2,4,0.5524174897287296,0,19711.0,1.037,0.17589464643572858,72,1.0,0.0,0
45,1,3,5,1,3,0,33,2,3,3,0.23776441530094297,1580,7723.0,0.877,0.4176925279129688,87,0.45,0.1708542713567839,0
45,0,0,1,1,1,3,36,1,1,3,0.5341574535109757,933,18174.0,0.88,0.48422559404523335,89,0.561,0.04924623115577889,0
53,0,3,0,1,1,0,33,4,3,3,0.11209062298769262,1618,3528.0,1.073,0.08159175493844832,44,0.76,0.31557788944723614,0
59,0,1,2,1,4,0,36,5,1,3,0.03575520668002915,2486,135.0,0.755,0.25336387059833954,78,0.733,0.9527638190954772,0
46,0,1,2,1,4,0,36,2,3,2,0.03131112501776121,2143,331.0,1.53,0.05788720297738334,40,1.0,0.8703517587939698,0
37,1,1,3,1,1,0,28,3,4,2,0.06538241776181536,1236,2365.0,0.726,0.07283137703979388,34,0.478,0.34472361809045227,0
48,0,3,5,2,4,0,36,3,3,3,0.0,965,473.3,0.544,0.20910392212997422,81,0.723,0.6743718592964824,0
47,1,5,0,1,0,0,34,3,1,2,0.4886887540548467,1063,16540.0,1.065,0.1358144861150873,64,0.641,0.06030150753768843,0
48,1,1,2,1,4,0,43,5,3,3,0.1741566070192305,1031,6168.0,1.212,0.20103063269395932,73,0.698,0.1437185929648241,0
40,1,5,2,1,3,0,22,6,1,4,0.07871466274861916,1744,2298.0,0.582,0.05387918694531921,37,0.542,0.4331658291457286,0
49,0,2,2,1,4,0,39,2,3,3,0.041801576288556956,1995,826.0,0.62,0.4403091898081878,103,0.635,0.7105527638190954,0
44,1,3,3,1,0,0,36,2,3,2,0.19211432475655807,2270,5523.0,0.945,0.442599484683653,54,0.5,0.2924623115577889,1
54,0,3,2,2,4,0,44,3,2,3,0.019309081344833535,1634,443.0,0.771,0.21540223303750355,66,0.833,0.7909547738693467,0
44,1,3,2,1,0,0,31,2,2,3,0.07674959262584763,1325,2652.0,0.769,0.2030346407099914,62,0.632,0.3346733668341708,0
51,0,1,2,2,4,0,41,4,2,3,0.22558098053975942,798,8102.0,0.647,0.927970226166619,88,0.66,0.09045226130653265,0
49,0,2,3,2,4,0,43,4,1,2,0.06347781133512911,0,3538.0,0.481,0.04208416833667335,38,0.462,0.0,0
47,1,3,1,2,4,0,35,4,3,2,0.012204597054813367,0,1842.0,0.726,0.2081305468079015,67,0.634,0.0,0
47,1,4,1,1,2,0,36,4,1,1,0.5510268247187683,706,18959.0,1.317,0.03320927569424563,58,0.349,0.03618090452261306,0
46,0,4,2,1,1,0,39,5,3,3,0.0,819,619.3,0.786,0.11210993415402233,44,0.692,0.571859296482412,1
31,0,0,5,2,4,0,36,4,2,0,0.11949742575813918,0,5391.0,1.075,0.08250787288863441,56,0.6,0.0,0
57,0,4,3,2,4,0,36,3,6,3,0.0894167369557134,834,3562.0,0.66,0.24597766962496417,88,0.913,0.19095477386934673,0
37,0,2,2,2,4,0,36,3,2,3,0.002893187857680557,0,1534.0,0.642,0.11829373031777841,39,0.393,0.0,1
53,0,3,4,0,4,0,48,5,2,2,0.3279460180121351,997,11289.0,0.726,0.2536501574577727,83,0.729,0.0814070351758794,0
39,0,1,2,1,4,0,36,3,4,1,0.15876859636552726,1912,4778.0,0.609,0.19152590896077867,60,0.538,0.2874371859296482,0
41,0,3,2,1,4,0,33,3,3,3,0.033366890684660665,0,2542.0,0.587,0.20366447180074432,73,0.78,0.0,0
55,0,1,5,2,4,0,49,3,4,3,0.05604077671663992,0,3292.0,0.482,0.09687947323217865,54,0.636,0.0,1
40,0,3,2,2,4,0,31,4,2,3,0.017464938614232553,978,1038.0,0.736,0.22038362439164041,78,0.95,0.4874371859296482,0
48,0,3,2,1,4,0,36,3,3,2,0.09047485163720576,2517,1914.0,0.499,0.0947609504723733,48,0.371,0.5708542713567838,1
39,0,3,5,2,4,0,25,5,3,3,0.082916889626546,1604,2577.0,0.659,0.19610649871170913,74,0.574,0.385929648241206,0
37,1,2,1,1,1,0,29,3,3,2,0.01117671422136364,1009,799.0,0.796,0.06951044947036931,35,0.944,0.5608040201005026,0
47,0,3,5,0,1,0,30,5,3,2,0.13394824912252062,2517,3352.0,0.505,0.20818780417978813,85,0.809,0.4311557788944723,0
43,1,1,2,2,2,0,31,4,3,1,0.025536842041617165,1470,813.0,0.935,0.26166618952190096,76,0.689,0.6472361809045226,0
36,1,4,2,1,3,0,36,5,3,1,0.024901973232721746,1450,812.0,0.735,0.2053249355854566,84,0.787,0.6442211055276381,0
53,0,2,2,2,1,0,36,2,3,2,0.020639282658709644,0,2121.0,0.618,0.0534783853421128,32,0.778,0.0,1
38,1,2,2,1,3,0,33,4,3,2,0.442010780677012,618,15441.0,0.824,0.04735184655024334,26,1.0,0.03819095477386934,0
49,0,2,3,1,4,0,45,6,2,5,0.2090441596604359,1535,6818.0,1.323,0.21013455482393356,83,0.804,0.18492462311557786,0
47,0,5,1,2,4,0,36,4,1,4,0.7704495778122421,2461,24462.0,0.602,0.7508159175493845,94,0.918,0.09145728643216079,0
45,0,4,4,2,1,0,35,3,5,2,0.01244645183915448,621,1229.0,0.682,0.212081305468079,74,0.682,0.33768844221105526,0
49,1,5,4,2,1,3,36,6,1,2,0.4258669738222428,1299,14226.0,0.452,0.20108789006584596,78,0.95,0.08442211055276382,0
35,0,2,2,1,4,0,36,5,2,4,0.12418336220474824,1829,3717.0,0.673,0.0709991411394217,46,1.0,0.3316582914572864,0
52,1,2,2,1,2,0,41,4,3,3,0.03596682961632763,2195,433.0,0.635,0.17623819066704838,68,0.417,0.8391959798994973,0
43,0,3,5,2,4,0,25,2,3,3,0.005372199397176952,966,650.0,0.647,0.2430002862868594,74,0.805,0.601005025125628,0
44,1,0,3,2,1,0,33,5,1,3,0.027169361835919677,1442,895.0,0.659,0.1955339249928428,65,0.548,0.6201005025125628,0
44,0,3,3,2,4,0,37,3,2,2,0.2138510234992155,1471,7041.0,0.867,0.20188949327225877,81,0.841,0.1738693467336683,0
56,1,1,5,1,3,0,40,6,1,1,0.48406328130432286,2193,15257.0,0.419,0.05130260521042085,38,0.462,0.12663316582914572,0
64,0,0,2,2,4,0,56,4,2,3,0.025869392370086196,1582,712.0,0.775,0.1958774692241626,79,0.881,0.693467336683417,0
35,1,2,2,1,3,0,36,5,2,2,0.08977951913222504,1463,2945.0,0.728,0.08422559404523332,49,0.485,0.3336683417085427,0
65,1,1,2,2,4,0,56,5,3,2,0.18736792461386376,0,7636.0,0.801,0.19181219582021183,67,0.811,0.0,0
48,0,2,2,2,4,0,29,6,1,2,0.24535260915964532,2337,7217.0,0.79,0.20148869166905237,71,0.69,0.24623115577889446,0
62,1,1,5,1,2,0,36,6,3,3,0.24435495817423827,1669,7852.0,1.308,0.10959060979101058,63,0.4,0.1758793969849246,0
45,0,2,2,1,4,0,31,2,1,2,0.015348709251247823,1183,763.0,0.806,0.4519324363011738,82,0.708,0.6110552763819095,0
44,1,3,2,2,2,0,31,4,3,4,0.3456316491170789,758,12113.0,0.778,0.14486115087317492,60,1.069,0.05929648241206029,0
45,0,3,0,1,4,0,35,3,2,2,0.008425616049483498,1156,561.0,0.647,0.21591754938448324,64,0.641,0.6763819095477387,0
58,1,1,0,2,3,0,45,5,3,4,0.012567379231325039,1480,374.0,0.853,0.15814486115087314,73,0.921,0.8020100502512563,0
43,1,1,4,1,2,0,37,4,3,4,0.08083089211160391,1128,2984.0,0.587,0.22421986830804466,75,0.667,0.27537688442211056,0
58,1,2,3,2,2,3,49,4,3,3,0.8690960979753731,0,30186.0,0.606,0.20269109647867162,74,0.574,0.0,0
48,0,4,2,1,4,0,36,4,3,3,0.03935279659710319,2425,315.0,0.816,0.1088462639564844,46,0.394,0.8894472361809045,1
48,0,3,2,0,4,0,41,3,4,3,0.19413985857541488,0,7860.0,0.598,0.17074148296593183,76,0.617,0.0,0
45,1,2,2,1,0,3,38,4,2,3,1.0000000000000002,1406,33110.0,1.261,0.16100772974520466,63,0.969,0.04120603015075377,0
47,0,4,0,1,4,0,38,3,2,1,0.0,0,1438.3,0.68,0.2274835385055826,89,0.978,0.0,0
42,0,3,0,2,1,0,35,2,3,3,0.1478851310701772,1573,4757.0,0.899,0.14308617234468937,52,0.733,0.24924623115577887,0
35,1,2,5,2,2,0,30,6,3,3,0.6123974762453254,1257,20438.0,0.793,0.09939879759519037,74,0.48,0.05829145728643216,0
59,0,2,3,1,4,0,48,6,1,1,0.02719959368396232,1566,772.0,0.533,0.19662181505868878,69,0.5,0.6733668341708543,0
43,0,4,2,1,4,0,29,6,3,3,0.07040090453689343,976,2791.0,1.021,0.15075866017749784,60,0.818,0.26030150753768844,0
51,1,3,2,2,3,0,36,4,1,2,0.12614843232751977,0,5611.0,0.697,0.9176638992270255,120,0.622,0.0,0
46,1,4,3,0,1,3,36,2,2,3,0.41102313643330707,1356,13678.0,0.754,0.4126538791869453,84,0.75,0.09045226130653265,0
50,1,0,3,2,0,3,45,5,2,3,0.4081208790212137,2303,12635.0,0.804,0.02399083882049814,27,2.0,0.15477386934673365,0
58,0,2,3,2,1,0,36,3,3,3,0.17938671673060705,1210,6162.0,0.946,0.06739192671056399,56,0.514,0.16482412060301507,0
46,1,2,3,1,1,0,32,4,3,2,0.03569474298394388,2271,348.0,0.61,0.18923561408531347,60,0.818,0.8713567839195979,0
42,0,5,3,1,4,0,30,3,1,4,0.06468708525683467,0,3578.0,0.759,0.02776982536501574,36,0.44,0.0,1
52,1,2,2,0,2,0,34,2,1,1,0.10202341758949385,0,4813.0,0.693,0.3977669624964214,91,0.655,0.0,0
38,0,1,3,1,4,0,31,2,6,3,0.059789525873927156,2517,899.0,0.925,0.7844259948468365,105,0.78,0.7407035175879396,0
26,0,1,2,2,4,0,36,4,3,3,0.03382036840530025,1990,567.0,0.575,0.09939879759519037,57,0.357,0.7819095477386935,0
41,1,3,2,1,2,3,29,1,3,4,0.8013465265118191,0,27945.0,0.902,0.4474663612940166,70,1.059,0.0,1
42,0,4,5,1,4,0,23,3,2,3,0.05368269256931408,0,3214.0,0.435,0.09098196392785571,44,0.517,0.0,1
53,0,3,1,1,4,0,33,6,2,1,0.02469035029642328,1647,608.0,0.848,0.2141425708559977,76,0.767,0.7336683417085427,0
40,1,3,2,1,2,0,36,6,2,2,0.4102371083841984,0,15008.0,0.784,0.19541941024906956,85,0.771,0.0,0
45,0,2,3,1,4,0,36,4,1,3,0.00609776375020029,999,641.0,0.811,0.23286573146292586,77,0.878,0.6120603015075377,0
34,1,4,4,2,3,0,26,3,3,2,0.11069995797773124,1786,3314.0,1.06,0.10563985113083309,63,0.575,0.3517587939698492,0
59,1,1,1,2,2,0,49,5,2,4,0.2571430298962745,1606,8338.0,0.62,0.15052963068995132,69,0.568,0.1628140703517588,0
41,0,2,4,1,4,0,31,6,1,3,0.5840702346293727,0,20758.0,0.688,0.05868880618379617,32,0.684,0.0,0
37,1,1,3,2,2,0,21,3,2,2,0.6201670611922836,1600,20352.0,0.878,0.20366447180074432,70,0.628,0.07336683417085427,0
52,1,3,2,1,0,0,47,5,3,3,0.2916678003609683,2207,8879.0,0.869,0.05685657028342399,40,1.105,0.19999999999999998,0
35,1,2,3,1,2,0,36,4,2,4,0.5347620904718284,1880,17247.0,0.788,0.0760950472373318,33,0.571,0.09849246231155778,0
41,1,3,4,1,3,0,33,3,2,3,0.18600749145194498,0,7591.0,0.648,0.10146006298310907,42,0.5,0.0,1
46,1,3,3,1,2,0,36,4,3,1,0.09848629136850509,0,4696.0,0.732,0.24609218436873745,62,1.583,0.0,0
42,0,2,2,2,4,0,32,2,2,2,0.014955695226693516,1127,806.0,0.705,0.2463784712281706,71,0.69,0.585929648241206,0
54,0,2,2,2,4,0,43,3,2,1,0.01755563415836047,1387,632.0,0.56,0.06636129401660464,36,0.714,0.6904522613065327,0
34,1,3,2,1,3,0,24,6,3,3,0.21735791787216166,1500,7128.0,0.688,0.1358144861150873,60,0.818,0.17487437185929647,0
41,1,4,0,1,0,0,28,5,3,0,0.8036139151150171,1470,26550.0,1.226,0.06830804466075008,36,1.25,0.05226130653266331,0
50,1,2,2,1,0,1,35,4,5,3,1.0000000000000002,668,33848.0,0.894,0.19473232178643,77,0.791,0.01909547738693467,0
50,0,3,5,1,4,0,43,6,2,1,0.053229214848674496,2517,682.0,0.699,0.22633839106784995,87,0.776,0.7909547738693467,0
38,1,2,2,2,2,0,33,2,3,2,0.3456316491170789,0,12871.0,0.598,0.10781563126252504,53,0.606,0.0,1
48,0,4,3,1,4,0,37,1,2,3,0.06556380885007121,0,3607.0,0.504,0.08491268250787289,35,0.458,0.0,1
47,0,3,2,1,4,0,33,1,3,4,0.06060578577107841,0,3443.0,0.832,0.11308330947609506,45,0.452,0.0,1
36,1,1,5,2,3,0,30,4,2,5,0.3496827167547925,2152,10853.0,1.424,0.14274262811336957,53,0.767,0.1658291457286432,0
46,0,2,0,2,4,0,33,2,3,1,0.022060179516713678,1334,834.0,0.622,0.2011451474377326,73,0.738,0.6180904522613064,0
58,0,0,3,1,4,0,36,3,2,2,0.18077738174056845,396,7022.0,0.826,0.02181505868880618,26,1.0,0.05326633165829145,1
51,1,3,2,2,2,3,36,3,2,2,0.853284841449073,1743,27920.0,0.667,0.8077870025765818,93,0.722,0.05929648241206029,0
46,0,3,3,1,1,0,34,2,3,2,0.21599748471024285,0,8583.0,0.358,0.07237331806470083,31,0.292,0.0,1
53,1,1,2,1,2,3,44,5,2,1,0.7535802066044496,680,25685.0,0.498,0.1649584884053822,68,0.789,0.026130653266331655,0
27,0,1,3,1,4,0,15,2,1,2,0.18231920599074303,0,7469.0,0.688,0.9275694245634125,122,0.718,0.0,0
45,0,3,3,2,1,0,26,3,2,4,0.07847280796427805,1867,2167.0,0.656,0.1825365015745777,72,0.756,0.4653266331658291,0
36,0,3,3,1,4,0,26,6,1,4,0.08745166683294184,1445,2886.0,1.07,0.0872029773833381,33,1.75,0.335678391959799,0
46,1,4,2,1,3,0,39,3,3,2,1.0000000000000002,289,34227.0,0.95,0.48290867449184083,76,1.054,0.008040201005025125,1
61,0,0,3,1,4,0,47,1,3,4,0.0813750653763714,0,4130.0,0.814,0.1081019181219582,57,0.781,0.0,1
42,0,5,2,2,4,0,36,4,2,2,0.21239989479316881,1002,7462.0,0.598,0.21168050386487258,92,0.84,0.11859296482412059,0
49,0,2,2,1,1,0,42,6,1,4,0.10613494892329275,1495,3454.0,0.791,0.17560835957629542,64,0.684,0.30351758793969846,0
40,1,4,3,1,2,0,36,6,3,3,0.13177155606345062,1779,4018.0,0.785,0.09166905239049528,33,0.571,0.3085427135678392,0
54,1,3,2,1,0,0,44,2,1,3,1.0000000000000002,862,33654.0,0.815,0.8304609218436874,111,0.762,0.025125628140703515,0
44,0,5,2,1,4,0,39,6,3,2,0.0032257381861495876,0,1545.0,0.749,0.12115659891210993,39,0.444,0.0,1
52,1,2,4,1,2,0,45,4,1,4,0.3138277449762227,929,10890.0,0.773,0.1088462639564844,46,0.484,0.0793969849246231,0
33,1,1,0,1,1,0,14,3,2,2,0.16046157985591503,1750,4996.0,0.962,0.13924992842828512,54,0.862,0.26030150753768844,0
36,0,1,2,2,4,0,24,2,1,2,0.008969789314250999,0,1735.0,0.74,0.11090752934440308,35,0.346,0.0,1
35,0,2,5,2,4,0,29,3,1,1,0.029769300767586625,0,2423.0,0.663,0.2359576295448039,69,0.568,0.0,0
52,1,2,3,2,2,0,39,3,3,4,0.40917899370270605,0,14973.0,0.706,0.21517320354995703,72,0.6,0.0,0
53,1,1,2,2,1,0,45,1,2,1,0.05428732953016686,1514,1720.0,0.846,0.7599770970512454,100,0.695,0.47035175879396984,0
51,0,2,2,2,4,0,36,3,2,2,0.012688306623495592,1071,787.0,0.611,0.22089894073862007,66,0.535,0.5788944723618089,0
34,1,3,5,0,0,0,28,4,3,3,0.23404589799169837,1814,7366.0,0.628,0.12115659891210993,49,0.633,0.19899497487437184,0
42,0,1,2,2,4,0,36,4,3,1,0.06520102667355954,1904,1691.0,0.891,0.25737188663040367,84,0.647,0.5326633165829145,0
57,0,3,2,1,4,0,47,6,3,1,0.11447893898306111,2290,2935.0,0.962,0.21236759232751215,69,0.683,0.4402010050251256,0
54,1,1,3,2,3,0,36,1,2,3,0.3438782019306058,1998,10815.0,0.837,0.41643286573146293,81,0.688,0.15678391959798993,0
59,1,1,5,1,2,0,36,4,3,3,0.06964510833582746,1175,2567.0,0.514,0.05582593758946465,31,0.824,0.31557788944723614,0
42,0,4,2,1,4,0,30,4,2,3,0.22186246323051487,1668,7109.0,0.85,0.20675636988262236,83,0.66,0.19095477386934673,0
35,0,3,2,2,4,0,27,3,3,2,0.13125761464672575,938,4842.0,0.988,0.13913541368451188,65,0.757,0.1628140703517588,0
42,0,3,2,2,4,0,37,6,1,3,0.1516036483794218,0,6453.0,0.76,0.24574864013741768,74,0.609,0.0,0
48,1,2,2,1,1,0,43,5,2,2,0.009755817363359613,1249,512.0,0.936,0.22215860292012593,73,0.622,0.7125628140703517,0
26,1,0,2,2,4,0,19,4,1,2,0.0,0,1438.3,0.472,0.08445462353277984,47,0.469,0.0,0
48,0,3,2,0,4,0,31,5,2,4,0.0,0,1438.3,0.5,0.07827082736902376,58,0.706,0.0,1
40,1,3,4,2,3,0,36,4,4,3,0.2273344277262325,0,8958.0,0.483,0.09166905239049528,43,0.387,0.0,1
54,1,3,3,2,3,0,47,3,1,2,0.45516163457555997,1348,15146.0,0.759,0.044202691096478675,36,0.385,0.08241206030150754,0
30,0,0,4,2,4,0,18,6,3,2,0.020971832987178675,797,1335.0,0.779,0.15659891210993412,74,0.574,0.37587939698492456,0
54,0,5,2,2,4,0,49,2,3,2,0.0011397406712074926,0,1476.0,0.699,0.22513598625823075,75,0.786,0.0,0
52,0,3,2,1,1,0,47,3,2,0,0.03938302844514583,1639,1102.0,0.644,0.26034926996850843,87,0.74,0.601005025125628,0
43,0,4,3,2,1,0,36,3,3,2,0.10471405206528872,2517,2385.0,0.982,0.22776982536501575,69,0.643,0.5155778894472361,0
40,1,2,3,1,0,0,27,5,3,1,0.3267972077865148,1323,10925.0,0.882,0.2448325221872316,91,0.896,0.10854271356783919,0
48,1,3,2,2,3,3,37,3,2,3,1.0000000000000002,0,34516.0,0.448,0.0338963641568852,13,0.182,0.0,0
41,1,2,5,1,3,1,33,5,3,2,1.0000000000000002,1642,32874.0,0.891,0.20790151732035497,71,0.868,0.04824120603015075,0
51,0,0,2,1,4,0,42,5,3,2,0.012688306623495592,925,933.0,1.056,0.17921557400515314,72,0.6,0.500502512562814,0
48,0,2,5,2,1,0,34,2,3,1,0.049389770147259336,1734,1338.0,0.754,0.22960206126538787,78,0.857,0.5668341708542712,0
44,1,3,0,1,2,0,33,6,3,2,0.42414375848381236,1187,14281.0,0.93,0.2263956484397366,81,0.841,0.07738693467336683,0
46,0,4,2,1,1,0,34,5,3,1,0.08204016603330946,1446,2706.0,0.826,0.09665044374463212,30,0.304,0.34974874371859294,1
52,0,2,3,1,4,0,44,6,3,2,0.06099879979563271,2219,1237.0,0.636,0.04592041225307758,24,0.5,0.6452261306532663,0
43,1,3,2,1,2,0,32,4,1,3,0.031371588713846495,1944,532.0,0.881,0.20011451474377323,65,0.585,0.7889447236180904,0
38,0,1,0,1,4,0,32,2,3,3,0.035392424503517476,1259,1350.0,0.871,0.4664758087603779,96,0.627,0.4854271356783919,0
50,0,0,4,0,4,0,36,3,4,1,0.061361581972144384,2221,1247.0,0.783,0.7839679358717435,122,0.627,0.6432160804020101,0
37,1,3,5,1,2,0,26,6,2,1,0.39442585185789825,2124,12361.0,0.527,0.1926710563985113,87,0.776,0.14773869346733667,0
42,1,4,3,2,3,0,28,3,3,3,0.015288245555162547,1804,140.0,0.723,0.23773260807328941,90,0.667,0.9326633165829146,0
40,0,4,2,2,4,0,27,6,2,3,0.06991719496821122,1521,2230.0,0.974,0.030346407099914114,30,1.308,0.40703517587939697,0
44,0,3,2,1,4,3,36,2,3,3,1.0000000000000002,941,33575.0,0.659,0.6591468651588892,117,0.857,0.027135678391959798,0
55,1,1,5,2,1,0,49,6,3,2,0.00014208968580040754,1375,68.0,0.683,0.08365302032636703,38,0.583,0.957788944723618,0
38,0,3,0,1,4,0,36,1,2,3,0.056191935956853116,1554,1743.0,0.605,0.23509876896650442,86,0.72,0.4733668341708542,0
44,0,4,3,2,4,0,36,1,3,3,0.04793864144121266,0,3024.0,0.75,0.2549670770111652,78,0.733,0.0,0
41,0,4,2,1,4,0,36,6,2,2,0.006551241470839873,0,1655.0,0.496,0.09310048668766104,37,0.194,0.0,1
45,0,4,2,1,4,0,34,5,4,2,0.03149251610601705,1890,590.0,0.652,0.20521042084168334,66,0.737,0.7658291457286431,0
42,0,2,2,1,4,0,36,2,3,3,0.0,0,1438.3,0.663,0.1081019181219582,48,0.778,0.0,1
38,1,2,0,1,1,0,25,4,1,4,0.06943348539952901,1199,2536.0,0.886,0.05971943887775551,35,0.75,0.32261306532663314,0
59,1,1,2,2,0,0,53,6,2,2,1.0000000000000002,0,34516.0,0.711,0.21774978528485542,70,0.628,0.0,0
40,1,2,0,2,3,0,36,5,1,4,0.39620953089241395,0,14544.0,0.768,0.20234755224735182,92,0.769,0.0,0
35,1,0,3,2,3,1,29,6,2,3,1.0000000000000002,1965,32551.0,1.044,0.13850558259375892,70,1.0,0.057286432160804014,0
40,0,3,5,1,4,0,30,2,5,2,0.03152274795405969,2119,362.0,0.801,0.4332665330661323,88,0.63,0.8582914572864321,0
53,0,4,2,1,4,0,46,6,3,3,0.0904446197891631,1579,2851.0,0.836,0.2463784712281706,82,0.673,0.35778894472361805,0
56,0,1,3,1,1,0,36,2,1,3,0.20837905900349787,0,8331.0,0.705,0.7898081878041798,103,0.689,0.0,0
40,1,5,2,1,3,0,33,4,2,4,1.0000000000000002,1501,33015.0,0.813,0.16249642141425708,64,0.641,0.04321608040201004,0
63,0,0,2,1,4,0,36,4,1,4,0.06390105720772607,2517,1035.0,0.465,0.04649298597194389,26,1.0,0.7125628140703517,0
52,1,2,0,1,3,0,36,6,3,4,0.04125740302378945,778,2025.0,0.55,0.1495562553678786,64,0.561,0.2793969849246231,0
46,0,4,2,1,4,0,38,3,2,3,0.4648660577972471,0,16815.0,0.938,0.14005153163469794,65,0.512,0.0,0
36,1,1,5,0,3,0,28,4,1,3,1.0000000000000002,774,33742.0,0.989,0.14314342971657598,74,0.805,0.022110552763819093,0
40,0,3,1,1,4,0,21,5,2,2,0.008758166377952521,0,1728.0,0.41,0.0951044947036931,38,0.357,0.0,1
57,1,2,2,2,4,0,39,3,4,3,0.06084764055541952,0,3451.0,0.744,0.14320068708846262,57,0.676,0.0,0
53,0,0,2,2,4,0,40,4,1,4,0.0,0,1438.3,0.503,0.08496993987975952,53,0.472,0.0,1
59,0,0,0,1,4,0,51,6,1,0,0.0,0,1438.3,0.715,0.24546235327798452,81,0.688,0.0,0
48,1,3,0,1,4,0,37,4,3,3,0.05643379074119422,2517,788.0,0.766,0.08571428571428572,57,1.036,0.7658291457286431,0
41,1,3,2,2,2,0,28,4,1,3,0.4536198103253854,1363,15080.0,0.688,0.21311193816203836,64,0.684,0.08341708542713568,0
59,1,1,3,2,2,0,45,4,2,4,0.0757217097923979,2517,1426.0,0.467,0.17160034354423132,59,0.788,0.6412060301507537,0
35,0,2,0,1,1,0,24,4,1,3,0.045368934357588354,1865,1074.0,0.932,0.08857715430861723,47,0.679,0.6381909547738693,0
42,0,3,0,2,1,0,30,6,3,2,0.12049507674354629,1812,3612.0,0.513,0.06321213856283997,44,0.76,0.335678391959799,0
44,0,2,2,2,4,0,37,4,3,3,0.20224199385084213,2344,5784.0,0.788,0.21305468079015172,80,1.051,0.28944723618090445,0
51,1,1,3,2,2,0,45,3,3,4,0.030827415449079,0,2458.0,0.819,0.16301173776123673,54,0.929,0.0,0
54,1,1,0,1,2,0,42,3,2,2,0.04682006306363503,2517,470.0,0.479,0.06223876324076724,35,0.75,0.8472361809045225,0
51,1,4,2,2,3,3,42,6,4,2,1.0000000000000002,230,34286.0,1.004,0.46372745490981965,65,0.548,0.007035175879396984,1
52,1,2,5,2,0,0,36,3,2,1,0.0323087760031683,1259,1248.0,0.85,0.2250787288863441,73,0.921,0.5045226130653266,0
36,0,2,2,1,4,0,36,5,2,4,0.050568812220922264,2517,594.0,0.646,0.10518179215574004,41,0.519,0.8130653266331658,1
39,1,2,3,2,4,0,32,4,1,4,0.09023299685286465,1643,2780.0,0.724,0.8552533638705984,112,0.623,0.3728643216080402,0
52,0,1,3,1,4,0,36,2,2,2,0.024629886600337998,1981,272.0,0.55,0.24208416833667332,81,0.723,0.8834170854271356,0
51,0,2,3,1,4,0,33,2,1,3,0.12657167820011672,1640,3985.0,0.893,0.42141425708559976,75,0.875,0.29346733668341707,0
45,0,3,2,1,4,0,28,5,1,2,0.0331552677483622,2440,95.0,1.705,0.04477526481534498,20,1.222,0.9678391959798994,0
47,1,3,3,1,1,0,41,6,3,4,0.15882906006161251,1897,4795.0,1.035,0.1930718580017177,76,0.689,0.2844221105527638,0
37,1,4,1,2,2,0,31,6,3,0,0.007972138328843907,1018,684.0,0.645,0.21591754938448324,86,0.72,0.601005025125628,0
49,0,1,4,0,1,0,44,6,5,2,0.03502964232700582,1871,726.0,0.899,0.17789865445176065,69,0.725,0.7236180904522612,0
41,1,2,2,2,2,0,28,2,1,1,0.17699840073523856,993,6300.0,0.507,0.24609218436873745,82,0.64,0.13668341708542714,0
50,1,1,2,2,0,0,37,4,3,2,0.940957200772726,0,32563.0,1.013,0.49756656169481817,81,0.884,0.0,1
36,1,3,2,1,2,0,27,4,3,2,0.331301753144868,1001,11396.0,0.756,0.07775551102204409,42,0.448,0.0814070351758794,0
47,0,2,3,1,4,0,36,4,2,2,0.05141530396611615,0,3139.0,0.728,0.2497566561694818,95,0.827,0.0,0
51,1,4,2,2,0,0,39,6,4,1,0.541503792585337,0,19350.0,0.982,0.23630117377612367,70,0.795,0.0,0
42,1,3,1,2,2,0,35,3,3,3,0.2989839075872869,1369,9959.0,0.585,0.0743773260807329,42,0.312,0.121608040201005,1
33,1,3,4,1,3,0,25,4,2,3,0.45334772369300164,2104,14330.0,0.955,0.06847981677640996,37,0.85,0.128643216080402,0
55,0,1,5,1,4,0,36,5,3,2,0.024781045840551193,2000,258.0,0.611,0.1127970226166619,42,0.68,0.8904522613065325,1
55,0,3,2,2,4,0,48,4,3,2,0.0764775059934639,1374,2594.0,0.703,0.23538505582593758,65,0.711,0.3477386934673366,0
50,1,3,5,2,3,0,36,5,2,3,0.7045139172312465,1676,23066.0,0.566,0.0444317205840252,31,0.55,0.06834170854271357,0
38,0,3,5,2,4,0,33,5,3,2,0.023208989742333964,2018,188.0,0.648,0.06922416261093615,35,0.667,0.9195979899497487,0
50,1,4,2,2,0,3,32,5,3,2,1.0000000000000002,0,34516.0,0.321,0.05439450329229889,37,0.276,0.0,1
43,1,2,5,2,0,0,33,5,3,1,0.8676147374212838,1368,28769.0,0.721,0.17131405668479815,74,0.897,0.045226130653266326,0
53,0,2,3,1,4,0,41,5,3,0,0.041136475631618895,1303,1496.0,0.763,0.1970226166618952,76,0.551,0.46834170854271356,0
54,0,2,2,2,4,0,48,6,1,4,0.15635004852211612,928,5682.0,0.894,0.16020612653879185,69,0.683,0.1407035175879397,0
43,0,4,0,1,1,0,39,4,1,3,0.0,0,1438.3,0.68,0.22891497280274833,83,1.128,0.0,0
37,1,2,5,2,2,0,36,4,2,2,0.30173500575916706,2517,8902.0,1.211,0.14142570855997708,70,1.059,0.22110552763819094,0
52,0,3,3,1,4,0,48,4,2,2,0.05132460842198824,1103,2033.0,0.812,0.22891497280274833,81,0.884,0.3537688442211055,0
41,1,2,4,1,1,0,36,2,1,3,0.27963552483999793,653,10035.0,0.682,0.7635843114801031,98,0.508,0.06130653266331658,0
57,1,0,1,1,2,0,36,3,1,2,0.11780444226775141,1206,4129.0,0.69,0.07523618665903235,49,0.75,0.22713567839195978,0
63,1,1,2,2,2,0,36,6,1,4,0.031069270233420106,0,2466.0,1.077,0.2020612653879187,66,0.65,0.0,0
53,0,2,4,1,1,0,40,5,1,4,0.02082067374696548,1995,132.0,0.374,0.047695390781563124,37,0.37,0.9427135678391958,0
46,1,4,2,2,2,0,40,5,2,1,0.32776462692387925,985,11295.0,0.841,0.21374176925279129,70,1.0,0.08040201005025126,0
47,0,5,2,1,4,0,40,5,1,3,0.045701484686057385,2000,950.0,0.882,0.24116805038648723,79,0.837,0.6814070351758794,0
46,0,4,3,1,4,0,30,3,1,3,0.13394824912252062,0,5869.0,0.852,0.26183796163756085,83,0.844,0.0,0
52,0,1,3,1,4,0,35,1,3,3,0.01574172327580213,1022,937.0,0.78,0.41895219009447465,65,0.857,0.5246231155778894,0
61,0,0,2,2,1,0,56,3,3,4,0.250401327782766,0,9721.0,0.826,0.0990552533638706,46,1.0,0.0,1
43,0,3,2,1,4,0,34,6,2,1,0.038899318876463605,2517,208.0,0.482,0.22330375035785857,66,0.692,0.928643216080402,0
52,0,3,5,2,4,0,44,3,3,2,0.026050783458342032,1598,702.0,0.813,0.2151159461780704,84,0.714,0.6984924623115577,0
